"lnp_id","size_nm","charge_mV","peg_mol_percent","ionizable_lipid_fraction","cholesterol_fraction","helper_lipid_fraction","targeting_ligand","mean_safety_score","mean_delivery","mean_adaptive_activation","mean_innate_activation","mean_cytokine_burden","mean_off_target_activation","pareto_optimal"
"LNP_0462",93.6129996087402,-1.00800178479403,0.399105833750218,0.477647912702742,0.431320381918687,0.091031705378571,1,0.833991523242452,3.05734284600617,4.21716886092531,1.43066348690998,1.54568017385732,0.508506710395598,TRUE
"LNP_0428",88.8204663759097,1.09363658819348,0.493633543048054,0.376300626226774,0.427976831045156,0.19572254272807,1,0.832007065094428,3.10227880334956,4.26416358131987,1.44258307740196,1.76318855234394,0.508962330678272,TRUE
"LNP_0449",85.8056963421404,-1.6948509356007,0.30026867967099,0.598698499676246,0.342006278828472,0.0592952214952825,1,0.822608856044919,3.02268642090659,4.20922519358256,1.43587291401684,1.53484820414719,0.828983338937024,TRUE
"LNP_0007",102.8105488047,0.721074412576854,0.409476848971099,0.504653408404807,0.345283777949371,0.150062813645822,1,0.819276448739016,3.01274788821228,4.16103095627753,1.51706616459124,1.75146468757902,0.30241017836827,TRUE
"LNP_0419",97.8456383803859,-2.32126656919718,0.40911775957793,0.516176699840256,0.345445278826466,0.138378021333278,1,0.817815931877039,3.07229403903908,4.28927599900294,1.47316850308855,1.59636348811925,1.14533672648261,TRUE
"LNP_0109",91.0689776530489,-3.3800434274599,0.480289639346302,0.466218533053709,0.394831297601722,0.138950169344569,1,0.814701475497078,2.99069253380632,4.24340571222995,1.29065744004398,1.41019331822866,1.71379305628034,TRUE
"LNP_0364",80.8119554305449,-0.627616751007736,0.274638611916453,0.517230525633537,0.391734283551729,0.0910351908147338,1,0.814561321482523,2.91249068207175,4.13220797765326,1.50606118620348,1.59963304850823,0.308181239494147,TRUE
"LNP_0374",95.510805095546,0.547898812219501,0.345423847343773,0.515114624393842,0.400721801172917,0.0841635744332413,1,0.812139564838826,3.0172025090055,4.24182995253058,1.63048003387005,1.81090604901732,0.309157080887303,TRUE
"LNP_0017",74.608773435466,-0.90476737357676,0.323866031691432,0.406530058160932,0.458583185003285,0.134886756835784,1,0.803656257283718,2.79390751567274,3.97767656274668,1.42048230316008,1.49627370108319,0.459025976030297,TRUE
"LNP_0442",108.387233596295,-0.195516035892069,0.345106361154467,0.468929058018287,0.331895852477489,0.199175089504224,1,0.800625895492876,2.76484797363846,3.98502314479757,1.50310128703723,1.57338251451728,0.122754658163843,TRUE
"LNP_0467",73.0096920393407,0.965611478313804,0.46767194615677,0.492253285244461,0.29697368353357,0.210773031221969,1,0.799835849573105,2.91451707338865,4.09896972916346,1.50897645158859,1.87283988083806,0.489032957688293,TRUE
"LNP_0199",65.2346616843715,-1.42773817293346,0.487420371174812,0.499189116605839,0.349672881561079,0.151138001833082,1,0.788928181652389,2.6255647571851,3.76804470101352,1.28147724683229,1.34870486018931,0.714965632856699,TRUE
"LNP_0010",95.6614735303447,-3.17357432097197,0.2762132499367,0.54104059729743,0.319030594163241,0.139928808539329,1,0.785430548896069,2.82050962004629,4.06459364228549,1.39959457982816,1.48512058015252,1.53065752171843,TRUE
"LNP_0025",115.570579911582,0.376098467968404,0.424494939856231,0.58258254117628,0.297731865694883,0.119685593128837,1,0.780670614476418,2.63088424542508,3.86386225817945,1.47539955093735,1.6054937268424,0.278602061018502,TRUE
"LNP_0307",65.663685137406,-0.230090352706611,0.12936575897038,0.558826159402888,0.346078600106481,0.095095240490631,1,0.758182112072055,2.44149374966372,3.73058804408732,1.50280612269468,1.65531979280835,0.112366437602252,TRUE
"LNP_0080",61.1135424347594,-0.198730938136578,0.24217386841774,0.528099444345447,0.289141429274323,0.18275912638023,1,0.744065648454425,2.30564131736717,3.63261500021458,1.4979843524739,1.5788243061146,0.13372205109312,TRUE
"LNP_0071",125.447515863925,1.06627975124866,0.415363752655685,0.514057068585655,0.337953981772417,0.147988949641928,1,0.704721346287797,2.07283581926871,3.35498887455428,1.40015573661282,1.73876764882323,0.501171151944342,TRUE
"LNP_0256",128.529167128727,-0.203258967958391,0.446386833209544,0.534710248666578,0.334627889566723,0.130661861766699,0,0.590900451580262,1.26115886966556,2.34860282658121,1.40242297294626,1.54388344338222,0.684396511407187,TRUE
"LNP_0059",139.50453591533,0.196857987903059,0.215306481905282,0.460776373735029,0.414854539164513,0.124369087100457,1,0.573849863726178,0.983334267815726,2.50954415247176,1.49429287716652,1.6472293833374,0.180010311254628,TRUE
"LNP_0461",147.472580848262,0.163161694072187,0.483580158650875,0.556838496287352,0.269763949532615,0.173397554180033,1,0.516125668914118,0.53486152282388,1.94849306752482,1.44959934724553,1.60583094937189,0.117921340721144,TRUE
"LNP_0011",145.683334534988,-0.705724516883492,0.284839543141425,0.483861101137589,0.439104709760667,0.0770341891017439,1,0.504457631033552,0.479050173383681,1.93705798735269,1.47005286115892,1.56840757699841,0.35224503078679,TRUE
"LNP_0180",108.175009978004,-1.03713772259653,0.353958562016487,0.445144173552853,0.43156519854507,0.123290627902077,1,0.799514234702885,2.80196420299576,4.01112222640849,1.4500889158394,1.57231794374481,0.519761129736707,FALSE
"LNP_0079",85.1797909243032,1.33468165528029,0.267945685982704,0.430720612426444,0.460881131679279,0.108398255894277,1,0.797945107235541,2.90900016012907,4.16613537466305,1.5209434460945,1.87345527688528,0.61926995328827,FALSE
"LNP_0466",77.077801944688,1.38886549510062,0.445512916892767,0.526246112429754,0.380303940182633,0.0934499473876125,1,0.790927867201161,2.98366148357279,4.12291718413982,1.6089725987248,1.96869915979532,0.709954123500692,FALSE
"LNP_0221",78.2528330106288,-1.62661683280021,0.238268989697099,0.52649488791667,0.287770801388292,0.185734310695038,1,0.789858155988326,2.81100105907368,4.00223346559385,1.4974778196471,1.57675038600972,0.778698381770324,FALSE
"LNP_0140",93.9431536244228,-1.64445796515793,0.203858428541571,0.537716976281056,0.345643035436697,0.116639988282247,1,0.784404678080085,2.87874845888225,4.04619360914878,1.6069069953801,1.66500923233114,0.866810796447542,FALSE
"LNP_0141",81.170220207423,1.87676986213773,0.432716127112508,0.438773974181599,0.454307172924857,0.106918852893543,1,0.783170496031408,3.00142881264724,4.17544598030869,1.64219917778044,2.09239853117057,0.911938063193517,FALSE
"LNP_0186",98.1289800489321,1.01233443710953,0.153998559340835,0.463687385701895,0.33033774675965,0.205974867538455,1,0.782366807979772,2.81161399718353,4.04849682514235,1.58245633331905,1.85428496053259,0.526382692932579,FALSE
"LNP_0370",98.3167669270188,0.960645750164986,0.171623823884875,0.523827971201285,0.368251794149631,0.107920234649084,1,0.779960424480275,2.85845341116799,4.02296276368071,1.66185593017478,1.9024068977188,0.443532020878997,FALSE
"LNP_0210",67.2171746380627,-1.42118817660958,0.316875315923244,0.545897734669014,0.332143630574536,0.121958634756449,1,0.777307425589961,2.64987183574371,3.84498441197131,1.44898685768458,1.50597298197363,0.672160593936507,FALSE
"LNP_0427",80.2904915297404,-3.0396989453584,0.286179745290428,0.525902389689867,0.298062491132276,0.176035119177857,1,0.776005073811655,2.82756845288638,4.04697762037082,1.47233954676309,1.56326206986854,1.5798138836942,FALSE
"LNP_0255",103.107039886527,1.14875166211277,0.157511241268367,0.591165452459411,0.31536321707833,0.093471330462259,1,0.774907509413103,2.79437404191198,3.95939837288984,1.57701308710026,1.91970177160304,0.54801116015033,FALSE
"LNP_0245",81.1869746772572,-3.57343113049865,0.420538120251149,0.382788465056154,0.432405959562547,0.184805575381299,1,0.765753090380572,2.8004260663942,3.99903257748903,1.44989601076863,1.58866479906612,1.85427129654405,FALSE
"LNP_0476",94.4527396932244,2.86443118937314,0.390119745302945,0.52316596548,0.356541447406992,0.120292587113008,1,0.76546025502147,2.96819162988785,4.20541867192496,1.62239571150575,2.25127284913878,1.41231410035672,FALSE
"LNP_0091",63.0695691565052,0.531801590695977,0.422499176114798,0.570619913598039,0.292134981431764,0.137245104970197,1,0.760537627557922,2.57959787934791,3.8022984162042,1.53112296293615,1.79599164550188,0.377189207900359,FALSE
"LNP_0346",87.0214798487723,-4.74487444385886,0.482129480689764,0.457434400196745,0.342177131301389,0.200388468501867,1,0.759800871619537,2.82779216353664,4.04285752641032,1.43145959175473,1.54056609449659,2.39612939221591,FALSE
"LNP_0479",71.7243514023721,-2.96764655970037,0.438374316692352,0.497445002433955,0.354382636381239,0.148172361184806,1,0.755562619628904,2.73762768168337,3.9701409182036,1.53296271467323,1.70034313228441,1.57628196258874,FALSE
"LNP_0196",96.6532702324912,1.66061190422624,0.178068572748452,0.480746501655603,0.348273867491275,0.170979630853122,1,0.755424622550043,2.8032103957336,3.98567817554237,1.71222528229349,2.06442066701823,0.802886937624361,FALSE
"LNP_0133",117.299909261055,-0.841568778268993,0.38119180155918,0.555363743915647,0.338281021338369,0.106355234745984,1,0.755172109119279,2.53361167634922,3.75676447205479,1.53770331132516,1.67735742309361,0.48570456616758,FALSE
"LNP_0124",71.9767631264403,-2.46367166284472,0.225407158210874,0.546867023095595,0.296752285272456,0.156380691631949,1,0.754392054356999,2.64868681695257,3.89875194964244,1.5335378291927,1.63570047902404,1.25551763819775,FALSE
"LNP_0414",99.7948936186731,1.52490337844938,0.164386600535363,0.59286966262149,0.295087133582735,0.112043203795774,1,0.749853609740418,2.80587959528706,4.04843943090255,1.79844185384536,2.14969952049546,0.759994517083847,FALSE
"LNP_0361",64.3817043630406,-1.51095809880644,0.35955299185589,0.483462005381116,0.35247579199346,0.164062202625424,1,0.749767303255298,2.49543932519166,3.77583285552928,1.50720981659938,1.59670996365251,0.79920022714242,FALSE
"LNP_0066",94.8516341391951,3.07533364742994,0.385260075516999,0.478430011157797,0.307832555612139,0.213737433230064,1,0.748287014221568,2.90886138645325,4.25112645775308,1.69387589753421,2.35806937301795,1.6007061446843,FALSE
"LNP_0387",68.5296441894025,-1.58433248754591,0.186026698723435,0.435040565857467,0.394398361108528,0.170561073034005,1,0.747699037872364,2.47384620229716,3.78471348051708,1.52180152499985,1.57175845566541,0.804889082267133,FALSE
"LNP_0208",78.8239280693233,-2.47111013624817,0.163065111171454,0.466697291564008,0.366337065837646,0.166965642598346,1,0.745707886348224,2.65138238807877,3.91045064946806,1.64025931314715,1.69461389424613,1.22543091008894,FALSE
"LNP_0480",120.48722456675,-1.61908550187945,0.431282921507955,0.518653265821846,0.410247313247181,0.0710994209309734,1,0.744826213953719,2.3671693279323,3.61004557955178,1.37976149965632,1.43236923414115,0.864225198965829,FALSE
"LNP_0437",60.817852942273,0.519485482946038,0.358206245675683,0.532797285146388,0.313021145123866,0.154181569729747,1,0.742763784366182,2.41679922936381,3.66027527399911,1.55439420023984,1.73642974616347,0.262319535536533,FALSE
"LNP_0423",109.626354463398,-2.72514610551298,0.266289060562849,0.553421391008186,0.29363391324062,0.152944695751194,1,0.741331353828793,2.62794978975099,3.91849853210829,1.6324530124877,1.6538701606134,1.4089916822661,FALSE
"LNP_0343",102.602966013364,2.25446937140077,0.253737013787031,0.426824862763834,0.406169896784864,0.167005240451302,1,0.740155856408216,2.73339869218578,3.88103061274746,1.64917230505264,2.15137844956977,1.07364145387906,FALSE
"LNP_0497",75.3098994027823,2.8422763897106,0.49648768696934,0.409418798928009,0.417925204391451,0.172655996680539,1,0.738857088087324,2.85240608346508,4.08727920935526,1.69865411297634,2.36661219074307,1.4746381969066,FALSE
"LNP_0192",82.1482756407931,2.69601019565016,0.322031241096556,0.492451268021807,0.377697105756558,0.129851626221634,1,0.737751455472889,2.88043159102564,4.0709545705141,1.7707319074977,2.34299668172653,1.4021342552897,FALSE
"LNP_0494",120.158511842601,-1.99661643244326,0.406275866832584,0.425405822751866,0.473497626593823,0.101096550654311,1,0.731650744208098,2.32527563376353,3.64017506101752,1.42936640321676,1.54112834046232,0.994828154525218,FALSE
"LNP_0406",94.9802484130487,0.226291930302978,0.403274215571582,0.516308419445917,0.33083055585591,0.152861024698173,0,0.729450282236532,2.3933504371212,3.3248018899173,1.45245283855647,1.5866819852529,0.680410920532094,FALSE
"LNP_0160",71.799066872336,-2.98910453915596,0.183999223448336,0.532688068240611,0.322373801907196,0.144938129852193,1,0.724404451452643,2.53191937511831,3.79635860477345,1.63657265716777,1.70705420764104,1.45324330730449,FALSE
"LNP_0335",81.4270780421793,3.33011434413493,0.275309815071523,0.405334906251748,0.460545084632759,0.134120009115492,1,0.723246909171245,2.74891208476896,4.04457992148539,1.68224553229353,2.40645874161057,1.6521269320929,FALSE
"LNP_0127",65.4202300822362,-4.52497460413724,0.47243985645473,0.495705326794892,0.420238884936402,0.084055788268706,1,0.722928474587943,2.38419737935162,3.71181451483461,1.31310860830222,1.44553425503272,2.18681266876115,FALSE
"LNP_0056",70.653138961643,1.73917313572019,0.210575953498483,0.511674870439076,0.328180664879609,0.160144464681315,1,0.72231257029354,2.57839725993369,3.77876662211104,1.71228053751513,2.13578711586589,0.872961873208814,FALSE
"LNP_0339",114.39229149837,-4.21295709908009,0.437565883249044,0.4952267305992,0.368538979737981,0.136234289662819,1,0.722239001241347,2.38643413086016,3.7128931178142,1.37845696448934,1.45032683781143,2.01278772816095,FALSE
"LNP_0228",106.025326368399,2.25559297949076,0.19042548192665,0.56802303015318,0.348993888188273,0.0829830816585472,1,0.722187758096881,2.67230593634384,3.94823825190393,1.77131395066267,2.30441760988447,1.1023693600464,FALSE
"LNP_0415",77.6049672625959,-3.72314855922014,0.173176276870072,0.452985436361898,0.379267989058194,0.167746574579908,1,0.71990010781696,2.57224180357188,3.80100745290675,1.61660060628954,1.70487316712498,1.86264026123725,FALSE
"LNP_0153",88.7909029843286,-0.484989886172116,0.399842838384211,0.433950636910407,0.384746412908648,0.181302950180945,0,0.719434557165393,2.3178650450099,3.31693083791995,1.44723314039802,1.52160281708495,0.897054012264464,FALSE
"LNP_0333",123.779740300961,-0.740495775826275,0.332573263067752,0.522472967085931,0.339001607117719,0.13852542579635,1,0.716147028576032,2.16741963322001,3.50180559664507,1.52936266984317,1.63433336521643,0.365860090830011,FALSE
"LNP_0159",94.476800202392,0.0581660820171237,0.30416452055797,0.5109793424211,0.410971489572261,0.078049168006639,0,0.712858314417015,2.35098464059937,3.4356839027812,1.59728327746526,1.74154044802022,0.722084564897471,FALSE
"LNP_0102",83.2823540316895,3.72980702202767,0.391105084121227,0.451161832335164,0.379532254264412,0.169305913400424,1,0.71172721278302,2.83903666140206,4.06162451556611,1.80325460853655,2.58236339268893,1.87407887003951,FALSE
"LNP_0212",75.2964928513393,0.416847025044262,0.499553059600294,0.418021898426446,0.439291505741024,0.142686595832531,0,0.71130064608641,2.26209873523733,3.20523888940136,1.42882318620996,1.61072999567763,0.773137883692174,FALSE
"LNP_0246",122.45543464087,0.558580006472766,0.211713522020727,0.37211402159619,0.4485234604696,0.17936251793421,1,0.707405387699767,2.08674298839769,3.43751336650364,1.5393745127086,1.68672294163085,0.211835994147556,FALSE
"LNP_0284",72.4985329201445,3.08801533188671,0.402439205534756,0.479081828882705,0.333758349446487,0.187159821670808,1,0.706381138018802,2.67297814479805,3.8938545172672,1.75105636399281,2.45858357445644,1.51906067932615,FALSE
"LNP_0398",60.105849406682,-2.38192599732429,0.286401465628296,0.522928186416402,0.337576614000767,0.139495199582831,1,0.705006509248042,2.21992764050715,3.6217425785007,1.53993259375103,1.60882365581672,1.21990903893651,FALSE
"LNP_0493",95.978519320488,1.44297359045595,0.49857828291133,0.51263961187414,0.331063669156799,0.156296718969061,0,0.704914652798009,2.44544791418373,3.45119870832634,1.54867596027082,1.94860034783702,1.30463439024124,FALSE
"LNP_0268",84.732463140972,-1.75433774013072,0.474930946156383,0.455685445128992,0.448088917876037,0.0962256369949717,0,0.703555701234871,2.37633001098328,3.33692307897752,1.52766565728406,1.57193623439779,1.47901488989221,FALSE
"LNP_0040",73.1625785352662,-4.50909272767603,0.279092039354146,0.445354897198398,0.378783270643247,0.175861832158354,1,0.703096731158269,2.450011439641,3.67257007925643,1.51427084183652,1.67591609381696,2.23823284152551,FALSE
"LNP_0378",70.8876348566264,3.8639780273661,0.481136401835829,0.470111819571979,0.419809074009277,0.110079106418744,1,0.698268934211487,2.66300046882478,3.86114862967857,1.67408716940493,2.49249542509339,1.95640154168003,FALSE
"LNP_0418",82.1725537767634,0.628186715766788,0.224992945045233,0.513433324492682,0.33151381176361,0.155052863743708,0,0.69535871189524,2.24879389696898,3.23399636373512,1.54979871769681,1.71265268778175,0.906114656240839,FALSE
"LNP_0244",113.305535982363,1.94706965237856,0.276096739806235,0.414606047326271,0.523771811576271,0.0616221410974585,1,0.69529313141527,2.43156601564017,3.74142240990366,1.78764244246245,2.22504394986357,1.00827179251384,FALSE
"LNP_0345",98.6411764053628,1.00518092978746,0.361850697919726,0.525208821621478,0.316277506624429,0.158513671754094,0,0.694114189296568,2.32369913356908,3.3921443610992,1.60310324191959,1.88818369182665,1.09993581972266,FALSE
"LNP_0022",119.28034061566,-2.70657944027334,0.417095336690545,0.422581976338178,0.403725893769031,0.173692129892791,1,0.693615877399288,2.25802430037273,3.5183352839902,1.59419563229137,1.70434939058891,1.35788217499129,FALSE
"LNP_0489",92.894859588705,-6.1737562622875,0.332857558876276,0.576193392417098,0.343405560486484,0.0804010470964186,1,0.693038588563157,2.51701262943239,3.75456544628658,1.49721601873274,1.66874598969542,3.10168520983585,FALSE
"LNP_0039",81.8181007634848,0.710827833972871,0.270754230581224,0.483593431453983,0.366676960862261,0.149729607683756,0,0.690035113177271,2.21653677903622,3.22172475978559,1.54680144879614,1.76289828913631,0.924746349415973,FALSE
"LNP_0312",96.4665941894054,3.90210488811135,0.246392055321485,0.581723531571741,0.292406554403864,0.125869914024395,1,0.689704534974367,2.74307270600587,3.95299568859068,1.85346352848908,2.67184371623465,1.95590779101196,FALSE
"LNP_0187",76.503273146227,0.446715322323143,0.254999303072691,0.489719771258062,0.426336901896178,0.0839433268457607,0,0.688746097659018,2.15404538708282,3.14768652648659,1.49255721481603,1.70382156962732,0.8691402662149,FALSE
"LNP_0213",71.625478961505,3.19242674391717,0.202269246801734,0.474754294873261,0.364293619821478,0.160952085305261,1,0.687527077420017,2.48499786775168,3.86899299261085,1.75296149899648,2.42023603341738,1.58848051979092,FALSE
"LNP_0481",71.5166488196701,-0.842464058659971,0.404657737724483,0.536960837837878,0.296424013667027,0.166615148495095,0,0.685233041459009,2.14217960772516,3.17008027825177,1.51520880513743,1.65982874281943,0.993049456818029,FALSE
"LNP_0055",106.094798375852,0.594281828962266,0.322125436738133,0.423860856117254,0.411283064814853,0.164856079067893,0,0.684510321616434,2.07800065910185,3.05357300580928,1.43308060685577,1.63566311185985,0.87834552108659,FALSE
"LNP_0278",96.6472376836464,-1.85461420100182,0.349251664802432,0.508141135583716,0.418396550040074,0.0734623143762104,0,0.682769552196065,2.26078082715862,3.2222084146389,1.53940496565719,1.686257350582,1.51466930759368,FALSE
"LNP_0349",72.9244840331376,-5.27530128136277,0.314543972350657,0.553232114665062,0.352531975504902,0.0942359098300359,1,0.682286963420901,2.39707498989782,3.68581129575671,1.58120499478617,1.66009762288799,2.72327900370779,FALSE
"LNP_0154",74.6448994148523,1.34238932281733,0.467581898067147,0.571680562570489,0.362003970861303,0.0663154665682077,0,0.680594141549672,2.23508329317543,3.20909987403761,1.51621469230587,1.90642097428407,1.26452947295403,FALSE
"LNP_0144",68.384952400811,-2.29616813361645,0.481503449846059,0.635146305455294,0.281821798563881,0.0830318959808256,0,0.677928987076693,2.08000184776172,3.08021036980303,1.33362422927398,1.4654680727904,1.74046152099366,FALSE
"LNP_0305",113.013185281307,-4.74407391622663,0.39146581524983,0.474369533672643,0.371032883360739,0.154597582966617,1,0.676467597783941,2.32054326870481,3.55699717716468,1.58257783778441,1.68880972646743,2.41635767582467,FALSE
"LNP_0077",87.9816537722945,-1.73389183823019,0.20856360187754,0.467034795311028,0.463078981713432,0.0698862229755401,0,0.674426725974444,2.19071125480303,3.24428540882787,1.61138570964925,1.65533866541615,1.44416475577179,FALSE
"LNP_0030",64.7113647311926,-3.94224750809371,0.322070881910622,0.407703176833876,0.398528991880257,0.193767831285867,1,0.673921219734529,2.25985947689393,3.51467656530525,1.63783596380053,1.73015598567392,1.99262494929409,FALSE
"LNP_0338",114.146235398948,3.1444212095812,0.399114619474858,0.430893833849089,0.441555073272245,0.127551092878666,1,0.673390882008056,2.47140766758918,3.76316486243666,1.83002651884584,2.50666118491275,1.58094449946551,FALSE
"LNP_0286",89.5892688306049,-0.772621463984251,0.210359605122358,0.465696543947062,0.359951889671996,0.174351566380942,0,0.671687169538604,2.22606347642773,3.18129746915723,1.7135623558453,1.815573637879,1.04780593117764,FALSE
"LNP_0130",119.000710151158,-3.91044418793172,0.325917792599648,0.537668875140451,0.409119766402697,0.0532113584568521,1,0.671340384537929,2.1695267679166,3.41651639976094,1.56720163416473,1.62439442942785,1.95907326916654,FALSE
"LNP_0351",63.6540197068825,-3.47533706575632,0.109959307778627,0.491192481264539,0.345703254035239,0.163104264700221,1,0.669900200557036,2.10291346679012,3.35389721200251,1.53970221087658,1.64362915362396,1.72436994077036,FALSE
"LNP_0319",85.3986102622002,1.79803247563541,0.319217330403626,0.556666241666808,0.322787323449165,0.120546434884026,0,0.668095382419908,2.31872891562325,3.30227005839601,1.65693870164974,2.12115702866793,1.51530696855388,FALSE
"LNP_0451",102.382260165177,1.20561074931175,0.33952085962519,0.450866618673013,0.482386089049124,0.0667472922778629,0,0.667611208850889,2.22710068041557,3.2292395555434,1.65910267552394,1.97501139780135,1.25741399840497,FALSE
"LNP_0265",101.644489425234,1.38705377466977,0.38122918959707,0.459699345502742,0.388650835392563,0.151649819104695,0,0.666495554922465,2.20411696253654,3.22456471054721,1.62452354471531,2.01659861107608,1.26247477340515,FALSE
"LNP_0182",81.2448164913803,4.29509621113539,0.184209295921028,0.499901064260541,0.394125487315333,0.105973448424126,1,0.66643759915721,2.60045414229684,3.90940649058327,1.86072160678717,2.73809959601339,2.18847576222546,FALSE
"LNP_0215",54.7663627425209,-0.263542532920837,0.131588471028954,0.513944643539551,0.41596487944741,0.0700904770130386,1,0.666360213034723,1.87143520418698,3.21904698961378,1.69736317504915,1.74611093804387,0.141004989136775,FALSE
"LNP_0069",129.434232111089,0.94046835321933,0.489665477629751,0.438603468472169,0.48749160459693,0.0739049269309014,1,0.665020705609022,1.92884170216001,3.1820386889379,1.5919302905682,1.86755260635749,0.519914778075586,FALSE
"LNP_0076",72.0118885161355,4.18075806926936,0.351571104303002,0.539378393324061,0.405667099530294,0.0549545071456451,1,0.664939716476503,2.59983963123734,3.83106550168106,1.86085961798251,2.75338283764218,2.09584797249753,FALSE
"LNP_0444",66.5520911104977,-1.64890080224723,0.299343597050756,0.616898733092401,0.312095598830282,0.0710056680773177,0,0.664484066894133,1.94884898202575,3.0121184270889,1.38427053388666,1.55118325373645,1.41042912224049,FALSE
"LNP_0002",128.830513544381,-2.67117110081017,0.337546773068607,0.581982767426778,0.271887125956868,0.146130106616354,1,0.663605734514021,1.80320989606149,3.15752200253759,1.35641785343185,1.47395676076029,1.33315166751779,FALSE
"LNP_0388",78.2218417385593,-4.04553843662143,0.447812916617841,0.490429386505854,0.447633085021398,0.0619375284727476,0,0.661477672762523,2.1014609095512,3.14622288043295,1.33676339003628,1.47335454226454,2.58409098725358,FALSE
"LNP_0369",90.6607866287231,0.153657263144851,0.159511190839112,0.515086743104905,0.429994328288429,0.0549189286066664,0,0.661042382082658,2.12238715134414,3.08852661447538,1.7457007971632,1.85871864388693,0.780337662686759,FALSE
"LNP_0207",86.4091864787042,0.928525174967945,0.12590045183897,0.465214974132271,0.324993057680086,0.209791968187643,0,0.6606431348848,2.1181461471267,3.1077394249809,1.64004989946646,1.92157482880318,1.06203316137037,FALSE
"LNP_0058",125.330786430277,0.597849171608686,0.197374096978456,0.464432108740197,0.448612618764091,0.0869552724957116,1,0.660531279868579,1.92239220782503,3.25024039782874,1.72382613038649,1.89732323763709,0.337674172034682,FALSE
"LNP_0225",55.2843942772597,2.15735922101885,0.481701989285648,0.370588188990779,0.448469995005498,0.180941816003723,1,0.66010094311206,2.0872853827591,3.3256253820904,1.64178642730651,2.14575770613132,1.02733188474557,FALSE
"LNP_0390",71.0487079108134,-5.54237366188318,0.193959840293974,0.467530058470566,0.366288509898446,0.166181431630987,1,0.65938785464307,2.16129177548075,3.50336911028387,1.51498548823047,1.5791031810406,2.7874039907409,FALSE
"LNP_0014",107.263340195641,-2.08678720053285,0.302799090743065,0.470070286730452,0.430707121725937,0.0992225915436106,0,0.657559016160936,2.01129693206657,3.02620073819922,1.48016497680048,1.54195129354567,1.66180939278846,FALSE
"LNP_0205",90.2573342202231,-3.30824077595025,0.294682229030877,0.604607632345913,0.306866802776469,0.088525564877618,0,0.655259351633048,2.21291360448484,3.16076626160796,1.58996756930246,1.67696442009171,2.21119774698129,FALSE
"LNP_0372",84.2808801680803,-6.6046189982444,0.173560775537044,0.582843659961437,0.348951080042408,0.0682052599961544,1,0.654702286190383,2.24877166623731,3.54288127949434,1.52515849464273,1.61457623418907,3.29418171934718,FALSE
"LNP_0267",83.6331205908209,-7.08582474850118,0.348722824919969,0.565716352238983,0.279371332437034,0.154912315323983,1,0.654072680751654,2.31171580128245,3.59748961957737,1.53974584985569,1.62672049491025,3.58526252062134,FALSE
"LNP_0172",68.3828490786254,0.426276926882565,0.260725541692227,0.541512860629409,0.37572038321202,0.0827667561585712,0,0.651272287768131,1.92945900740797,2.96673375286946,1.60738171976608,1.78613821095285,0.78542280981962,FALSE
"LNP_0498",54.9538435647264,-2.17002496588975,0.180303837172687,0.593177248493121,0.340596745820796,0.0662260056860829,1,0.65052044880077,1.89771486566008,3.25088646141327,1.6497742087729,1.76014309977477,1.07240064404625,FALSE
"LNP_0279",57.4384513311088,2.70735153928399,0.224411362316459,0.558928414033196,0.367449797061879,0.0736217889049252,1,0.647560839516157,2.03013736298937,3.2839626292013,1.61941253681221,2.16262322562715,1.30442463241523,FALSE
"LNP_0001",78.7577520124614,-2.92787848040462,0.20944909369573,0.559619866838329,0.26993054893898,0.170449584222691,0,0.646967074002858,2.07806569878625,2.99042398451541,1.5054139069732,1.61353153092467,2.11111156498894,FALSE
"LNP_0253",109.304565167986,-6.81129039730877,0.327090466301888,0.570606646005887,0.361032783627409,0.0683605703667033,1,0.644562040020863,2.09674517518452,3.40080274559086,1.39759037459632,1.51450562802514,3.43693689376434,FALSE
"LNP_0463",96.4016626821831,2.46522767003626,0.424355791509151,0.386679917522765,0.449676804165677,0.163643278311557,0,0.644474992149408,2.22887834620661,3.25934092657728,1.68810518111895,2.16958402209545,1.91000416600635,FALSE
"LNP_0270",100.281304563396,3.06855640839785,0.489121403731406,0.568568659413042,0.297226025512115,0.134205315074844,0,0.643407697412108,2.30316786195817,3.27053988138327,1.64171041139785,2.34126879151535,2.16842764108639,FALSE
"LNP_0308",50.8215519832447,-0.443559405393898,0.154600919689983,0.464779521750471,0.360379307962174,0.174841170287356,1,0.643068015014676,1.65568546094393,3.01114868196254,1.61854830306623,1.73294948830138,0.203105119344593,FALSE
"LNP_0123",80.7720010867342,5.50815182738006,0.387444698065519,0.476860141809922,0.397488630440793,0.125651227749285,1,0.642204308443042,2.58922010727939,3.85375025688664,1.86156246614944,2.96337250914513,2.74174966603963,FALSE
"LNP_0455",73.6619742121547,-2.55684514530003,0.330048247333616,0.482610253342971,0.425141410073868,0.0922483365831605,0,0.642027856488056,2.06045581969996,3.12906633316328,1.61084522548125,1.77105417153401,1.93586501192501,FALSE
"LNP_0365",86.3300543511286,2.35852246638387,0.193398210033774,0.487781626853553,0.355636015533893,0.156582357612553,0,0.641202278013694,2.1125909326009,3.14023041508317,1.57853493256432,2.13002667837722,1.8067177059516,FALSE
"LNP_0459",65.4911725781858,-1.80108143016696,0.43520927913487,0.496450397717376,0.383622494640556,0.119927107642068,0,0.639643927746046,1.89969006092595,2.90389699124765,1.52297980114911,1.6109433324812,1.54463042321052,FALSE
"LNP_0404",107.630183757283,1.67125726584345,0.298847443703562,0.519297483502916,0.39611525807244,0.0845872584246436,0,0.638676634954331,1.99855029881299,2.9964714135604,1.57611904085888,2.04396484139473,1.36436893711282,FALSE
"LNP_0053",129.892484564334,1.38765325304121,0.456758507806808,0.455160795748156,0.42215317523909,0.122686029012754,1,0.638178171379394,1.85073079606262,3.12970487383024,1.69006937333435,2.01598558530756,0.730192319018656,FALSE
"LNP_0396",73.95946290344,5.18333604093641,0.420740748662502,0.467512104139958,0.428876971356799,0.103610924503243,1,0.637997154400347,2.49494243053012,3.73688079006077,1.82109031222485,2.87764265550895,2.60686546040132,FALSE
"LNP_0050",135.782771534286,-2.29652790818363,0.497046269476414,0.5829056961992,0.339324719856376,0.0777695839444234,1,0.637816268111909,1.51545115930784,2.91885494775218,1.28611446571285,1.45462583081687,1.15709180772032,FALSE
"LNP_0174",124.656800413504,-4.33995307888836,0.466522295866162,0.568745577033124,0.355582012846813,0.0756724101200623,1,0.636141275970263,1.91699032003781,3.21286442788083,1.53972096597489,1.67712694331763,2.12759810965873,FALSE
"LNP_0358",91.8915896909311,-7.59637024719268,0.425869579426944,0.471025654375477,0.32303397186072,0.205940373763804,1,0.635869572802634,2.24913645665697,3.46144189312019,1.54785970669362,1.61228481115827,3.86181036162324,FALSE
"LNP_0490",133.440097793937,-1.33629718795419,0.432293624896556,0.432980786137072,0.410577431693677,0.156441782169251,1,0.635349655944969,1.5643522922641,2.89123165193204,1.44291526535014,1.56516359999272,0.753591070868087,FALSE
"LNP_0176",111.801787326112,1.74556248355657,0.319199548754841,0.620558547381224,0.313916978688472,0.0655244739303036,0,0.634515227109096,2.0082395022426,2.98148268073955,1.60756853459113,2.02598856136674,1.47087344396835,FALSE
"LNP_0336",99.2566547822207,1.44147441256791,0.168147592246532,0.5367995105976,0.33118105993087,0.13201942947153,0,0.633621579215746,2.11157141054176,3.05240602497959,1.76431427000107,2.12560685186882,1.38665319921453,FALSE
"LNP_0226",89.5220134640113,5.12406702619046,0.116152305249125,0.553237212885416,0.258270141956793,0.188492645157791,1,0.633496695713568,2.48739814105678,3.78617390489878,1.89624028619982,2.977995840518,2.4740940033583,FALSE
"LNP_0257",66.8060810538009,-0.114152762107551,0.133024424221367,0.565081849911274,0.368137359295024,0.066780790793703,0,0.632785608930897,1.77904435459464,2.81755044602099,1.64269673119415,1.74585632156844,0.670562750970722,FALSE
"LNP_0251",75.7216746453196,-4.44461365230381,0.430676020123065,0.493130659970418,0.373706285799071,0.133163054230511,0,0.630326856761003,1.97473438615912,3.02685416636766,1.40835988817444,1.60425868047303,2.7833136463878,FALSE
"LNP_0200",107.286705821753,-2.88476868532598,0.254079437162727,0.45601612637294,0.316697875346611,0.227285998280449,0,0.62766163764308,1.91071997468314,2.95019656394098,1.55028982393143,1.66666577886343,1.9932233635778,FALSE
"LNP_0177",87.2238060226664,6.13388859201223,0.388020183146,0.529130848651279,0.346890109531985,0.123979041816737,1,0.627641513641965,2.56845311546936,3.76034176920227,1.82509717183845,3.0796402037359,3.06357973178445,FALSE
"LNP_0371",92.1844950178638,-7.18707621097565,0.235688601993024,0.423625064672124,0.428774424142699,0.147600511185177,1,0.626314850752525,2.13083595596188,3.4872201273969,1.56594694771944,1.68392776493611,3.69898469136398,FALSE
"LNP_0110",64.7094690939412,-2.51661224290729,0.364212920516729,0.461986430140889,0.412676152199454,0.125337417659658,0,0.624386230757455,1.78235435259771,2.86761216804297,1.48228627104312,1.59204380387227,1.82142061364288,FALSE
"LNP_0329",83.8391283759847,-3.20888971909881,0.104901849664748,0.544062459195528,0.309194064410752,0.14674347639372,0,0.624313589697274,1.99146475799978,2.98891985909744,1.62418188190042,1.68573678587048,2.23964511413836,FALSE
"LNP_0095",82.0373242488131,-8.2327339798212,0.395499416813254,0.52494982877831,0.379286939935796,0.0957632312858943,1,0.623714046773598,2.06314557019799,3.38264492790186,1.39200615196673,1.50166771494553,4.16841116610808,FALSE
"LNP_0355",112.190229515545,0.0887962197884917,0.136851780768484,0.487669471022092,0.344405090553548,0.16792543842436,0,0.623571205227338,1.79623377343733,2.83374469306776,1.72858026663384,1.86953471114331,0.703348971911241,FALSE
"LNP_0211",98.204260552302,2.61547197122127,0.266618938092142,0.443404635241157,0.348146697846554,0.20844866691229,0,0.621151659228551,2.13599585117588,3.02994342463392,1.73233056217239,2.24621857625296,1.89103500902735,FALSE
"LNP_0235",76.0856857057661,-6.55549807939678,0.199873880296946,0.538565951382326,0.298818077233221,0.162615971384453,1,0.619035259413059,2.12501340367779,3.35914733949224,1.6821946887378,1.75171858555564,3.30420540896636,FALSE
"LNP_0216",120.085308747366,-2.31086768675596,0.425467345770448,0.562148730635013,0.2594447385601,0.178406530804887,0,0.618366935922591,1.69643306127193,2.71386450933328,1.43366467401119,1.53078768719172,1.72353566648646,FALSE
"LNP_0239",65.2887222822756,-3.55228896252811,0.475608495529741,0.590972166269939,0.255762307438023,0.153265526292038,0,0.617621613726451,1.84021950837918,2.82295009894503,1.44813286050961,1.58533200216505,2.35763470128305,FALSE
"LNP_0322",79.5895455405116,-3.77458381932229,0.235101122874767,0.493402656238745,0.388565883111519,0.118031460649735,0,0.617465330717515,1.97731730169926,2.97972054543766,1.59147796318252,1.70136071861931,2.53368855689555,FALSE
"LNP_0323",64.7048324579373,2.11173682939261,0.466514343209565,0.440661798127747,0.37611804923628,0.183220152635972,0,0.616747444761386,1.91897855274709,2.93045166565633,1.61206971443194,2.11069539061288,1.65038350014783,FALSE
"LNP_0499",118.632494681515,4.19159709475935,0.358414888102561,0.476205595470471,0.401908567452223,0.121885837077307,1,0.61639104182442,2.15669992993598,3.43285721728748,1.80801547077861,2.66705338495138,2.03580702002402,FALSE
"LNP_0090",67.5052650272846,1.65479473304003,0.292050574626774,0.509572563725722,0.364921802242281,0.125505634031997,0,0.616227007807363,1.90179347865609,2.99573752274626,1.70137823768399,2.12031774818507,1.42170617727556,FALSE
"LNP_0289",55.462910910137,-4.33734605554491,0.238450817577541,0.490026566122159,0.351761705118817,0.158211728759025,1,0.613895542523075,1.73714219817159,3.15533238474482,1.56501164217224,1.67824839199834,2.18539433053121,FALSE
"LNP_0337",119.737376621924,4.07625900115818,0.3860321986489,0.537508499452362,0.281523965854169,0.180967534693469,1,0.612546885578313,2.15354761839057,3.41595858264095,1.84083584275124,2.6344123712188,2.0931739196173,FALSE
"LNP_0063",88.3969637798145,5.38571077398956,0.222524503525347,0.530603964549899,0.357634712586137,0.111761322863964,1,0.612095521022268,2.52993319958036,3.70364711415366,2.05143307507796,3.08799906891394,2.7357167867742,FALSE
"LNP_0383",87.2709394432604,3.50724762305617,0.452969211526215,0.409844140525844,0.415664576052503,0.174491283421652,0,0.611476205422127,2.20643858379126,3.18521286454785,1.76499615021842,2.50577896995378,2.36123040954388,FALSE
"LNP_0033",119.070527842268,-1.05926010292023,0.279028056468815,0.526103895980711,0.336834552725656,0.137061551293632,0,0.611017280678568,1.5724127359775,2.58797642555088,1.50400202784334,1.57106511781656,1.07292170130452,FALSE
"LNP_0003",90.89769218117,-4.25799738615751,0.164073925372213,0.513411001439341,0.309582303117868,0.17700669544279,0,0.610306265167463,1.91431508827739,2.97924256830506,1.59055022402215,1.63760261342511,2.67734268358956,FALSE
"LNP_0146",73.1161782052368,2.51487274188548,0.262250106688589,0.570819618744869,0.263329327633115,0.165851053622016,0,0.609292844868424,1.99530336749949,3.11128999811792,1.72957584932876,2.34393614950747,1.86209557466565,FALSE
"LNP_0044",86.884545092471,-4.46289855055511,0.308505705185235,0.462926571159543,0.381640265519021,0.155433163321436,0,0.608530001851587,2.00437702243398,3.0410751284313,1.65128470070713,1.70212644910723,2.91381195105154,FALSE
"LNP_0247",89.8939824663103,5.90844040736556,0.328285277355462,0.582921515411359,0.352219026252407,0.0648594583362341,1,0.607572089506929,2.52674110493949,3.83018525451057,2.03341698152865,3.21143148289021,3.012125250038,FALSE
"LNP_0473",92.7428280701861,6.39689335599542,0.393215997330844,0.527944754910154,0.368251442807204,0.103803802282642,1,0.607172238464364,2.51905005279504,3.73097673748351,1.93375953031512,3.19391229288813,3.17159648895769,FALSE
"LNP_0169",91.274611861445,2.94114700052887,0.159764998219907,0.468484509790862,0.409996032057004,0.121519458152134,0,0.606621950645013,2.02779035872225,3.17257190223866,1.74945805124552,2.43875173619549,2.00643294554274,FALSE
"LNP_0460",62.4742088606581,-1.48189731873572,0.147535428311676,0.491572409407605,0.43001771642779,0.0784098741646055,0,0.604734981274196,1.55312863911245,2.70312535591397,1.52590620302595,1.60170294529843,1.33988165052861,FALSE
"LNP_0325",60.3806688217446,4.86409830395132,0.490146005246788,0.540164965245126,0.38391429269259,0.0759207420622838,1,0.604336900735581,2.12803868282363,3.38573710248309,1.72373105365951,2.82474258651917,2.39807917317066,FALSE
"LNP_0317",133.570883702487,-4.09981457516551,0.411627547442913,0.604427990131998,0.32769997485627,0.0678720350117318,1,0.603830713461924,1.38721277749432,2.81455632783777,1.28611798613588,1.37683236440146,1.99614405330672,FALSE
"LNP_0474",125.588725972921,-4.61183105129749,0.258372636139393,0.53075796171385,0.40186559458671,0.06737644369944,1,0.601547374227532,1.67381545634018,3.08564216084595,1.57158004879998,1.67261862944091,2.32341652828364,FALSE
"LNP_0276",123.518430581316,-4.98442932032049,0.321825271844864,0.427752623829865,0.406953778877659,0.165293597292476,1,0.601512316602309,1.7392402445641,3.01538999807509,1.54323596651474,1.71014333089735,2.49251695550257,FALSE
"LNP_0231",111.835122737102,-1.66170900687575,0.101855260320008,0.5333098097568,0.364413687650513,0.102276502592688,0,0.60144396791309,1.74076768582322,2.83278578298559,1.75708810365443,1.7926353046251,1.4118070718048,FALSE
"LNP_0236",89.7151953307912,-3.68374421726912,0.117246912326664,0.519105619516955,0.35612072567371,0.124773654809336,0,0.601078426344385,1.94733967180335,3.00555823914623,1.74514531166626,1.88003388790158,2.41185868089977,FALSE
"LNP_0012",95.3334156190977,-8.34937636740506,0.236373748071492,0.599301808940134,0.308697270639845,0.0920009204200208,1,0.600937359598234,1.95671908124419,3.20905411445645,1.44060627577024,1.59232729869937,4.13686075118255,FALSE
"LNP_0026",120.853046816774,3.58026831410825,0.227425237558782,0.416826286382332,0.353930556983544,0.229243156634124,1,0.599436784539281,2.00216090895556,3.2891542372974,1.88317847971138,2.57493970843413,1.7954467068139,FALSE
"LNP_0073",121.018240135163,1.74922734033316,0.451216709893197,0.532364673457277,0.361220738488052,0.106414588054672,0,0.599131299032672,1.64582193361638,2.65912521716391,1.49997431824316,1.92939169189079,1.48813519182994,FALSE
"LNP_0194",111.999331018887,-7.19792900141329,0.406466611474752,0.497815466110091,0.381709763201996,0.120474770687914,1,0.598092375048905,1.91491047609807,3.25315572929042,1.58165025460159,1.68105924735049,3.60675881543692,FALSE
"LNP_0149",74.5723678031936,-3.98964777588844,0.231295465677977,0.465961151375302,0.391401758424996,0.142637090199703,0,0.597191417751887,1.81392312091212,2.8524578663099,1.5736355008875,1.67115302243169,2.63398487491804,FALSE
"LNP_0287",56.4928299980238,-5.93165796715766,0.394223361462355,0.52156188037499,0.315388153447253,0.163049966177757,1,0.596863154834549,1.67760722760599,3.0513034488074,1.46581419502411,1.54387772766136,2.97737592582794,FALSE
"LNP_0273",57.2057123994455,3.5178000247106,0.281482556648552,0.485600254073133,0.368836179184451,0.145563566742416,1,0.596066433527447,1.93534650510853,3.17561309046588,1.80581095523417,2.51173277206807,1.82126142976616,FALSE
"LNP_0299",59.9041829351336,-2.77067558839917,0.435562399309129,0.516768650223493,0.387085985139683,0.0961453646368242,0,0.595814157217065,1.61837482259866,2.69901780465778,1.49750085863491,1.59896616667014,2.03632711773682,FALSE
"LNP_0052",94.2200074205175,-5.90122594032437,0.430686196126044,0.520627549686695,0.376806109422513,0.102566340890792,0,0.59555475233631,1.90550942558461,2.87461290877142,1.45295991071715,1.59764079107903,3.5604859791907,FALSE
"LNP_0367",69.3378679919988,-6.85409426689148,0.163768534734845,0.49517163582014,0.343134401933652,0.161693962246208,1,0.594972502092826,1.82183045507119,3.08134315171081,1.51629347055958,1.55891732568684,3.46722160079267,FALSE
"LNP_0266",107.651902129874,-7.1169536979869,0.126224283408374,0.620402539709337,0.263498981637073,0.11609847865359,1,0.593976255688985,1.93597289500084,3.24042847567639,1.65216828747297,1.71942605215775,3.55949276745899,FALSE
"LNP_0402",63.7067471398041,0.85196740925312,0.192261440306902,0.452679079694904,0.402329102649584,0.144991817655512,0,0.592604061571177,1.65243458999722,2.71641017441175,1.72101543130483,1.97528819434511,1.11751372017433,FALSE
"LNP_0448",64.7084108553827,-3.16371111664921,0.276992773357779,0.554915681635508,0.281882531881815,0.163201786482678,0,0.589355411766376,1.64522731578862,2.66337204676865,1.53305363897875,1.59913659210748,2.22965105952918,FALSE
"LNP_0214",117.437638808042,4.58721862640232,0.30315026845783,0.603630409775893,0.288552105875379,0.107817484348728,1,0.589322048981662,2.15872656919278,3.4099932227262,1.99585048583723,2.8493152715515,2.27749555628486,FALSE
"LNP_0292",60.0721582304686,0.850632274523377,0.310509027726948,0.394722221137719,0.473398704078913,0.131879074783368,0,0.588934555405256,1.49680569542713,2.4946364458892,1.57875077666169,1.78165690582276,1.02011879627685,FALSE
"LNP_0487",62.7705687889829,-7.24283268675208,0.398715164978057,0.480046473152281,0.310200189014604,0.209753337833115,1,0.586764332044398,1.72144882577273,3.15783558281786,1.47820517278676,1.58512850805701,3.63900800368569,FALSE
"LNP_0097",128.229430131614,0.167412594892085,0.496982123423368,0.468883084273227,0.416302698395389,0.114814217331384,0,0.585635628327912,1.30006009592856,2.41547292024899,1.48282834863276,1.62662570750057,0.79359326133936,FALSE
"LNP_0313",121.327900071628,-2.73476866539568,0.43847830304876,0.532550370470338,0.314375241203624,0.153074388326038,0,0.584640848015747,1.54742626635871,2.7492287484175,1.57992793078025,1.66120062033892,1.96803435269589,FALSE
"LNP_0023",114.05068137683,-3.75774416141212,0.334226230531931,0.463912919142519,0.39141528807135,0.144671792786131,0,0.584326450820185,1.65597790850006,2.7500769394191,1.5233378522645,1.67326255127494,2.55225638092959,FALSE
"LNP_0170",76.5686686849222,-6.52964507695287,0.488972803670913,0.50917606551482,0.407420053077333,0.0834038814078471,0,0.584168040601335,1.71860314811697,2.75628632834444,1.29775948992901,1.40497942989032,3.8736606989874,FALSE
"LNP_0405",89.5448859082535,3.36647287011147,0.197650035470724,0.457822096259145,0.383191791946701,0.158986111794154,0,0.582557538670012,2.021208543282,3.09944809939565,1.87336899312843,2.57380201858286,2.27350728431231,FALSE
"LNP_0310",99.2293328745291,3.35280462633818,0.13984877448529,0.486085338876006,0.319361811317032,0.194552849806963,0,0.579675804148297,1.94535029857416,3.03887743300952,1.81831838078503,2.49566256768267,2.28336440414543,FALSE
"LNP_0019",82.7920719282702,-8.74700003303587,0.28737284746021,0.505925655899647,0.350349488378529,0.143724855721824,1,0.578491639319696,1.8450363077747,3.16352779756763,1.49366350361881,1.60136578425894,4.38072884098309,FALSE
"LNP_0175",116.828464972787,-1.59130197949708,0.186664855573326,0.457978931265151,0.47227188358147,0.0697491851533791,0,0.577671815608368,1.54174892477905,2.59150063311668,1.70444040441129,1.77162419109091,1.42861173951106,FALSE
"LNP_0129",64.1906907781959,-2.75196575094014,0.147108144219965,0.536162306227207,0.359842365737148,0.103995328035645,0,0.576861793248067,1.55480707678115,2.60566577380267,1.59557823636776,1.65556931244637,2.03261461264338,FALSE
"LNP_0452",84.9801792763174,-6.88251698855311,0.39433505050838,0.53983006800923,0.317440389182034,0.142729542808736,0,0.575598137549978,1.73927796792666,2.72829821628932,1.37287933480491,1.462855625499,3.94118080872647,FALSE
"LNP_0381",108.490009349771,-7.85410690121353,0.285429505538195,0.556151705911051,0.320824343912402,0.123023950176547,1,0.575535535593084,1.84224506101199,3.03626148962557,1.58963034888821,1.64654808196011,3.91586597492533,FALSE
"LNP_0105",98.29023971688,-6.52032366488129,0.446661483310163,0.547673005718966,0.383906036644119,0.0684209576369152,0,0.574421490638492,1.77190242041107,2.74278321466406,1.42553769327427,1.56621326211966,3.83201173699978,FALSE
"LNP_0233",104.208036721684,2.94694031123072,0.230081257224083,0.403048346151259,0.387896714524762,0.209054939323979,0,0.574053519324762,1.87936090542183,2.83609968526441,1.80323998562694,2.3927834535688,2.11202783534563,FALSE
"LNP_0259",97.1576277632266,-9.26591280382127,0.492617262993008,0.522818880203981,0.296199675659519,0.180981444136501,1,0.573776308481292,1.85572906586664,3.14103865045473,1.47427922598495,1.62915651885316,4.60033166722307,FALSE
"LNP_0101",109.998895926401,-5.25540605187416,0.420367139484733,0.525687293721337,0.387687653039205,0.0866250532394586,0,0.573711552784666,1.70432239080144,2.75781588373845,1.52510370119238,1.65615319314681,3.19839983894649,FALSE
"LNP_0488",117.822385742329,-6.93490243982524,0.267725408636034,0.495232733624474,0.40150322913417,0.103264037241355,1,0.571847288417796,1.65563171910586,3.02087760488817,1.54662258472763,1.64436185865906,3.47891289898341,FALSE
"LNP_0342",61.9404779979959,4.72668058238924,0.282607272826135,0.545361790237602,0.326084564455401,0.128553645306998,1,0.571769022942666,2.02639277925519,3.27332213252314,1.94872641048639,2.91019668675885,2.33808914150344,FALSE
"LNP_0165",85.5445380788296,-5.29462283942848,0.14747612895444,0.534324871190036,0.360188127952171,0.105487000857793,0,0.570565274540788,1.79431937154792,2.86412444309405,1.6676038379801,1.72280233113816,3.30429783653308,FALSE
"LNP_0359",82.3344993172213,-8.49709646776319,0.197623691242188,0.562326628355759,0.319611970174203,0.118061401470038,1,0.567763513998371,1.8326381988235,3.241178617645,1.66276578376922,1.68549116586733,4.25737238316605,FALSE
"LNP_0484",118.774268566631,2.54221401177347,0.425540209654719,0.513963447226088,0.385380176701522,0.100656376072389,0,0.567627243877459,1.64416486561747,2.69834702718144,1.64702031401446,2.28331591821878,1.90058983152871,FALSE
"LNP_0197",90.6832593260333,-6.69948215596378,0.452493825927377,0.557192212896456,0.367679776221442,0.0751280108821017,0,0.567025164167245,1.79765218480131,2.83890046929045,1.52434753319737,1.60688024593221,4.0260220959845,FALSE
"LNP_0475",116.238550655544,-4.34299170970917,0.284595137927681,0.552491199830619,0.320999510955145,0.126509289214236,0,0.565912687563961,1.49504498945011,2.62462378792513,1.47096054956789,1.56740442083721,2.79856738741425,FALSE
"LNP_0179",137.468234286644,-0.811506565660238,0.137600557040423,0.585137348344757,0.299348882033279,0.115513769621964,1,0.562901174354895,1.09740507666865,2.50535636922782,1.65757255091473,1.72072809014466,0.436494973683589,FALSE
"LNP_0298",60.3599644964561,-4.38869650475681,0.393379421997815,0.507015918713555,0.365677718016265,0.12730636327018,0,0.562691386538576,1.3986777015607,2.52032569389608,1.37172603414637,1.50042943626064,2.79671814806656,FALSE
"LNP_0300",129.883161117323,-4.81510317884386,0.327619536966085,0.441042232775233,0.389223669287049,0.169734097937717,1,0.562468127740252,1.42200398985078,2.80705426453838,1.58783294794727,1.68655806781616,2.44225507274691,FALSE
"LNP_0495",58.6940167937428,1.30930761341006,0.225865044258535,0.395562267233499,0.416400247233389,0.188037485533112,0,0.562388491776317,1.3592650023547,2.46042461105102,1.60803538729797,1.94031235397101,1.22880851053206,FALSE
"LNP_0163",114.998515881598,-7.653375454247,0.283696326892823,0.438602619451913,0.393852895946518,0.167544484601569,1,0.562171642779735,1.5822878273832,2.96022616919912,1.45051943381249,1.5900241686188,3.87378336574563,FALSE
"LNP_0098",59.359498671256,-3.25010005384684,0.349821194913238,0.441204599166456,0.372523691057557,0.186271709775987,0,0.56133476928542,1.41384689596505,2.47140577069794,1.50484129190258,1.61535137361723,2.2544016816543,FALSE
"LNP_0252",72.1787934657186,-5.01186829525977,0.304288430139422,0.519044247546957,0.417717672691086,0.0632380797619571,0,0.560939027623048,1.67065933857311,2.74074067955909,1.64961075088505,1.71290308274105,3.09787761960205,FALSE
"LNP_0178",102.983568585478,-5.96009582281113,0.258898402098566,0.460076118534873,0.378735689552947,0.16118819191218,0,0.558857206181571,1.60354819225425,2.68415880105104,1.47963071162569,1.54912193704551,3.59120365882785,FALSE
"LNP_0074",50.0624773325399,-1.53072698041797,0.420190549548715,0.495180959303029,0.371732865951869,0.133086174745102,0,0.555983503508898,1.12713948827765,2.33311045289934,1.45318427636422,1.56078556890975,1.40165886859943,FALSE
"LNP_0115",122.059627342969,1.67877691332251,0.219649110268801,0.551025709618178,0.327519366553389,0.121454923828434,0,0.555579628713939,1.4065931072573,2.55107172705471,1.67133241193909,2.06532979906108,1.47003922915176,FALSE
"LNP_0060",87.4462775886059,-9.67679038178176,0.386312383413315,0.560056841829426,0.360392542751438,0.0795506154191367,1,0.555476273481375,1.75052789079166,3.0919096352241,1.51706078861351,1.54706952936433,4.84690884214303,FALSE
"LNP_0263",117.418684251606,1.50871339719743,0.112702928297222,0.44312162979429,0.387595706348563,0.169282663857147,0,0.55420759899296,1.48975999506836,2.61352701046205,1.8050139125351,2.161617074751,1.39270861148478,FALSE
"LNP_0136",115.983844967559,-5.60033644549549,0.400977685395628,0.572908308036145,0.362362631821846,0.0647290601420089,0,0.551864675216383,1.43274130761143,2.4977431470246,1.35786465218275,1.48028453575125,3.40061105242113,FALSE
"LNP_0385",103.76771830488,4.90683684591204,0.453316476661712,0.402516539116349,0.497943132326687,0.0995403285569632,0,0.550977339377994,1.93204124099848,2.89878378537816,1.75968259959371,2.76401718904903,3.00064119945254,FALSE
"LNP_0103",98.8613033667207,-5.48363153357059,0.186819189880043,0.484086029117746,0.391819113913739,0.124094856968515,0,0.547641451503157,1.69151630676455,2.77739777075256,1.72749748397824,1.80463615373416,3.4135610442802,FALSE
"LNP_0164",87.4713956611231,4.25373109988868,0.196600900031626,0.521985872583448,0.399551827082992,0.0784623003335604,0,0.547568579675369,1.93894309073861,2.9437867459562,1.93552564872219,2.76247357254988,2.68881777179651,FALSE
"LNP_0188",106.459043477662,-6.58603489398956,0.415388771612197,0.458184175459626,0.366475472889523,0.17534035165085,0,0.545966302146145,1.55653170072769,2.57053506119483,1.43211806536828,1.54628618330335,3.90612708692859,FALSE
"LNP_0064",77.438364457339,-5.97838767804205,0.247962910681963,0.432196958046118,0.44505412611856,0.122748915835322,0,0.544919826658822,1.5663121418067,2.7059260040754,1.54911506229295,1.66684272345786,3.68187388102094,FALSE
"LNP_0438",98.7032569944859,7.46302735060453,0.444666981697083,0.528193881168458,0.368890294205771,0.102915824625771,1,0.54293588584489,2.28701591407901,3.58061291420692,2.04683767254345,3.59737368937645,3.78303225227475,FALSE
"LNP_0433",82.9547413391992,5.41245922911912,0.419189052470028,0.489536002420157,0.345850923414687,0.164613074165156,0,0.542880739778203,1.96337291007606,3.02016855307069,1.78347518881187,2.94680252500364,3.33325971354035,FALSE
"LNP_0051",54.5831166673452,-3.44805201981217,0.38354215528816,0.539014018914729,0.334879829793473,0.126106151291798,0,0.54099768740658,1.23652333973002,2.3727561593088,1.49366613191402,1.57018142112184,2.3516973792941,FALSE
"LNP_0409",83.9312580181286,6.40949024353176,0.134468876942992,0.508145797260696,0.395910904311589,0.0959432984277152,1,0.540689269654265,2.24763686314332,3.38028246130988,2.19647557251503,3.40623714922599,3.1760226390215,FALSE
"LNP_0432",106.364468345419,-5.9180823341012,0.220141668710858,0.535225099038501,0.382391722134795,0.082383178826704,0,0.539214537017264,1.48236559081533,2.49816530228698,1.50201496154885,1.5925131754042,3.50103829462261,FALSE
"LNP_0443",123.170765885152,-2.21659353934228,0.116786727588624,0.505878536781589,0.402702763450364,0.0914186997680462,0,0.537154411372904,1.24167976454132,2.40288689469125,1.68431387830367,1.71641183978157,1.78232277453672,FALSE
"LNP_0309",95.2458394225687,4.97585762292147,0.373843478504568,0.496875980268848,0.381371272840623,0.121752746890528,0,0.536032005625704,1.98978758224548,2.98778642759925,1.9548944802463,2.97036448229201,3.08673409055488,FALSE
"LNP_0006",54.5556499389932,-6.43972370773554,0.291154725011438,0.498119430753619,0.380106809545963,0.121773759700418,1,0.535783038275598,1.43038766575354,2.73867793120668,1.64667081302487,1.7100799175065,3.23476406862562,FALSE
"LNP_0057",62.7531650243327,3.31470285076648,0.363679170329124,0.509604205644401,0.374436498754448,0.115959295601151,0,0.53553249953824,1.60275437278214,2.66271087589105,1.78907973612796,2.48825555079472,2.2775860571122,FALSE
"LNP_0348",88.8319115154445,-9.81640108395368,0.360075634624809,0.497776846864783,0.393489898061815,0.108733255073401,1,0.535165470899796,1.60992585757665,3.04770710448824,1.53216986634148,1.63260040805963,4.91455896287572,FALSE
"LNP_0407",120.650190114975,5.25501178577542,0.318921071011573,0.508315737949552,0.301515003255996,0.190169258794452,1,0.533564701272688,1.85195861335214,3.14679267548622,2.02664198126406,3.0357223526115,2.62213709891797,FALSE
"LNP_0470",131.039806618355,-0.432611065916717,0.285184600111097,0.585288750464472,0.308553245349096,0.106158004186431,0,0.533427750258729,0.984266403126921,2.1241127585033,1.59317488649053,1.68874145356508,0.827156814030739,FALSE
"LNP_0392",79.6302175382152,5.13300265651196,0.37127909110859,0.573319905555194,0.241740760134873,0.184939334309933,0,0.532914026192198,1.9234064703267,2.95031913711389,1.89794992781825,2.93119996790982,3.1343571023056,FALSE
"LNP_0036",97.7795971091837,4.78063371032476,0.319197713304311,0.472191519768515,0.454789225994785,0.0730192542366995,0,0.53170241535023,1.9048929347862,2.98683495219355,1.96433691339125,2.91143712961854,2.99244839646653,FALSE
"LNP_0166",103.368794545531,-8.50086497608572,0.128987659886479,0.427782895564234,0.427105668749955,0.145111435685811,1,0.531641375823803,1.5865073635912,2.87967992403481,1.64830809011415,1.68817193638157,4.24996915865863,FALSE
"LNP_0116",64.2294295597821,5.63646130263805,0.197723299823701,0.496300128746222,0.32542639776826,0.178273473485518,1,0.528859759739883,1.88989513095945,3.25693350889676,2.06925341882711,3.19216746976975,2.79780896080846,FALSE
"LNP_0302",50.9429905097932,-2.68309053499252,0.294450891297311,0.499571771505366,0.381573757667517,0.118854470827117,0,0.527383916286371,0.971761098459062,2.06198734162184,1.3385765427381,1.52119699304636,1.95024592897498,FALSE
"LNP_0321",135.376337380148,3.77442240249366,0.422443790454417,0.536199058637525,0.348374807913667,0.115426133448807,1,0.526009971091841,1.29105691091106,2.65817169695393,1.6525404982964,2.5230804604794,1.87331079040858,FALSE
"LNP_0086",93.4892741497606,-6.97323657106608,0.208756082039326,0.496918669074808,0.37099141638391,0.132089914541282,0,0.525441586276132,1.50345008708189,2.59573019152558,1.54664573045832,1.66142280147891,4.07403600648489,FALSE
"LNP_0243",67.1698493883014,-9.01271405629814,0.349962214753032,0.597858618297185,0.323903811553434,0.0782375701493813,1,0.525032311510438,1.46769422357313,2.87318210009292,1.54846263604383,1.58960575536694,4.50984924700617,FALSE
"LNP_0237",69.7744736680761,6.08512558508664,0.144271515030414,0.418466082522329,0.431990460770353,0.149543456707319,1,0.52475843142741,1.96536940962023,3.28954044590427,2.09065706943615,3.36244273926563,3.00870164029498,FALSE
"LNP_0147",73.9099955651909,4.91272434592247,0.350267326179892,0.519157798473837,0.29082720393817,0.190014997587993,0,0.524483952434612,1.7617174240651,2.78049543806811,1.79315705692384,2.84201578367061,3.03817841606406,FALSE
"LNP_0083",91.7646779678762,7.08199955057353,0.227856847736985,0.401150983881274,0.40159674687564,0.197252269243086,1,0.524447878565384,2.14817090359222,3.33018340967438,2.09771273883522,3.4697512742766,3.61018383607975,FALSE
"LNP_0315",85.4783097514883,5.50594459287822,0.381951140239835,0.45683983315216,0.361386051832971,0.181774115014869,0,0.524230427417489,1.9079625287725,3.01264785678816,1.90851006213567,3.07450688353878,3.31119060663446,FALSE
"LNP_0394",128.568783425726,0.930455885827541,0.250923976767808,0.559789602034662,0.360942677076077,0.0792677208892611,0,0.523602423001827,1.07799009814615,2.2275294449773,1.68157947461652,1.94593509663757,1.13175652858463,FALSE
"LNP_0148",57.6691165333614,-8.29243085347116,0.351361921522766,0.577163088606467,0.332391644814403,0.0904452665791299,1,0.522875692523728,1.26881804574798,2.71653036343917,1.42843484902804,1.46723073502417,4.13162351245968,FALSE
"LNP_0209",67.0645235106349,-6.2825396982953,0.414139447361231,0.527463264583636,0.320235171620402,0.152301563795962,0,0.522713868667843,1.40211094808702,2.40851216274362,1.50457587408746,1.59290845047895,3.71670405954952,FALSE
"LNP_0450",117.333248141222,-3.91895061824471,0.208097240142524,0.460090295400765,0.406390611478725,0.133519093120511,0,0.521978952832932,1.37714958832798,2.4207828756019,1.75837725266535,1.75359095631927,2.65879403301193,FALSE
"LNP_0469",78.2852399628609,5.24056664668024,0.291059448756278,0.583361491699116,0.333655336077519,0.0829831722233649,0,0.52011409734696,1.82849625588006,2.90066100574614,1.88711503213812,2.98398792224776,3.1826005856959,FALSE
"LNP_0223",122.839442826807,4.85078264493495,0.144675202574581,0.471760932099735,0.401349141120631,0.126889926779634,1,0.514212914943711,1.64021755408893,3.01825756524859,2.01721860876148,3.01550661633207,2.46114351901353,FALSE
"LNP_0275",127.033407427371,-7.43871160782874,0.449092418514192,0.426499883986067,0.439166252239331,0.134333863774602,1,0.513318651472147,1.17312782820017,2.59525435627104,1.44482164004107,1.59630328538966,3.73699498946846,FALSE
"LNP_0301",128.457526653074,-0.586363328620791,0.110512335319072,0.482953347786628,0.429096373637517,0.0879502785758547,0,0.511649076201591,0.965696489240208,2.15293888967735,1.77370403651728,1.81277618033873,0.962056290280223,FALSE
"LNP_0426",112.625694740564,3.68972945958376,0.139738531969488,0.51841368706957,0.407146265126652,0.0744400478037776,0,0.511558216048326,1.60035548852505,2.73683647257825,1.97819938164993,2.75918594800342,2.41550166584444,FALSE
"LNP_0061",116.511519462802,-9.04580030124635,0.391013453248888,0.596791156971766,0.297450803968802,0.105758039059432,1,0.511278757280907,1.35703170141875,2.68925350674293,1.49773601233193,1.5737373765164,4.53124876396664,FALSE
"LNP_0203",110.136572597548,-9.53711015637964,0.295636599417776,0.497997300716038,0.436312314073861,0.065690385210101,1,0.510203094262598,1.36045403270072,2.76895672773798,1.47933952341155,1.58146596843639,4.76886618383011,FALSE
"LNP_0217",85.1888638455421,-9.86332982312888,0.252871664054692,0.581841592757703,0.319317350202144,0.0988410570401534,1,0.509585872749706,1.54187105283376,2.89789602130152,1.64959216802254,1.73442714741184,4.94959854891709,FALSE
"LNP_0150",123.213520552963,2.29124314617366,0.155563796777278,0.453255698005134,0.473188359502969,0.0735559424918964,0,0.509470812696784,1.2063997929967,2.25811314453847,1.74775930793867,2.25330027110355,1.62434727871628,FALSE
"LNP_0135",102.113572577946,-7.91842727921903,0.388523706514388,0.56411198777368,0.380019649692243,0.0558683625340766,0,0.508854446162295,1.42491903123553,2.57706943416772,1.50678280361579,1.60736437357546,4.62468471383066,FALSE
"LNP_0042",91.4546335814521,-8.16710610408336,0.387834913097322,0.602822754005459,0.316125916766126,0.0810513292284159,0,0.507886706564029,1.4727718241878,2.53423634988449,1.53006974056812,1.62351435757481,4.6774878512774,FALSE
"LNP_0294",138.044056878425,-0.211443919688463,0.439243072178215,0.551749202372762,0.329997195975107,0.118253601652131,0,0.507067516230061,0.622857871891566,1.77327207344924,1.39413059997878,1.58142464310959,0.734013369388405,FALSE
"LNP_0067",131.00643530488,-2.09492477122694,0.320369091629982,0.509160024541382,0.421751345242357,0.0690886302162614,0,0.506990424587344,0.906194873313885,2.00144242102264,1.54645458472329,1.5953835507174,1.68310137941558,FALSE
"LNP_0363",139.673868264072,2.9488428728655,0.434791164379567,0.510948986733361,0.408823811683239,0.0802272015834003,1,0.506775603719026,1.04932232276084,2.48939442353804,1.72330417030744,2.35161554259954,1.47678652504143,FALSE
"LNP_0447",126.039953622967,-1.89167009666562,0.12523749647662,0.478247856173742,0.376750714244505,0.145001429581752,0,0.5041196456698,1.02766348707352,2.10029481644756,1.71882451693035,1.79203383138937,1.61572743587826,FALSE
"LNP_0048",96.5962450252846,7.08729492966086,0.105243286397308,0.485606644526598,0.308478752080757,0.205914603392645,1,0.503514472246661,2.05739398371856,3.33997230084108,2.22190272257674,3.62108611837841,3.54876417654435,FALSE
"LNP_0393",122.598302690312,3.39207091834396,0.274194720201194,0.53627381818931,0.390926433489867,0.072799748320823,0,0.50223330576481,1.31228371661055,2.48598088056649,1.7705567713258,2.49389744399523,2.30547749804706,FALSE
"LNP_0264",145.016697933897,-0.354841770604253,0.158569417707622,0.554062575711927,0.321718029415738,0.124219394872335,1,0.502149362549104,0.479155923971485,1.87885959852433,1.52192654241307,1.59427064169337,0.151867100927388,FALSE
"LNP_0084",128.819583402947,-2.64208104461432,0.265422025695443,0.522911409115419,0.377709430978476,0.0993791599061049,0,0.500478273524488,1.00131152598725,2.07592034892157,1.62480803333127,1.7430735395268,1.9869026582683,FALSE
"LNP_0028",109.414202044718,-9.48946603108197,0.282195583172142,0.515606145134976,0.414490143206799,0.0699037116582253,1,0.500394091989365,1.35065190077506,2.76347987767413,1.56033083351688,1.6656321634865,4.75662720495918,FALSE
"LNP_0429",66.0475092474371,-7.25512764882296,0.470109146367759,0.497859894252592,0.348438896341085,0.153701209406323,0,0.499571667849873,1.22659722087923,2.35755760042148,1.408140161755,1.57187166967003,4.25182871272121,FALSE
"LNP_0296",131.66058876086,-1.8473868444562,0.221330068353564,0.515011077836462,0.35397528953416,0.131013632629378,0,0.498662868260908,0.795736448404006,1.89922082740898,1.52955571254159,1.57139575545044,1.52379024299094,FALSE
"LNP_0037",125.845953752287,-3.02561012562364,0.159697685483843,0.471513046317991,0.396059978227667,0.132426975454342,0,0.498631938492873,1.02460097338675,2.09382530337331,1.63557656661791,1.74990377442407,2.13673605127991,FALSE
"LNP_0112",80.1228899974376,-8.06732513941824,0.430532631464303,0.567023421442821,0.326005156387714,0.106971422169465,0,0.493995370311682,1.42747989406559,2.43630213608979,1.57186984131414,1.68634786359818,4.69675307434853,FALSE
"LNP_0258",90.4399181017652,7.76743170339614,0.197828272823244,0.470691921299563,0.332523551220336,0.1967845274801,1,0.491572217084224,2.05202140799965,3.33125158803544,2.21544043438767,3.73140118544214,3.87588047801714,FALSE
"LNP_0334",133.405430917628,4.4168070005253,0.346937763318419,0.415508150146442,0.406594866829135,0.177896983024423,1,0.49031942281511,1.23299642034867,2.60410369909551,1.82532722308842,2.72750604149029,2.20797770083394,FALSE
"LNP_0391",147.709899628535,1.3130868691951,0.497206205129623,0.529635774437,0.396302664257492,0.074061561305508,1,0.488096998570963,0.505054546631625,1.93371851166751,1.48534149785839,1.85627971507196,0.681376349975472,FALSE
"LNP_0168",72.1102937823161,-6.85664349701256,0.214783047698438,0.435874566019045,0.436249713910259,0.127875720070696,0,0.487958640270686,1.22625273279387,2.37706412256154,1.58380561482849,1.66957037325695,4.07406792360534,FALSE
"LNP_0142",90.9474952612072,5.97647115588188,0.262145553901792,0.538326183405699,0.276448678559545,0.185225138034756,0,0.487728443334693,1.81561438389913,2.80597798309969,2.01764120092666,3.20495226818344,3.59502582860302,FALSE
"LNP_0171",112.997305346653,-9.59851981606334,0.26420575613156,0.600008915190201,0.334760125573846,0.0652309592359534,1,0.487420155976664,1.25308782828817,2.67334803224641,1.54140122065565,1.64892240011093,4.85275858189588,FALSE
"LNP_0389",59.4962413189933,-4.81146659702063,0.124335222505033,0.498313943113877,0.333967020552687,0.167719036333436,0,0.486495671184655,1.0855091012428,2.18884110506601,1.6279728642738,1.73985086374939,3.05814219930733,FALSE
"LNP_0081",74.3619472719729,7.5734804244712,0.256932501588017,0.537250366453128,0.293735003849609,0.169014629697263,1,0.48580946617224,1.92454118716761,3.23006722722276,2.16189217072717,3.62597939327021,3.77368543567867,FALSE
"LNP_0436",111.267196526751,-6.82623204775155,0.252635878045112,0.458246752166746,0.418514591459732,0.123238656373521,0,0.485369264290125,1.21879041557504,2.3179531535115,1.60134875180025,1.65521142059168,4.0171918433577,FALSE
"LNP_0092",115.310192503966,-8.78435550257564,0.131602272670716,0.543735165702823,0.295056819521303,0.161208014775875,1,0.483765401119467,1.21007488320352,2.61637284032231,1.63476042970072,1.68542253057248,4.40261264435118,FALSE
"LNP_0049",76.5972640365362,6.0447643417865,0.446999787446111,0.570445301968376,0.295053377636169,0.134501320395455,0,0.483341764609983,1.808006746787,2.82697650940115,2.0055495831981,3.28222406197203,3.7160102967788,FALSE
"LNP_0482",131.393372127786,4.23385158646852,0.144842596724629,0.539769281092417,0.362330211956587,0.0979005069509966,1,0.481981608250628,1.27838635288857,2.61477669676673,1.98494808172101,2.80533598721611,2.13027720773945,FALSE
"LNP_0350",112.329754629172,-7.39910809323192,0.338980746641755,0.500611084991835,0.405007111478137,0.0943818035300283,0,0.478878840091957,1.14543044508246,2.2339456263922,1.49265906117776,1.60840241106075,4.27228983613344,FALSE
"LNP_0285",55.7958560530096,6.23439168557525,0.325006723497063,0.417804253890621,0.387796046616205,0.194399699493174,1,0.477434323394132,1.49109859303302,2.88665817440811,1.97241249444333,3.17718109593891,3.11212279178814,FALSE
"LNP_0420",52.799257193692,-3.60893541015685,0.234519280865788,0.449504216998868,0.369678945333848,0.180816837667285,0,0.475246248402194,0.934617813496131,2.02752008425132,1.68003043934048,1.80272412797286,2.43454560868342,FALSE
"LNP_0318",73.7749404972419,-7.47834429144859,0.202042273338884,0.443162274738057,0.366816182428891,0.190021542833052,0,0.474612482279937,1.13774400046136,2.27742639809522,1.52518571612816,1.64034797295584,4.3454136766837,FALSE
"LNP_0446",120.857413718477,-6.76381579600275,0.401559911761433,0.479452027645906,0.357315232313289,0.163232740040804,0,0.473162453224578,0.936355926343332,2.03550735819085,1.35525252965132,1.50213122507806,3.9649916153602,FALSE
"LNP_0421",104.745946801268,6.16772510576993,0.442270676419139,0.55096599712575,0.369403919982198,0.0796300828920521,0,0.472981506948403,1.73356311212512,2.69460271402196,1.98957310426426,3.23012487863544,3.75940661611625,FALSE
"LNP_0131",111.925648339093,5.18270678818226,0.316102473158389,0.558678043654491,0.288117622935703,0.153204333409806,0,0.472897704121319,1.54943053594792,2.61232045277381,1.97147144825266,3.00793167091623,3.28774649565054,FALSE
"LNP_0354",66.3070329232141,4.30267055518925,0.109926841501147,0.448945370079277,0.483312960355116,0.067741669565607,0,0.470589460398853,1.39106689438183,2.41918202300994,1.94373376983488,2.8559719080767,2.75544309763358,FALSE
"LNP_0152",99.7527267085388,8.3411426609382,0.339646386913955,0.45908633788119,0.383356829349429,0.15755683276938,1,0.470037188781882,1.90392960142866,3.24542477913061,2.16763036871254,3.74567809260477,4.18952534317339,FALSE
"LNP_0027",104.406602471136,8.06467120535672,0.332578935287893,0.423090835018333,0.452091295746258,0.124817869235409,1,0.469131888356569,1.86866423686019,3.19795397706424,2.16556661614298,3.69920513132814,4.08345110564966,FALSE
"LNP_0293",57.1904097218066,-5.6115490803495,0.181216019950807,0.530836720142916,0.308306141202442,0.160857138654642,0,0.46903314147376,0.918597404460506,2.05199613497636,1.52675960185585,1.63348022597183,3.3787197637011,FALSE
"LNP_0332",78.6285348702222,5.43818964622915,0.228140847291797,0.526764353435499,0.323939363525703,0.149296283038798,0,0.468220330846122,1.72304586473643,2.78899706398419,2.1830310546004,3.24632637344351,3.44074819829533,FALSE
"LNP_0151",134.745316510089,5.05864115897566,0.46586286816746,0.463358284922484,0.348373498063169,0.188268217014348,1,0.468079520257647,1.14056483636359,2.56551523682428,1.83187123084564,2.89586146064353,2.46126772583412,FALSE
"LNP_0190",140.187438949943,-4.92358407005668,0.337709188554436,0.496089293355716,0.336666365141021,0.167244341503263,1,0.4678637490599,0.674366085142157,2.1121497485956,1.56309991081564,1.65098561465241,2.47195711176944,FALSE
"LNP_0155",61.1096461303532,4.73240692168474,0.311506158392876,0.466126709027423,0.421622724180295,0.112250566792282,0,0.467090560923272,1.27061718472651,2.44566500363242,1.83364496577508,2.7756309075812,2.94491976021491,FALSE
"LNP_0242",116.231764201075,-7.03295216429979,0.228697636537254,0.563774203622611,0.362529284647269,0.0736965117301199,0,0.465259365795633,1.00290035271958,2.18328693278011,1.52881581467836,1.5993407947641,4.10799176250891,FALSE
"LNP_0356",148.595416522585,-1.27904656343162,0.290223289653659,0.56954368325555,0.302962264147382,0.127494052597068,1,0.464249954616749,0.280180613378916,1.78035279590557,1.54272990098135,1.64355452267011,0.659920365570323,FALSE
"LNP_0013",117.757063545287,7.20213692169636,0.174056127481163,0.560542182996925,0.369347503310371,0.0701103136927032,1,0.464157050743615,1.51933955208443,2.94576967562301,1.9478221564238,3.44408278044085,3.58145530485928,FALSE
"LNP_0281",125.859316950664,-4.82397597283125,0.180834982171655,0.482668517904294,0.398220856197617,0.11911062589809,0,0.464117460992839,0.799433627211765,1.89844107411172,1.50205277316031,1.61713105511294,2.97581236004701,FALSE
"LNP_0162",85.3904571849853,6.12870327662677,0.182946199923754,0.495493046197867,0.379085035443225,0.125421918358908,0,0.463552467145182,1.65454536597308,2.73070641296222,2.06220531173453,3.2410040726606,3.66531892795286,FALSE
"LNP_0417",145.062126405537,1.82387514039874,0.335810260195285,0.435404093621938,0.368263507756459,0.196332398621603,1,0.463469163493758,0.534985735818408,1.98568782843714,1.69246478965692,2.13466080121403,0.863738537613524,FALSE
"LNP_0096",68.7691119266674,7.61528229806572,0.402839413378388,0.3909207501613,0.422249134045494,0.186830115793206,1,0.46049404133883,1.79364039311073,3.02896164766243,2.19094440200137,3.68696216423971,3.80945044611764,FALSE
"LNP_0045",65.2444747742265,5.06220199167728,0.19698283104226,0.471031991105593,0.393649153992332,0.135318854902075,0,0.459541835808732,1.3324832690272,2.35639378941396,1.87727837770343,2.83048358863333,3.12632765181853,FALSE
"LNP_0108",110.873498232104,6.45434783305973,0.475052932929248,0.508899608987062,0.387296699705537,0.103803691307401,0,0.459321483692385,1.55142947025443,2.65537457064212,1.90685595178115,3.21974520650014,3.84370787292004,FALSE
"LNP_0072",112.922113155946,8.1209622323513,0.439565633703023,0.388127761244242,0.470629005964328,0.14124323279143,1,0.458048636832321,1.70221324765829,3.0968659714347,2.09267306697644,3.66095063355865,4.02415395509065,FALSE
"LNP_0104",145.44738274999,-3.63010823726654,0.397695402149111,0.470144669069242,0.374962968439821,0.154892362490938,1,0.457147788021497,0.466976621299184,1.93802944694419,1.57585557607375,1.6352241992734,1.82190302593998,FALSE
"LNP_0464",66.529808123596,-7.20044137910008,0.175967089366168,0.499133876751273,0.358822093798675,0.142044029450052,0,0.451827045935173,1.0006491618666,2.09990836753818,1.58846520905464,1.70991968809422,4.17437250508747,FALSE
"LNP_0344",72.5073350826278,-7.60142238344997,0.199618741869926,0.478294310456188,0.381884358148414,0.139821331395398,0,0.451062536739068,1.10618604879039,2.20856227651326,1.67095134500424,1.74971495527267,4.47013714510172,FALSE
"LNP_0078",111.277100327425,-9.63271832559258,0.111975930165499,0.540010102225269,0.387400710200507,0.0725891875742238,1,0.450146131691334,1.10565926699812,2.4986303475415,1.70951519517443,1.79073206050774,4.81355969482274,FALSE
"LNP_0158",71.6892762808129,-8.87235549278557,0.441747969482094,0.500113012469091,0.362990673801519,0.136896313729391,0,0.448858140281271,0.974926131021821,2.06638605798833,1.38104175422825,1.47673245660344,5.10862522704953,FALSE
"LNP_0008",139.241904439405,0.0789742404595017,0.218160032201558,0.516568556896887,0.294267034416921,0.189164408686192,0,0.448289707791874,0.273365596305886,1.43405832837579,1.59258593075879,1.63912607992771,0.558112301369524,FALSE
"LNP_0366",128.394647873938,-4.58369134925306,0.219542396813631,0.464557554166625,0.346367734976756,0.189074710856619,0,0.444659581362659,0.748319833096913,1.92982477015988,1.6752896296449,1.72303486385794,2.94499643186983,FALSE
"LNP_0120",90.4510281747207,-9.11705864127725,0.327427501603961,0.400902903483093,0.411626769702675,0.187470326814232,0,0.444253189531497,1.04958228248249,2.1222404318035,1.5117785040263,1.57097365812482,5.13264130076238,FALSE
"LNP_0424",82.1937375701964,7.13193933945149,0.473029114119709,0.535480185369827,0.3681371406079,0.0963826740222731,0,0.441643869275411,1.6753263836848,2.73016776715502,2.06370654773833,3.54080978042181,4.23410488494481,FALSE
"LNP_0227",97.7845379849896,6.94482596125454,0.2974464754574,0.467996361512642,0.336000407567183,0.196003230920175,0,0.439955151008008,1.55250630199901,2.61914705802413,2.00014150420435,3.37469154842705,4.07886732307041,FALSE
"LNP_0041",64.2800022382289,6.01896423846483,0.433317908644676,0.415713935346021,0.38705494368007,0.197231120973909,0,0.439456712101193,1.2914804176435,2.40620445735511,1.85242905195394,3.11650626221039,3.57402552364882,FALSE
"LNP_0189",141.318822302856,-0.414568800479174,0.377165466640145,0.596367446892703,0.337210880830664,0.0664216722766336,0,0.438924141428502,0.316459839156663,1.41386370410287,1.61428210274155,1.72179417666816,0.890739696798422,FALSE
"LNP_0043",91.3724326295778,6.64215548429638,0.282754702214152,0.465704272689068,0.362700247305678,0.171595480005254,0,0.438584402062081,1.58763233092897,2.58485939783293,2.05833946671152,3.42184132697852,3.96318235341604,FALSE
"LNP_0134",123.707773792557,4.592633289285,0.327099349442869,0.562177264013797,0.306424662351579,0.131398073634624,0,0.437790200610733,1.13581335067707,2.23278437029716,1.92041408459986,2.85249771255715,2.90626966553353,FALSE
"LNP_0218",90.8943997928873,-9.9263154482469,0.420873083174229,0.502908432862023,0.397544244979819,0.0995473221581584,0,0.435523130561819,0.94434195172993,2.11206504148848,1.39046097595252,1.50811829341026,5.54417923707062,FALSE
"LNP_0204",101.502972724847,7.24799079354852,0.387236723583192,0.594565176461162,0.258262483243571,0.147172340295266,0,0.435341554832266,1.53189475734065,2.57972095316084,1.96380895167372,3.4020052329756,4.20255853236814,FALSE
"LNP_0283",89.6584594622254,-9.69044662080705,0.342732060328126,0.571888182609165,0.351002795245736,0.0771090221450988,0,0.434993180520828,0.979146663993973,2.11885954301882,1.47051574404354,1.5495799344377,5.40013997382512,FALSE
"LNP_0328",53.4874804085121,-8.92926130909473,0.296310492511839,0.620942375695773,0.28941502642559,0.0896425978786366,1,0.434331009359504,0.796959274682495,2.23388185285149,1.57540365826875,1.66773220252309,4.44670322390398,FALSE
"LNP_0229",119.826159486547,5.86448335554451,0.443520135711879,0.483965737541829,0.444083173025355,0.0719510894328167,0,0.433723815096334,1.19710751364699,2.22978626087071,1.79537178802783,2.97582368512328,3.52746607744545,FALSE
"LNP_0311",88.9587111538276,-9.01168806478381,0.181514362059534,0.433331317564462,0.373843634269833,0.192825048165705,0,0.43177482673248,0.975329283554423,2.05732103785284,1.5315778915748,1.6477891233343,5.09114953400001,FALSE
"LNP_0113",56.0720571549609,-9.56012569367886,0.291817631199956,0.565832969038642,0.353443172509204,0.0807238584521542,1,0.431549666682086,0.753892847998493,2.2642478476082,1.49843229509208,1.5893191942604,4.79687810227848,FALSE
"LNP_0492",57.0488977711648,-5.52439997904003,0.10460870526731,0.492014810865802,0.380247771702329,0.127737417431869,0,0.430603929097808,0.818080436354524,1.93429747321833,1.76293830761447,1.78859213308576,3.4257731215893,FALSE
"LNP_0434",149.661721871234,1.92725921515375,0.420204284787178,0.437171543378177,0.484909796585608,0.0779186600362149,1,0.429609631599012,0.213567773589637,1.59948781273884,1.57566896369724,2.03543295553389,0.898513137696825,FALSE
"LNP_0457",131.182741606608,2.90855031460524,0.192729518655688,0.504317872832151,0.433341786247026,0.0623403409208234,0,0.427929035408821,0.74223079878428,1.87660477933836,1.83097591154191,2.41912563281396,2.09785389315669,FALSE
"LNP_0094",115.67581279669,-7.59525742847472,0.151766515802592,0.608185135107537,0.311743095104664,0.0800717697877989,0,0.427687570580064,0.828359454267693,1.98510583319803,1.61560142662831,1.63381733995825,4.33971589531827,FALSE
"LNP_0320",135.688542015851,1.23351217713207,0.113560608308762,0.401233318106758,0.419766219534223,0.179000462359019,0,0.427543084145863,0.402495823227144,1.66174155846253,1.75832231388992,2.08501383680845,1.15434669745826,FALSE
"LNP_0161",100.229956326075,6.91112245898694,0.250337374676019,0.515839082788464,0.406717816615212,0.077443100596324,0,0.427174176311571,1.52229123813584,2.60420200713889,2.12416987928325,3.42531531730043,4.00488165206199,FALSE
"LNP_0206",138.024654123001,2.63577743433416,0.495483544375747,0.486862208307079,0.340248735874438,0.172889055818483,0,0.426930432097098,0.558244718280685,1.76359407900567,1.70663909339001,2.26081584692768,1.86256160162804,FALSE
"LNP_0047",73.3034099452198,-8.3706687996164,0.25651803649962,0.410511370866121,0.466896480137307,0.122592148996572,0,0.426908971109561,0.986059462751731,2.05579734049693,1.65857255838067,1.69879878765304,4.85952362539445,FALSE
"LNP_0035",52.461368450895,-9.21001604292542,0.348690393101424,0.496404784370808,0.296798810710729,0.206796404918463,1,0.426398682281516,0.670303208567021,2.11865703384825,1.46333471853337,1.56446352102543,4.59459546339782,FALSE
"LNP_0471",59.3916607089341,5.63937829341739,0.380071444436908,0.490802522427584,0.309241228023927,0.199956249548489,0,0.425532181064705,1.1837070551901,2.36297677626147,1.93254507703986,3.10558964646867,3.42900203143878,FALSE
"LNP_0201",73.8726026844233,6.89867079723626,0.443436562921852,0.49903481023565,0.391128430437736,0.109836759326614,0,0.4242116125573,1.52521492349847,2.60278014597264,2.12800442125638,3.45783834686203,4.07922276823297,FALSE
"LNP_0410",118.078755121678,-8.57136300764978,0.479153033997864,0.500417119394206,0.340842396143601,0.158740484462193,0,0.42296946023756,0.721352663424091,1.91786637804205,1.38740545849773,1.53715781831301,4.8672823297527,FALSE
"LNP_0465",108.493655733764,8.15892801620066,0.110387510992587,0.477196208333508,0.36132974171278,0.161474049953712,1,0.422280888680038,1.56759690390858,2.86078059230637,2.19574184013625,3.78564153589637,4.09691268612629,FALSE
"LNP_0274",66.4211224997416,6.14998218603432,0.326472961995751,0.577091665974753,0.295430926846925,0.127477407178322,0,0.421434148332693,1.36490986370806,2.44247653030359,2.0722113186974,3.32295732556991,3.67930667169627,FALSE
"LNP_0397",77.0544872386381,-9.59863067604601,0.365186790097505,0.499882333505047,0.325683510873948,0.174434155621005,0,0.421268632871147,0.851976541138825,2.01777083419439,1.45446244788671,1.54259893107836,5.37547108629928,FALSE
"LNP_0038",71.6407935833558,6.58501646947116,0.323818347696215,0.401726627618957,0.433501835292434,0.164771537088609,0,0.421064675976697,1.38651277894908,2.50795211122063,2.07988304151982,3.34608452873342,3.82978983390336,FALSE
"LNP_0288",72.5886432919651,-9.62463565636426,0.319711917545646,0.577437411380961,0.355420694633188,0.0671418939858505,0,0.41972447093495,0.755365401059307,1.94838787522879,1.36404414817866,1.48673388784984,5.31972791258591,FALSE
"LNP_0269",52.0024300552905,3.660205649212,0.135157845914364,0.543921874274384,0.289939100907595,0.166139024818021,0,0.41769775093925,0.801154101673281,1.98844386633894,1.88172409584549,2.66974104362715,2.42996452522025,FALSE
"LNP_0254",76.7521432135254,-8.56739887967706,0.100462327897549,0.485788642647102,0.386603871199089,0.127607486153809,0,0.417674476328906,0.872164529192037,2.11639040547411,1.67251887189223,1.68356561991754,4.88728860810788,FALSE
"LNP_0125",86.9488865835592,-9.1578390263021,0.155356050934643,0.442772611194473,0.401365352092468,0.155862036713058,0,0.416980608273506,0.910309249884235,2.01194004695411,1.58165480751267,1.65791034151714,5.20529143297189,FALSE
"LNP_0282",63.7106081005186,6.38934279792011,0.441112155839801,0.415032095029114,0.42625999003216,0.158707914938726,0,0.413684455161112,1.23343529821943,2.26446440817826,1.92820490625638,3.2125953845956,3.80698099968035,FALSE
"LNP_0375",103.37648736313,7.21978715155274,0.374268533755094,0.456055883849929,0.36348024176544,0.180463874384631,0,0.413013437090758,1.43595207689582,2.46482566651237,2.02841765010334,3.49417377217672,4.23751499862267,FALSE
"LNP_0156",88.9994435245171,7.14894848875701,0.248791498411447,0.515467101344457,0.333131396217351,0.151401502438192,0,0.411729567352751,1.53683413959098,2.59824617386686,2.21573132086183,3.59484287932383,4.16661573860731,FALSE
"LNP_0126",148.421920347027,-2.71177836693823,0.123212279099971,0.596024090400807,0.27000696282257,0.133968946776624,1,0.410781106742773,0.109045866871145,1.65951693798565,1.70000633407077,1.76224040923119,1.34947279849811,FALSE
"LNP_0416",69.2023318726569,9.18931567575783,0.392073424812406,0.471949613880638,0.344049794220139,0.184000591899223,1,0.410210715884417,1.52644717470577,2.89940463798225,2.10149861571545,3.94262260019393,4.58843481277735,FALSE
"LNP_0015",60.2924682665616,4.71798700746149,0.107676412258297,0.42850411637435,0.422278810372709,0.149217073252941,0,0.409699976250854,1.07957818999832,2.14551893264739,2.09424576948192,2.99265659481954,2.9638240596626,FALSE
"LNP_0413",71.5172082651407,7.33120359480381,0.345536377467215,0.522843182436784,0.297070798296147,0.18008601926707,0,0.40700802912878,1.32014468886879,2.45353152930876,1.97667023206556,3.42932871462891,4.27930026776287,FALSE
"LNP_0280",114.88181243185,6.17224089801311,0.25687859384343,0.567614835245071,0.315383029842317,0.117002134912612,0,0.406993770724397,1.26765537212786,2.33122821479398,2.08103068016863,3.31228470397526,3.70581084643254,FALSE
"LNP_0065",131.464003887959,3.00523000769317,0.131088621728122,0.539990463458177,0.322658780309605,0.137350756232218,0,0.4068967325758,0.651803191422489,1.79432614395116,1.91256251853864,2.51978184003765,2.0900767059019,FALSE
"LNP_0005",144.046728429385,-2.69091460853815,0.43909566309303,0.51229673199313,0.340863490677454,0.146839777329416,0,0.405991492700198,0.0337787072537953,1.29019604199013,1.39832343950216,1.51225602458519,1.93123542384458,FALSE
"LNP_0486",61.5779664833099,5.14658318366855,0.119325809925795,0.450082839604722,0.32736673629646,0.222550424098818,0,0.405070366229643,1.0917050789205,2.14266935057646,2.06222725270459,3.08765223442894,3.16821042412174,FALSE
"LNP_0376",146.384333190508,3.4710997575894,0.429410240054131,0.550177979766153,0.282196235886179,0.167625784347668,1,0.404092214717075,0.399370827491858,1.86702653910431,1.7656944492548,2.60070397803876,1.73338040278244,FALSE
"LNP_0018",54.2059533530846,5.40409518871456,0.356585055682808,0.500837413895562,0.335845102919535,0.163317483184903,0,0.403706989632341,0.902418201604249,2.08087368265563,1.81477011919782,2.94542496899052,3.38017044960572,FALSE
"LNP_0380",147.134245024063,2.6370035065338,0.344949988927692,0.408712134975305,0.410334787201244,0.180953077823451,1,0.402942025704249,0.298829812548699,1.83635925659878,1.873121476518,2.42952734046377,1.24151927115114,FALSE
"LNP_0191",77.4166621500626,-9.2043872596696,0.149543060548604,0.503494549245838,0.409608563184552,0.0868968875696104,0,0.402812571776574,0.779591846288475,1.90409820726068,1.56184427938087,1.64584668044477,5.19281026474186,FALSE
"LNP_0100",101.150545990095,-9.36056743841618,0.179964709747583,0.54185791397923,0.337171506839879,0.120970579180891,0,0.401965324733724,0.807401018276686,1.99014739457937,1.58881880277276,1.70540886248778,5.31099591859774,FALSE
"LNP_0327",149.940452794544,-0.976621871814132,0.295469414070249,0.413703540129839,0.392340601744321,0.193955858125841,0,0.401381489504981,0,0.702524784728737,1.41742378063573,1.51641231708877,0.946220850546864,FALSE
"LNP_0195",143.731408915482,-4.32576446328312,0.110439088661224,0.497379910609199,0.371209661643347,0.131410427747454,1,0.4013512344048,0.224911549619655,1.6643748761671,1.68788463148432,1.77048621124257,2.20579150418977,FALSE
"LNP_0468",119.120783149265,-7.66344754956663,0.155051195155829,0.524648837229869,0.392055163525517,0.083295999244614,0,0.400179884448636,0.585065514306217,1.78682389400202,1.5351450789962,1.63265232217367,4.47612160015715,FALSE
"LNP_0261",142.57079558447,0.275622783228755,0.199490545783192,0.491682085008523,0.365913648938807,0.14240426605267,0,0.399778081515294,0.0382697211492204,1.18182447949563,1.68325943775092,1.82545836519684,0.704950256128368,FALSE
"LNP_0430",136.255189753138,5.69863112643361,0.274159505404532,0.517570974522356,0.350803814426975,0.131625211050669,1,0.398726505252598,0.758593525917676,2.24459376089961,1.93955204683702,3.02661490822558,2.81542844070642,FALSE
"LNP_0068",131.238950951956,6.24609657097608,0.154346158541739,0.589306974018127,0.311823030162425,0.0988699958194477,1,0.398650319536482,0.989075264579735,2.38190785265456,2.08579561816176,3.28880584272429,3.10212168480911,FALSE
"LNP_0070",93.9831687603146,7.7026530308649,0.324785263556987,0.481334164235505,0.371229606957688,0.147436228806806,0,0.391992570490045,1.44251455261278,2.50727073372268,2.17301524111625,3.69446374743463,4.47000369065794,FALSE
"LNP_0411",81.6949248081073,-9.92207313887775,0.388959547225386,0.386249616932109,0.449666635835189,0.164083747232702,0,0.390460257326548,0.800792670730611,1.92177985574942,1.60667833636457,1.67212754518201,5.6310132049403,FALSE
"LNP_0122",81.9820617092773,7.31001628097147,0.177122250758111,0.438751254257551,0.471351204836693,0.089897540905756,0,0.388900165446451,1.32027123074791,2.42706627619999,2.16165299978794,3.52443956317517,4.26644197367125,FALSE
"LNP_0009",105.143501446582,8.9007020695135,0.126251244731247,0.511316695190678,0.281201998100755,0.207481306708568,1,0.385793989421929,1.50116686026054,2.93510971803588,2.38596241004684,4.07956588770052,4.47264474047874,FALSE
"LNP_0184",76.5017806086689,7.73132241796702,0.446475652139634,0.447954504289931,0.355642621270804,0.196402874439265,0,0.385491003819717,1.34877226876597,2.43543376714674,2.1340806280935,3.61471394225476,4.49337630567578,FALSE
"LNP_0232",92.8421508753672,7.49764774926007,0.211024032067508,0.439673804053428,0.401661566937856,0.158664629008716,0,0.38430935704792,1.3293790452071,2.4104683438326,2.14816941497754,3.59832816295027,4.40468835307726,FALSE
"LNP_0441",78.2992870779708,9.5177938695997,0.159512633364648,0.494879960790569,0.394004435806761,0.111115603402669,1,0.383260822203545,1.46929662374671,2.94220041914102,2.25820421312116,4.17366250032678,4.74568606731416,FALSE
"LNP_0107",141.443818691187,-7.074358840473,0.339455418754369,0.569578806304054,0.284473505049464,0.145947688646482,1,0.382977791914256,0.230272509494535,1.66592288860905,1.56371706364242,1.64549158364722,3.53880733965637,FALSE
"LNP_0021",138.953931606375,-3.97714951075613,0.284486628137529,0.461117507378365,0.393791746727699,0.145090745893937,0,0.382966232188333,0.144565190042881,1.29061887968389,1.54172493664623,1.63962107729736,2.66808743721582,FALSE
"LNP_0198",115.923032420687,-8.0739777861163,0.143920637387782,0.486916485794607,0.34943284409745,0.163650670107943,0,0.38245281186135,0.656453022771463,1.77878689765829,1.75006956700731,1.79186206446379,4.56605377589394,FALSE
"LNP_0087",148.495697998442,-4.36376660596579,0.146232982818037,0.494339868313401,0.320789377279891,0.184870754406708,1,0.381287661897682,0.000562053071277404,1.38472993996958,1.57610759098347,1.68803759076735,2.18011760195422,FALSE
"LNP_0395",60.5417746119201,6.22927315533161,0.284473609738052,0.548722230853197,0.401914159771514,0.0493636093752883,0,0.381198079346318,1.07629694147521,2.1363798526577,2.07209378338327,3.29720974513697,3.76597152367995,FALSE
"LNP_0422",114.4240220543,-9.16161003056914,0.332211397401989,0.459097873291055,0.404897766287596,0.136004360421349,0,0.380974109218477,0.595128951012698,1.70590856051847,1.498202734383,1.68611940661923,5.20993216743176,FALSE
"LNP_0193",148.564088437706,0.791218280792236,0.279764555115253,0.478535993522198,0.442743746958372,0.0787202595194299,0,0.380042493803073,0,0.748331499636855,1.56992229660148,1.81830457164588,1.01215215322644,FALSE
"LNP_0183",120.829032221809,6.62443957757205,0.371609123796225,0.576043190533146,0.242057778997691,0.181899030469164,0,0.379419303210019,1.0148498762595,2.22276504992466,2.01480423166678,3.31386661734044,3.91064465102867,FALSE
"LNP_0082",116.805558744818,6.25705375801772,0.16877473294735,0.449627949436665,0.471997678371341,0.0783743721919944,0,0.377454208683122,1.04718220852772,2.19436709043506,2.12448541620091,3.27348828180785,3.77314527910345,FALSE
"LNP_0384",126.919391122647,-7.02812574803829,0.130321143381298,0.468419159474284,0.37064410680533,0.160936733720386,0,0.376560958452376,0.34452781937914,1.55734678494996,1.54231668987136,1.65288873610857,4.10678957697879,FALSE
"LNP_0004",138.301740400493,-8.40054175350815,0.441372095514089,0.475258474260364,0.411409125259302,0.113332400480335,1,0.376505614084322,0.234592633099202,1.73951458545411,1.50113250068911,1.58225319332215,4.22451020289678,FALSE
"LNP_0262",138.197755930014,-5.27320221997797,0.345981581509113,0.407400421609905,0.485418868404938,0.107180709985157,0,0.376415154776506,0.0672417018663437,1.33699378865413,1.41652879558261,1.53257596477255,3.26090505938127,FALSE
"LNP_0303",127.906588278711,-7.57455891463906,0.317072413116694,0.520533980350668,0.366046965849737,0.113419053799595,0,0.372801444130912,0.387780521894335,1.57839125528614,1.55524121011491,1.69011941986482,4.36774247443539,FALSE
"LNP_0138",128.628155170009,5.04075082484633,0.215204112511128,0.427690504451281,0.425465668186726,0.146843827361993,0,0.372085925321479,0.661228186119826,1.81936539106331,1.93913592290346,2.86799942298967,3.04326619462776,FALSE
"LNP_0304",122.939065191895,-9.06012638937682,0.434664046764374,0.543146504936414,0.392783551680492,0.0640699433830948,0,0.369755394519621,0.373957129762637,1.60130665768408,1.42960876758032,1.537625071566,5.07844458016011,FALSE
"LNP_0331",111.723526963033,-9.91786119062454,0.305029988661408,0.588952574780506,0.264714008250371,0.146333416969123,0,0.369409667057265,0.523702313477129,1.65750519692398,1.47112190130441,1.55388911408531,5.59610454466269,FALSE
"LNP_0277",147.187563567422,-3.36906016804278,0.395060882903636,0.401952054046287,0.434664616682733,0.16338332927098,0,0.368798763401218,0,0.853119429857043,1.4553759213544,1.60007747074436,2.29972895716737,FALSE
"LNP_0440",66.116576269269,-9.52622713521123,0.306530429422855,0.499445715557349,0.37975760733045,0.120796677112201,0,0.368614995751995,0.512740185996671,1.67983337083512,1.50213997775117,1.6652709189147,5.37824832797066,FALSE
"LNP_0099",96.677904156968,7.88669250905514,0.215476043429226,0.50384164287392,0.333593647893113,0.162564709232966,0,0.368513910300264,1.26820793107754,2.35309575956397,2.17609117806245,3.72975811435983,4.46215236440478,FALSE
"LNP_0362",69.2815946880728,-9.15278642438352,0.163486588001251,0.524609851077692,0.394010793456243,0.0813793554660646,0,0.367957793983154,0.60381501891598,1.81958521397675,1.72516078683702,1.75778109815877,5.15375304395146,FALSE
"LNP_0167",124.033436039463,8.71292294468731,0.376395939942449,0.611225949440988,0.271225880562546,0.117548169996466,1,0.360554355801052,1.08497688768144,2.43754664653189,2.11849660911968,3.81501060267752,4.30863499883221,FALSE
"LNP_0260",136.810680688359,-5.92512372881174,0.331032511778176,0.507970867442129,0.388311879008933,0.103717253548938,0,0.358855647069328,0.0718878230387114,1.30824556746392,1.49954318692525,1.57287155345515,3.63344783588089,FALSE
"LNP_0439",59.9445823347196,7.39412140566856,0.362653068359941,0.551493517734522,0.342859771959049,0.105646710306429,0,0.356872181601519,0.919844554759052,2.06832053201419,1.92644201859948,3.45709570319549,4.30621341470634,FALSE
"LNP_0458",124.751632218249,-8.77474771346897,0.389942330215126,0.537390808135651,0.297239699188411,0.165369492675938,0,0.356116999726174,0.254727794024085,1.5743418818707,1.44420776613285,1.58838063068064,5.03008858015126,FALSE
"LNP_0483",80.7763874297962,8.39696115348488,0.435590807721019,0.446305591772276,0.472528282092147,0.081166126135577,0,0.355780957348866,1.27919613455263,2.38656724789682,2.19087379965698,3.82826888461089,4.90227249969325,FALSE
"LNP_0314",55.5301926331595,7.6826721476391,0.194749038200825,0.486356491291801,0.351529437886456,0.162114070821743,1,0.354828042972802,1.06240371766835,2.45217961260401,2.30956606757923,3.80812600889151,3.88939978880381,FALSE
"LNP_0368",51.7765811877325,-7.71491459570825,0.334226841665804,0.499408293956389,0.334519759355514,0.166071946688097,0,0.354718793006199,0.302677951450724,1.49364649777749,1.59459631714701,1.69825079728232,4.51180176735673,FALSE
"LNP_0117",104.928465606645,7.83792245201766,0.268724052701145,0.512085490615871,0.410537054443224,0.077377454940905,0,0.354089585095892,1.19653752156865,2.25328997822009,2.21849444972247,3.70775265845848,4.51240923290726,FALSE
"LNP_0224",118.637508200482,7.43997647427022,0.454389940481633,0.48909350987472,0.297097980480186,0.213808509645094,0,0.351314166144689,0.930715331192597,2.08372260224723,2.01203628542991,3.48469064580933,4.29349174521324,FALSE
"LNP_0118",145.409123855643,5.09730907157063,0.475108070764691,0.52622508876136,0.307391793346845,0.166383117891795,1,0.35099868141775,0.305496809059164,1.77780531334996,1.87165616034126,2.96884367693156,2.57925040516458,FALSE
"LNP_0291",79.7741782618687,8.67393041029572,0.426307179033756,0.531240640333026,0.382530370563344,0.0862289891036297,0,0.350320531856925,1.22270152791297,2.38183079279906,2.1655287287052,3.87085271989856,4.92876193602316,FALSE
"LNP_0202",146.235893643461,-4.79735052678734,0.454953901842237,0.402135680643065,0.426047791083068,0.171816528273867,0,0.349879795292309,0,0.78877593176792,1.46488690869748,1.5581348216442,2.99257962940979,FALSE
"LNP_0379",80.8786832727492,7.8342746431008,0.107532863598317,0.63033429306866,0.275395067863976,0.0942706390673639,0,0.348428340286644,1.2090320640251,2.27544932945191,2.25772761696692,3.87325900350452,4.48336058290189,FALSE
"LNP_0295",125.424740207382,6.02297472301871,0.248197686020285,0.420108178324283,0.407053834085556,0.172837987590161,0,0.34824223403764,0.666736335196235,1.83032557120203,1.953416269012,3.1730479277915,3.60580132824653,FALSE
"LNP_0399",61.791384126991,-8.98239772766829,0.121303774602711,0.429607762618918,0.43072407169598,0.139668165685102,0,0.348144894212679,0.283815265762228,1.49937321192985,1.53109990293081,1.59482994994463,5.05783793693865,FALSE
"LNP_0016",139.982497040182,-6.56513188034296,0.40947441579774,0.512785338618472,0.324847477473759,0.162367183907769,0,0.347882953697,0.00187660478775618,1.05881682764864,1.38517886959274,1.50922887522525,3.84876569985021,FALSE
"LNP_0250",122.670253901742,8.97263014689088,0.390834588278085,0.502831708876423,0.350128390088762,0.147039901034815,1,0.346935652733073,1.04787931699354,2.41050360371256,2.12934940082202,3.93709446924047,4.48433956466151,FALSE
"LNP_0119",108.548335311934,9.58407460246235,0.205794046632946,0.470305722903848,0.401716512932248,0.127977764163904,1,0.345830541480401,1.26927439295229,2.64809112344137,2.33983554073717,4.16582803150667,4.7885267817836,FALSE
"LNP_0353",101.507180789486,9.83490470796824,0.152551301755011,0.51910212340221,0.34176766325397,0.13913021334382,1,0.342674806233782,1.28997435499942,2.68871490481785,2.36859073697417,4.2098589169024,4.91377792584589,FALSE
"LNP_0500",128.69273526594,-7.82351853791624,0.275020291563123,0.517795843999975,0.311875833075271,0.170328322924755,0,0.342121416277572,0.177484117961517,1.37315793468068,1.57133954835198,1.60403919411283,4.55519969410962,FALSE
"LNP_0297",148.214037367143,-7.92576866224408,0.408238818775862,0.53554440484699,0.323019307214847,0.141436287938163,1,0.340622776398778,0,1.01959271998006,1.41715165223176,1.55125973764228,3.9164422379232,FALSE
"LNP_0240",130.341854202561,-9.97616743203253,0.224467607215047,0.475693001665663,0.374643083133884,0.149663915200454,1,0.339813946905745,0.174318983954151,1.64994597054546,1.58555924060294,1.64166748415858,5.00475604561418,FALSE
"LNP_0316",130.281227291562,-7.21592717338353,0.143043532315642,0.491171784152412,0.435552067930225,0.0732761479173632,0,0.338276713527606,0.121957674001616,1.36035922764437,1.64499474071684,1.64532185371864,4.19533039848753,FALSE
"LNP_0054",62.189925997518,7.76110380887985,0.315764293074608,0.532278847052711,0.335012637484101,0.132708515463188,0,0.337554646144161,0.789929714265513,1.95702941103086,1.90087971231002,3.48071924067497,4.47222640030738,FALSE
"LNP_0132",139.139411714859,6.89669248647988,0.427873007394373,0.49394221554223,0.338020219466188,0.168037564991583,1,0.336045295403648,0.494974733133161,1.95533938754519,1.9591761734957,3.33243412336243,3.43776181932844,FALSE
"LNP_0326",53.3727772999555,-8.48285739310086,0.253751409053803,0.587060896724015,0.304812507609256,0.108126595666729,0,0.335689530819526,0.166784536035386,1.33232960110197,1.5017944604624,1.60923591657889,4.92242795920461,FALSE
"LNP_0128",59.1043999884278,7.00934961438179,0.327335204835981,0.480067614963722,0.429322135179755,0.0906102498565223,0,0.335484730723164,0.807495758000503,1.96987559387107,2.07805498688587,3.44519850322783,4.13312917246858,FALSE
"LNP_0111",143.529980327003,2.59490847587585,0.128914632368833,0.46838988595311,0.377264999556786,0.154345114490104,0,0.334681584160049,0,1.04775375500544,1.82467788550662,2.3597401759162,1.84237825961991,FALSE
"LNP_0085",60.2864644257352,7.47899825684726,0.403734278678894,0.542939193299709,0.336615228777489,0.120445577922802,0,0.330352531981865,0.862776434684873,2.01080193831446,2.13126566110677,3.55130079146728,4.30965258291998,FALSE
"LNP_0272",50.6300783948973,6.26226264983416,0.390091180801392,0.550184906830993,0.337134768959826,0.112680324209181,0,0.328615267975088,0.579906406241295,1.65936410892576,1.96802843033121,3.17915166526203,3.74336554861802,FALSE
"LNP_0088",139.305111439899,3.33410315681249,0.111734645999968,0.418897211472726,0.419237391765336,0.161865396761938,0,0.325625269389852,0.0510191108279794,1.27003868115122,1.89095661117744,2.59205274156587,2.25656859055273,FALSE
"LNP_0032",140.229904511943,3.75215163454413,0.317293159198016,0.512602052182472,0.357786574943764,0.129611372873764,0,0.324504046143957,0.122609654537326,1.25194980286339,1.842614523559,2.67314733713441,2.5852450497703,FALSE
"LNP_0412",133.156859804876,-8.95602768287063,0.468801841884851,0.495458933389386,0.388267551279432,0.116273515331182,0,0.318711044968265,0,1.09996437291872,1.39949356416879,1.48951818635439,5.08545738082558,FALSE
"LNP_0181",133.976776478812,4.67495516408235,0.100991524104029,0.422734369150507,0.460611993543816,0.116653637305677,0,0.31580917310388,0.241742955775199,1.47581735745499,2.02486928856186,2.92005395278839,2.85789973152444,FALSE
"LNP_0046",63.880606344901,9.28305140230805,0.130344333872199,0.404419268399769,0.415998180820422,0.17958255077981,1,0.313651002041125,0.970100709492169,2.3717584145829,2.32902852844636,4.11836156117337,4.61820679179135,FALSE
"LNP_0425",139.111431245692,3.95893156994134,0.285079536587,0.483107628328623,0.365495996982368,0.151396374689009,0,0.31349819247554,0.138000650114849,1.24176835280374,1.93048230029133,2.78529179460491,2.64970265965128,FALSE
"LNP_0173",136.364411143586,-8.27444213442504,0.359422539453954,0.440578513879859,0.351571250155847,0.207850235964294,0,0.31219695208353,0,0.857740264379626,1.47570944763041,1.48501270159585,4.71338075285868,FALSE
"LNP_0157",107.193531398661,8.18293008953333,0.126323328446597,0.46022383499512,0.413415539191818,0.126360625813062,0,0.311469936519515,0.898848906589712,2.05938540345461,2.22588734585848,3.77777226143347,4.69831289040089,FALSE
"LNP_0454",55.819179629907,-9.12066749297082,0.146597174741328,0.46276167792398,0.449145121518902,0.0880932005571174,0,0.310460155792627,0.0368281960420823,1.20095968569082,1.55268422873551,1.56008731798688,5.15280298813967,FALSE
"LNP_0445",136.646776320413,-8.14148359000683,0.395803288649768,0.52784045790512,0.364193918354164,0.107965623740716,0,0.310395826181934,0,0.966859720684589,1.50829398576481,1.60592026393276,4.70511216136995,FALSE
"LNP_0478",50.0465349061415,-9.86003091093153,0.499809591006488,0.547913910838948,0.361295070298924,0.0907910188621282,0,0.307134647083937,0,0.996438819251681,1.37697630595734,1.48572991268833,5.46245099065032,FALSE
"LNP_0249",146.739837061614,3.90041394624859,0.176286982186139,0.601514848688931,0.319953632961117,0.0785315183499519,0,0.305842422515034,0,0.778357598969621,1.75537762885469,2.59594609324951,2.47607131075584,FALSE
"LNP_0408",58.2502745790407,8.0672457581386,0.479226758517325,0.520048761372662,0.37298111705139,0.106970121575947,0,0.3050062452975,0.750261645399618,1.96542915211321,2.10762642427326,3.75368315816886,4.65307676053012,FALSE
"LNP_0220",141.88573481515,-7.84226239658892,0.478559908084571,0.458320785625462,0.377763394492135,0.163915819882403,0,0.303201196562758,0,0.720050210519885,1.52667359674481,1.61663109450948,4.51527645826018,FALSE
"LNP_0185",109.434319403954,9.05289147980511,0.419878846220672,0.470242062932102,0.429299686561293,0.100458250506605,0,0.302576867927591,0.924802755186252,2.0904249146835,2.15980958464577,3.93698232692833,5.20734289529811,FALSE
"LNP_0290",117.028203955851,8.30545251257718,0.305986253917217,0.507374677996981,0.324397207414035,0.168228114588984,0,0.297998832392011,0.751611690824816,1.85369594778145,2.10112388785524,3.76967556534125,4.75755013177906,FALSE
"LNP_0248",146.935641113669,-8.62134806346148,0.116851204819977,0.536417109383967,0.399412879102153,0.0641700115138794,1,0.297683825711446,0,0.768339883689392,1.63730204437563,1.67798475575471,4.39097521867459,FALSE
"LNP_0075",97.5316574098542,8.99170645978302,0.356059394590557,0.441662347790386,0.474988641195986,0.0833490110136278,0,0.297625134554566,1.06353228540122,2.12105751840032,2.3215873530792,4.12322383105371,5.2233525834642,FALSE
"LNP_0222",146.110479370691,4.35769093222916,0.308820098917931,0.501181813474814,0.424667893029858,0.074150293495328,0,0.291582803876327,0,0.73988091828818,1.7991467962245,2.67786252927691,2.74805635092224,FALSE
"LNP_0341",91.4735334459692,9.24842642154545,0.220894104614854,0.467141744651802,0.408198096619779,0.124660158728419,0,0.287063255238573,0.959952310031572,2.05518400217725,2.29265801889554,4.14075040996568,5.22450243264842,FALSE
"LNP_0453",74.0530701586977,9.1315952828154,0.385431124735624,0.468765485926017,0.322169506291227,0.209065007782756,0,0.286821707321837,0.927148697757929,2.00054280134254,2.27382569214259,4.05621665830576,5.19221852124916,FALSE
"LNP_0145",134.2729318887,-8.19355831481516,0.186873513180763,0.494970350068393,0.297477564400422,0.207552085531185,0,0.286678633385251,0,0.881974466574485,1.70150771399741,1.76093601145455,4.71789149987557,FALSE
"LNP_0306",98.0910829966888,9.37282335944474,0.322045522741973,0.457991957416606,0.363921391021719,0.178086651561675,0,0.283997573018344,0.937816539625657,1.98426458960823,2.2677786229111,4.09087751105422,5.29347517310999,FALSE
"LNP_0034",129.546741768718,6.32956277579069,0.152115254756063,0.519415185285425,0.337358332467505,0.143226482247071,0,0.283824502087429,0.336850573963151,1.55479311171793,2.1066022195161,3.35772303058843,3.8138784151776,FALSE
"LNP_0330",141.506376164034,4.67904297634959,0.356589280255139,0.537120563365222,0.357269476112475,0.105609960522303,0,0.281006948596864,0.0161099257581701,1.04769504747786,1.93325452109258,2.92667305512713,3.00024458089358,FALSE
"LNP_0373",136.648331466131,5.23970646318048,0.262216608878225,0.545164577942171,0.385605002982355,0.0692304190754742,0,0.279115956602244,0.17371656368565,1.31260653854227,2.13224985503803,3.10962692771429,3.24002751541363,FALSE
"LNP_0340",147.785340482369,-8.05521088652313,0.313903618790209,0.471053924822808,0.375542756084962,0.153403319092229,0,0.278470547088696,0,0.111722489255447,1.5104464558634,1.59804145160363,4.58781184877797,FALSE
"LNP_0435",73.4819675795734,9.15339484810829,0.254770278465003,0.458820126352804,0.334350291108119,0.206829582539077,0,0.271806515592115,0.774704176036175,1.94974959663603,2.27272036524872,4.06611542640104,5.13976322350489,FALSE
"LNP_0093",84.3516472261399,9.38077727332711,0.146134963817894,0.553887788344413,0.290459128924618,0.155653082730969,0,0.271490663736609,0.897037545719404,2.00411124046985,2.36395691718924,4.19105138359775,5.24835142719067,FALSE
"LNP_0121",114.789347932674,8.06801769416779,0.180873827077448,0.360817133938341,0.447702518798985,0.191480347262674,0,0.269861301335468,0.683646650550103,1.8796573406085,2.34065842702831,3.95355939848905,4.69648517104443,FALSE
"LNP_0472",132.203007116914,-9.07946902792901,0.126229960471392,0.591932171634247,0.295921664038959,0.112146164326794,0,0.267512446083138,0,0.776064850186842,1.7459349020777,1.81200792916806,5.11720677911225,FALSE
"LNP_0377",127.459154208191,-9.73917940631509,0.249592845514417,0.459504963623205,0.4405050964425,0.0999899399342949,0,0.264049917617539,0,0.885087059586638,1.72317287806769,1.80442094742409,5.52281219696559,FALSE
"LNP_0106",139.035022212192,6.02859167382121,0.311762302555144,0.436096103141122,0.474986231997217,0.0889176648616612,0,0.260601946273395,0.0112106813579781,1.11834741473311,1.96622180741339,3.13006831933784,3.55940497330167,FALSE
"LNP_0496",149.294401612133,6.59247757401317,0.424804697744548,0.539486180355676,0.394128145777187,0.0663856738671364,1,0.260572240091263,0,1.22219285955163,1.98600943382939,3.32481808760341,3.36951207857714,FALSE
"LNP_0477",112.714618444443,8.96237675566226,0.288001058809459,0.392232738003467,0.406696385710438,0.201070876286095,0,0.25905121542778,0.626974244144759,1.78309764579885,2.2183724482687,4.05340630653614,5.0171627557935,FALSE
"LNP_0491",147.143806680106,-8.25561396311969,0.105412250943482,0.464989156910488,0.397583928883304,0.137426914206207,0,0.256333689217967,0,0.0316198586970959,1.66795963815531,1.73062459904929,4.68641037475056,FALSE
"LNP_0230",141.568353842013,-9.5429063308984,0.312374293524772,0.529626413328697,0.380515745713803,0.0898578409574997,0,0.25553979326712,0,0.176697297225938,1.54218250249753,1.65199137862398,5.46264350810254,FALSE
"LNP_0024",149.42697766237,-9.25260070245713,0.257903594337404,0.555807343269417,0.350995390413906,0.0931972663166776,0,0.250527636954955,0,0,1.57940869876213,1.68297828067722,5.21404502293715,FALSE
"LNP_0234",55.8478488586843,8.48957973532379,0.335482510644943,0.542047779237471,0.352215436388699,0.105736784373831,0,0.245933729864525,0.374600118223348,1.51492596117178,2.11400405918364,3.78191447188321,4.8501452294693,FALSE
"LNP_0029",78.915973729454,9.78156541474164,0.207521379925311,0.524799096430819,0.342295895757037,0.132905007812144,0,0.241994852655432,0.715786565173661,1.89148701792954,2.37318504082366,4.26032650526858,5.46528196236632,FALSE
"LNP_0352",146.746949432418,4.5279777655378,0.101936695817858,0.527100177174924,0.388059562011658,0.0848402608134186,0,0.235104444211145,0,0.463987513391494,2.15905823773216,3.12329975742392,2.86942208274771,FALSE
"LNP_0357",116.877151746303,8.97650501225144,0.178662704490125,0.613773740034432,0.26414842671366,0.122077833251908,0,0.235051885504785,0.476825231228655,1.6727917552054,2.26755963842639,4.02815815990463,5.13000087318563,FALSE
"LNP_0400",149.123655585572,5.95805874560028,0.194879167340696,0.495705309257185,0.440676854315753,0.063617836427062,0,0.227702227929957,0,0.281856088605239,1.95019622636095,3.12595248499313,3.52330738405834,FALSE
"LNP_0139",147.98219173681,6.37910766527057,0.3126733308658,0.391294316594983,0.457604352498256,0.151101330906761,0,0.226919945925432,0,0.36106386831794,1.90771777826567,3.18239028447479,3.74614572047953,FALSE
"LNP_0143",51.0467111831531,7.76817300822586,0.129052770230919,0.591749095684397,0.349964988181249,0.0582859161343536,0,0.21442632443955,0.173376836823365,1.46839168644713,2.35462096838871,3.84186947815157,4.46760867978108,FALSE
"LNP_0062",59.4840660924092,8.58701365068555,0.16921721547842,0.416283259180857,0.40865872470055,0.175058016118593,0,0.21251052959282,0.35220858674194,1.4400853493702,2.31146507799519,4.06450772699513,5.00913070928917,FALSE
"LNP_0382",126.082362537272,8.42130407691002,0.241891848202795,0.487290647470649,0.317914116221124,0.194795236308227,0,0.211290844396391,0.131924413624576,1.34347310345376,2.21107561509328,3.80669915246807,4.73128322812857,FALSE
"LNP_0360",133.52553199511,7.78042985592037,0.295523055177182,0.540837285935115,0.309417898288207,0.149744815776677,0,0.210421156228253,0.0328869296823138,1.21459335685552,2.15768540641855,3.69222476268344,4.50099263939989,FALSE
"LNP_0241",104.682615655474,9.84341238625348,0.131397172063589,0.489163197714764,0.386907938962314,0.123928863322921,0,0.210108998358069,0.523909804832689,1.69190170875366,2.41547385704245,4.27305684342922,5.56619590090154,FALSE
"LNP_0020",145.450364914723,6.30162990186363,0.211689524259418,0.531837160644021,0.335134266593741,0.133028572762238,0,0.209128995026024,0,0.472836481460857,2.13955619838964,3.30822386603223,3.76186957802512,FALSE
"LNP_0403",140.530958166346,7.04729200340807,0.124690509587526,0.462535796356836,0.350311279599969,0.187152924043195,0,0.199756049476018,0,0.661983617223486,2.14492106447601,3.52318763000815,4.15734143505884,FALSE
"LNP_0485",143.268107902259,8.04363556671888,0.496564877685159,0.500907043952625,0.419558046902986,0.0795349091443889,0,0.188423708789874,0,0.492875722976267,2.0161994059121,3.6389005238545,4.59019603887834,FALSE
"LNP_0431",145.310121378861,7.73725143168122,0.44788828631863,0.480002041810428,0.407452038502435,0.112545919687137,0,0.188271352035436,0,0.415429645757177,2.02014133821654,3.64247046126715,4.44994679231864,FALSE
"LNP_0219",132.095132395625,9.89872880280018,0.17916945470497,0.534297137482,0.330266421211471,0.13543644130653,1,0.177488955759573,0.0912373409639196,1.64514221586996,2.45864933594989,4.36651320497132,4.93753410195264,FALSE
"LNP_0271",137.104341364466,8.31972666084766,0.110404284205288,0.595573059149974,0.34284213166229,0.0615848091877354,0,0.169906195231651,0,0.68760616389613,2.21600905328193,3.87505402663842,4.72785991777287,FALSE
"LNP_0324",120.399206131697,9.82068637851626,0.242842567153275,0.498096395982315,0.342105438016573,0.159798166001112,0,0.168024399086757,0.0858347127429522,1.31710459464297,2.28897035545215,4.19455603488614,5.52150906068699,FALSE
"LNP_0031",146.302423253655,8.78276801202446,0.192492353729904,0.506856184194743,0.331184450570595,0.161959365234662,1,0.166977820980797,0,0.828111726317412,2.36106249667844,4.04894456774175,4.39277575073741,FALSE
"LNP_0137",132.18054601457,9.07902495469898,0.252569038700312,0.42728886379098,0.372856369485368,0.199854766723653,0,0.153910099765596,0,0.80683322452093,2.30386342920962,4.01843912640184,5.11312499968219,FALSE
"LNP_0114",144.772694003768,9.86089560668916,0.256491513364017,0.565310805693616,0.330229547079278,0.104459647227105,1,0.147306429996288,0,0.809237068255508,2.33905363134216,4.25021737565835,4.96702503714977,FALSE
"LNP_0347",148.335018078797,7.96721662394702,0.216433182917535,0.492829298075717,0.350594731483377,0.156575970440906,0,0.147140689773908,0,0.0521495874450437,2.24657414175965,3.79418592678285,4.61028521599325,FALSE
"LNP_0456",139.007791317999,9.25230682827532,0.419252794887871,0.427528823397705,0.408425262036736,0.164045914565559,0,0.145629414010902,0,0.433223505218665,2.16040660286523,4.05773074996577,5.22817043426129,FALSE
"LNP_0089",138.646906078793,9.54767153598368,0.422742119152099,0.470403192818061,0.396133284243799,0.133463522938139,0,0.145129169544733,0,0.455494742927033,2.13157494476726,4.05441098241906,5.38116111047589,FALSE
"LNP_0238",133.192756283097,9.77926822379231,0.381501524802297,0.544046223168689,0.294603598431884,0.161350178399427,0,0.13643359010965,0,0.638617742799433,2.24675902100129,4.18247104337738,5.5086075614029,FALSE
"LNP_0401",148.605429730378,8.47398426383734,0.193295895028859,0.437921098113555,0.376650676137598,0.185428225748847,0,0.135301075137925,0,0.00655389774261182,2.2500015298785,3.95185606471792,4.79741594331459,FALSE
"LNP_0386",141.399544966407,8.85197723750025,0.17528873430565,0.539714446840633,0.274654921825898,0.185630631333468,0,0.131872353263269,0,0.161539402514939,2.30757073358609,3.96374124272451,4.9990905784126,FALSE
