"pair_id","patient_id","lnp_id","validation_group","fold"
"PAIR_00001","VP_159","LNP_0167","lnp_id",5
"PAIR_00002","VP_179","LNP_0101","lnp_id",2
"PAIR_00003","VP_014","LNP_0024","lnp_id",4
"PAIR_00004","VP_195","LNP_0081","lnp_id",2
"PAIR_00005","VP_170","LNP_0343","lnp_id",2
"PAIR_00006","VP_050","LNP_0341","lnp_id",5
"PAIR_00007","VP_118","LNP_0263","lnp_id",2
"PAIR_00008","VP_043","LNP_0439","lnp_id",1
"PAIR_00009","VP_014","LNP_0339","lnp_id",2
"PAIR_00010","VP_118","LNP_0217","lnp_id",4
"PAIR_00011","VP_153","LNP_0389","lnp_id",3
"PAIR_00012","VP_090","LNP_0472","lnp_id",1
"PAIR_00013","VP_091","LNP_0043","lnp_id",3
"PAIR_00014","VP_197","LNP_0352","lnp_id",4
"PAIR_00015","VP_091","LNP_0299","lnp_id",3
"PAIR_00016","VP_185","LNP_0102","lnp_id",3
"PAIR_00017","VP_092","LNP_0125","lnp_id",5
"PAIR_00018","VP_137","LNP_0129","lnp_id",3
"PAIR_00019","VP_099","LNP_0075","lnp_id",5
"PAIR_00020","VP_072","LNP_0255","lnp_id",4
"PAIR_00021","VP_026","LNP_0273","lnp_id",3
"PAIR_00022","VP_007","LNP_0218","lnp_id",3
"PAIR_00023","VP_170","LNP_0029","lnp_id",1
"PAIR_00024","VP_137","LNP_0476","lnp_id",1
"PAIR_00025","VP_164","LNP_0075","lnp_id",5
"PAIR_00026","VP_078","LNP_0043","lnp_id",3
"PAIR_00027","VP_081","LNP_0192","lnp_id",1
"PAIR_00028","VP_043","LNP_0147","lnp_id",1
"PAIR_00029","VP_103","LNP_0212","lnp_id",4
"PAIR_00030","VP_117","LNP_0276","lnp_id",5
"PAIR_00031","VP_076","LNP_0007","lnp_id",3
"PAIR_00032","VP_143","LNP_0074","lnp_id",2
"PAIR_00033","VP_032","LNP_0385","lnp_id",5
"PAIR_00034","VP_109","LNP_0380","lnp_id",5
"PAIR_00035","VP_007","LNP_0233","lnp_id",2
"PAIR_00036","VP_137","LNP_0311","lnp_id",1
"PAIR_00037","VP_169","LNP_0104","lnp_id",5
"PAIR_00038","VP_074","LNP_0111","lnp_id",4
"PAIR_00039","VP_023","LNP_0279","lnp_id",5
"PAIR_00040","VP_155","LNP_0470","lnp_id",4
"PAIR_00041","VP_188","LNP_0158","lnp_id",5
"PAIR_00042","VP_053","LNP_0265","lnp_id",3
"PAIR_00043","VP_135","LNP_0364","lnp_id",3
"PAIR_00044","VP_053","LNP_0409","lnp_id",5
"PAIR_00045","VP_155","LNP_0398","lnp_id",5
"PAIR_00046","VP_166","LNP_0087","lnp_id",2
"PAIR_00047","VP_034","LNP_0031","lnp_id",4
"PAIR_00048","VP_069","LNP_0261","lnp_id",1
"PAIR_00049","VP_072","LNP_0021","lnp_id",2
"PAIR_00050","VP_076","LNP_0320","lnp_id",2
"PAIR_00051","VP_063","LNP_0392","lnp_id",5
"PAIR_00052","VP_141","LNP_0346","lnp_id",3
"PAIR_00053","VP_097","LNP_0042","lnp_id",4
"PAIR_00054","VP_091","LNP_0357","lnp_id",2
"PAIR_00055","VP_153","LNP_0391","lnp_id",2
"PAIR_00056","VP_038","LNP_0113","lnp_id",3
"PAIR_00057","VP_021","LNP_0318","lnp_id",3
"PAIR_00058","VP_041","LNP_0011","lnp_id",5
"PAIR_00059","VP_175","LNP_0358","lnp_id",4
"PAIR_00060","VP_090","LNP_0196","lnp_id",2
"PAIR_00061","VP_060","LNP_0195","lnp_id",3
"PAIR_00062","VP_016","LNP_0251","lnp_id",3
"PAIR_00063","VP_116","LNP_0378","lnp_id",5
"PAIR_00064","VP_094","LNP_0162","lnp_id",2
"PAIR_00065","VP_006","LNP_0497","lnp_id",5
"PAIR_00066","VP_200","LNP_0358","lnp_id",4
"PAIR_00067","VP_086","LNP_0200","lnp_id",5
"PAIR_00068","VP_086","LNP_0194","lnp_id",4
"PAIR_00069","VP_039","LNP_0305","lnp_id",3
"PAIR_00070","VP_159","LNP_0387","lnp_id",2
"PAIR_00071","VP_118","LNP_0173","lnp_id",3
"PAIR_00072","VP_050","LNP_0089","lnp_id",2
"PAIR_00073","VP_034","LNP_0090","lnp_id",5
"PAIR_00074","VP_004","LNP_0444","lnp_id",3
"PAIR_00075","VP_013","LNP_0345","lnp_id",3
"PAIR_00076","VP_069","LNP_0433","lnp_id",1
"PAIR_00077","VP_127","LNP_0320","lnp_id",2
"PAIR_00078","VP_153","LNP_0099","lnp_id",5
"PAIR_00079","VP_052","LNP_0191","lnp_id",3
"PAIR_00080","VP_022","LNP_0164","lnp_id",4
"PAIR_00081","VP_089","LNP_0311","lnp_id",1
"PAIR_00082","VP_160","LNP_0434","lnp_id",3
"PAIR_00083","VP_025","LNP_0058","lnp_id",3
"PAIR_00084","VP_035","LNP_0004","lnp_id",2
"PAIR_00085","VP_168","LNP_0040","lnp_id",3
"PAIR_00086","VP_112","LNP_0361","lnp_id",4
"PAIR_00087","VP_030","LNP_0114","lnp_id",2
"PAIR_00088","VP_140","LNP_0142","lnp_id",4
"PAIR_00089","VP_159","LNP_0068","lnp_id",2
"PAIR_00090","VP_121","LNP_0150","lnp_id",1
"PAIR_00091","VP_110","LNP_0205","lnp_id",3
"PAIR_00092","VP_158","LNP_0107","lnp_id",1
"PAIR_00093","VP_064","LNP_0183","lnp_id",4
"PAIR_00094","VP_142","LNP_0316","lnp_id",5
"PAIR_00095","VP_199","LNP_0478","lnp_id",5
"PAIR_00096","VP_067","LNP_0151","lnp_id",1
"PAIR_00097","VP_151","LNP_0253","lnp_id",2
"PAIR_00098","VP_122","LNP_0371","lnp_id",4
"PAIR_00099","VP_079","LNP_0442","lnp_id",5
"PAIR_00100","VP_085","LNP_0354","lnp_id",4
"PAIR_00101","VP_165","LNP_0117","lnp_id",3
"PAIR_00102","VP_136","LNP_0349","lnp_id",5
"PAIR_00103","VP_051","LNP_0459","lnp_id",4
"PAIR_00104","VP_074","LNP_0151","lnp_id",1
"PAIR_00105","VP_178","LNP_0391","lnp_id",2
"PAIR_00106","VP_106","LNP_0134","lnp_id",1
"PAIR_00107","VP_098","LNP_0114","lnp_id",2
"PAIR_00108","VP_074","LNP_0375","lnp_id",4
"PAIR_00109","VP_127","LNP_0243","lnp_id",3
"PAIR_00110","VP_174","LNP_0157","lnp_id",3
"PAIR_00111","VP_017","LNP_0213","lnp_id",2
"PAIR_00112","VP_190","LNP_0390","lnp_id",3
"PAIR_00113","VP_046","LNP_0037","lnp_id",5
"PAIR_00114","VP_054","LNP_0288","lnp_id",1
"PAIR_00115","VP_163","LNP_0119","lnp_id",5
"PAIR_00116","VP_110","LNP_0125","lnp_id",5
"PAIR_00117","VP_094","LNP_0314","lnp_id",3
"PAIR_00118","VP_079","LNP_0386","lnp_id",1
"PAIR_00119","VP_024","LNP_0343","lnp_id",2
"PAIR_00120","VP_113","LNP_0376","lnp_id",3
"PAIR_00121","VP_107","LNP_0361","lnp_id",4
"PAIR_00122","VP_135","LNP_0267","lnp_id",5
"PAIR_00123","VP_151","LNP_0018","lnp_id",1
"PAIR_00124","VP_154","LNP_0115","lnp_id",4
"PAIR_00125","VP_102","LNP_0257","lnp_id",3
"PAIR_00126","VP_160","LNP_0336","lnp_id",4
"PAIR_00127","VP_135","LNP_0294","lnp_id",4
"PAIR_00128","VP_155","LNP_0329","lnp_id",3
"PAIR_00129","VP_170","LNP_0183","lnp_id",4
"PAIR_00130","VP_005","LNP_0086","lnp_id",3
"PAIR_00131","VP_070","LNP_0035","lnp_id",5
"PAIR_00132","VP_016","LNP_0245","lnp_id",5
"PAIR_00133","VP_024","LNP_0011","lnp_id",5
"PAIR_00134","VP_032","LNP_0326","lnp_id",2
"PAIR_00135","VP_021","LNP_0278","lnp_id",4
"PAIR_00136","VP_055","LNP_0312","lnp_id",2
"PAIR_00137","VP_075","LNP_0005","lnp_id",5
"PAIR_00138","VP_164","LNP_0001","lnp_id",1
"PAIR_00139","VP_083","LNP_0451","lnp_id",4
"PAIR_00140","VP_039","LNP_0110","lnp_id",2
"PAIR_00141","VP_054","LNP_0257","lnp_id",3
"PAIR_00142","VP_137","LNP_0076","lnp_id",1
"PAIR_00143","VP_199","LNP_0017","lnp_id",4
"PAIR_00144","VP_048","LNP_0325","lnp_id",4
"PAIR_00145","VP_077","LNP_0113","lnp_id",3
"PAIR_00146","VP_083","LNP_0422","lnp_id",3
"PAIR_00147","VP_184","LNP_0364","lnp_id",3
"PAIR_00148","VP_111","LNP_0445","lnp_id",1
"PAIR_00149","VP_039","LNP_0346","lnp_id",3
"PAIR_00150","VP_196","LNP_0489","lnp_id",2
"PAIR_00151","VP_001","LNP_0311","lnp_id",1
"PAIR_00152","VP_168","LNP_0112","lnp_id",3
"PAIR_00153","VP_030","LNP_0047","lnp_id",5
"PAIR_00154","VP_094","LNP_0060","lnp_id",3
"PAIR_00155","VP_016","LNP_0358","lnp_id",4
"PAIR_00156","VP_088","LNP_0410","lnp_id",2
"PAIR_00157","VP_054","LNP_0262","lnp_id",4
"PAIR_00158","VP_176","LNP_0148","lnp_id",2
"PAIR_00159","VP_020","LNP_0110","lnp_id",2
"PAIR_00160","VP_104","LNP_0216","lnp_id",1
"PAIR_00161","VP_195","LNP_0004","lnp_id",2
"PAIR_00162","VP_093","LNP_0175","lnp_id",1
"PAIR_00163","VP_164","LNP_0352","lnp_id",4
"PAIR_00164","VP_052","LNP_0266","lnp_id",2
"PAIR_00165","VP_108","LNP_0089","lnp_id",2
"PAIR_00166","VP_022","LNP_0414","lnp_id",4
"PAIR_00167","VP_177","LNP_0078","lnp_id",1
"PAIR_00168","VP_042","LNP_0248","lnp_id",2
"PAIR_00169","VP_059","LNP_0206","lnp_id",5
"PAIR_00170","VP_084","LNP_0173","lnp_id",3
"PAIR_00171","VP_011","LNP_0162","lnp_id",2
"PAIR_00172","VP_121","LNP_0256","lnp_id",2
"PAIR_00173","VP_183","LNP_0139","lnp_id",4
"PAIR_00174","VP_136","LNP_0366","lnp_id",3
"PAIR_00175","VP_046","LNP_0150","lnp_id",1
"PAIR_00176","VP_085","LNP_0343","lnp_id",2
"PAIR_00177","VP_109","LNP_0244","lnp_id",4
"PAIR_00178","VP_194","LNP_0162","lnp_id",2
"PAIR_00179","VP_107","LNP_0298","lnp_id",3
"PAIR_00180","VP_077","LNP_0431","lnp_id",2
"PAIR_00181","VP_174","LNP_0008","lnp_id",4
"PAIR_00182","VP_198","LNP_0417","lnp_id",2
"PAIR_00183","VP_200","LNP_0118","lnp_id",1
"PAIR_00184","VP_172","LNP_0297","lnp_id",4
"PAIR_00185","VP_160","LNP_0478","lnp_id",5
"PAIR_00186","VP_036","LNP_0193","lnp_id",1
"PAIR_00187","VP_173","LNP_0143","lnp_id",4
"PAIR_00188","VP_142","LNP_0227","lnp_id",1
"PAIR_00189","VP_016","LNP_0217","lnp_id",4
"PAIR_00190","VP_125","LNP_0492","lnp_id",5
"PAIR_00191","VP_033","LNP_0213","lnp_id",2
"PAIR_00192","VP_040","LNP_0125","lnp_id",5
"PAIR_00193","VP_168","LNP_0480","lnp_id",2
"PAIR_00194","VP_010","LNP_0381","lnp_id",4
"PAIR_00195","VP_200","LNP_0170","lnp_id",5
"PAIR_00196","VP_125","LNP_0058","lnp_id",3
"PAIR_00197","VP_009","LNP_0212","lnp_id",4
"PAIR_00198","VP_007","LNP_0273","lnp_id",3
"PAIR_00199","VP_135","LNP_0242","lnp_id",1
"PAIR_00200","VP_186","LNP_0447","lnp_id",2
"PAIR_00201","VP_061","LNP_0060","lnp_id",3
"PAIR_00202","VP_152","LNP_0002","lnp_id",4
"PAIR_00203","VP_063","LNP_0410","lnp_id",2
"PAIR_00204","VP_054","LNP_0088","lnp_id",1
"PAIR_00205","VP_151","LNP_0296","lnp_id",4
"PAIR_00206","VP_026","LNP_0471","lnp_id",2
"PAIR_00207","VP_033","LNP_0243","lnp_id",3
"PAIR_00208","VP_185","LNP_0007","lnp_id",3
"PAIR_00209","VP_157","LNP_0162","lnp_id",2
"PAIR_00210","VP_115","LNP_0193","lnp_id",1
"PAIR_00211","VP_010","LNP_0247","lnp_id",1
"PAIR_00212","VP_053","LNP_0125","lnp_id",5
"PAIR_00213","VP_054","LNP_0014","lnp_id",5
"PAIR_00214","VP_107","LNP_0344","lnp_id",5
"PAIR_00215","VP_011","LNP_0132","lnp_id",4
"PAIR_00216","VP_025","LNP_0498","lnp_id",4
"PAIR_00217","VP_052","LNP_0046","lnp_id",3
"PAIR_00218","VP_026","LNP_0113","lnp_id",3
"PAIR_00219","VP_135","LNP_0305","lnp_id",3
"PAIR_00220","VP_153","LNP_0452","lnp_id",2
"PAIR_00221","VP_090","LNP_0414","lnp_id",4
"PAIR_00222","VP_160","LNP_0488","lnp_id",4
"PAIR_00223","VP_152","LNP_0149","lnp_id",1
"PAIR_00224","VP_057","LNP_0412","lnp_id",3
"PAIR_00225","VP_105","LNP_0167","lnp_id",5
"PAIR_00226","VP_101","LNP_0301","lnp_id",1
"PAIR_00227","VP_023","LNP_0401","lnp_id",5
"PAIR_00228","VP_014","LNP_0490","lnp_id",5
"PAIR_00229","VP_110","LNP_0200","lnp_id",5
"PAIR_00230","VP_134","LNP_0289","lnp_id",1
"PAIR_00231","VP_091","LNP_0050","lnp_id",5
"PAIR_00232","VP_129","LNP_0231","lnp_id",2
"PAIR_00233","VP_106","LNP_0043","lnp_id",3
"PAIR_00234","VP_113","LNP_0364","lnp_id",3
"PAIR_00235","VP_186","LNP_0271","lnp_id",4
"PAIR_00236","VP_081","LNP_0043","lnp_id",3
"PAIR_00237","VP_029","LNP_0306","lnp_id",2
"PAIR_00238","VP_026","LNP_0093","lnp_id",3
"PAIR_00239","VP_027","LNP_0132","lnp_id",4
"PAIR_00240","VP_007","LNP_0350","lnp_id",5
"PAIR_00241","VP_188","LNP_0406","lnp_id",3
"PAIR_00242","VP_154","LNP_0048","lnp_id",1
"PAIR_00243","VP_041","LNP_0335","lnp_id",1
"PAIR_00244","VP_134","LNP_0248","lnp_id",2
"PAIR_00245","VP_159","LNP_0359","lnp_id",2
"PAIR_00246","VP_093","LNP_0500","lnp_id",2
"PAIR_00247","VP_145","LNP_0208","lnp_id",5
"PAIR_00248","VP_192","LNP_0259","lnp_id",2
"PAIR_00249","VP_165","LNP_0052","lnp_id",3
"PAIR_00250","VP_057","LNP_0340","lnp_id",5
"PAIR_00251","VP_148","LNP_0310","lnp_id",1
"PAIR_00252","VP_163","LNP_0191","lnp_id",3
"PAIR_00253","VP_161","LNP_0005","lnp_id",5
"PAIR_00254","VP_066","LNP_0076","lnp_id",1
"PAIR_00255","VP_004","LNP_0186","lnp_id",2
"PAIR_00256","VP_074","LNP_0161","lnp_id",1
"PAIR_00257","VP_133","LNP_0068","lnp_id",2
"PAIR_00258","VP_117","LNP_0108","lnp_id",2
"PAIR_00259","VP_025","LNP_0006","lnp_id",4
"PAIR_00260","VP_136","LNP_0043","lnp_id",3
"PAIR_00261","VP_055","LNP_0483","lnp_id",3
"PAIR_00262","VP_085","LNP_0311","lnp_id",1
"PAIR_00263","VP_045","LNP_0013","lnp_id",2
"PAIR_00264","VP_146","LNP_0081","lnp_id",2
"PAIR_00265","VP_170","LNP_0370","lnp_id",2
"PAIR_00266","VP_159","LNP_0238","lnp_id",4
"PAIR_00267","VP_134","LNP_0456","lnp_id",2
"PAIR_00268","VP_199","LNP_0349","lnp_id",5
"PAIR_00269","VP_189","LNP_0033","lnp_id",3
"PAIR_00270","VP_105","LNP_0259","lnp_id",2
"PAIR_00271","VP_176","LNP_0081","lnp_id",2
"PAIR_00272","VP_145","LNP_0238","lnp_id",4
"PAIR_00273","VP_173","LNP_0406","lnp_id",3
"PAIR_00274","VP_191","LNP_0497","lnp_id",5
"PAIR_00275","VP_053","LNP_0397","lnp_id",2
"PAIR_00276","VP_104","LNP_0063","lnp_id",1
"PAIR_00277","VP_053","LNP_0124","lnp_id",3
"PAIR_00278","VP_063","LNP_0180","lnp_id",4
"PAIR_00279","VP_199","LNP_0307","lnp_id",1
"PAIR_00280","VP_093","LNP_0345","lnp_id",3
"PAIR_00281","VP_145","LNP_0008","lnp_id",4
"PAIR_00282","VP_002","LNP_0310","lnp_id",1
"PAIR_00283","VP_177","LNP_0151","lnp_id",1
"PAIR_00284","VP_130","LNP_0277","lnp_id",2
"PAIR_00285","VP_141","LNP_0135","lnp_id",4
"PAIR_00286","VP_024","LNP_0021","lnp_id",2
"PAIR_00287","VP_177","LNP_0097","lnp_id",5
"PAIR_00288","VP_195","LNP_0162","lnp_id",2
"PAIR_00289","VP_130","LNP_0033","lnp_id",3
"PAIR_00290","VP_165","LNP_0144","lnp_id",5
"PAIR_00291","VP_191","LNP_0352","lnp_id",4
"PAIR_00292","VP_076","LNP_0125","lnp_id",5
"PAIR_00293","VP_121","LNP_0169","lnp_id",1
"PAIR_00294","VP_013","LNP_0273","lnp_id",3
"PAIR_00295","VP_170","LNP_0313","lnp_id",5
"PAIR_00296","VP_189","LNP_0153","lnp_id",2
"PAIR_00297","VP_198","LNP_0030","lnp_id",5
"PAIR_00298","VP_106","LNP_0226","lnp_id",2
"PAIR_00299","VP_166","LNP_0328","lnp_id",3
"PAIR_00300","VP_112","LNP_0166","lnp_id",1
"PAIR_00301","VP_064","LNP_0446","lnp_id",1
"PAIR_00302","VP_080","LNP_0255","lnp_id",4
"PAIR_00303","VP_036","LNP_0046","lnp_id",3
"PAIR_00304","VP_035","LNP_0319","lnp_id",3
"PAIR_00305","VP_087","LNP_0190","lnp_id",4
"PAIR_00306","VP_067","LNP_0164","lnp_id",4
"PAIR_00307","VP_048","LNP_0443","lnp_id",5
"PAIR_00308","VP_194","LNP_0135","lnp_id",4
"PAIR_00309","VP_111","LNP_0310","lnp_id",1
"PAIR_00310","VP_023","LNP_0180","lnp_id",4
"PAIR_00311","VP_195","LNP_0286","lnp_id",4
"PAIR_00312","VP_137","LNP_0080","lnp_id",4
"PAIR_00313","VP_061","LNP_0090","lnp_id",5
"PAIR_00314","VP_039","LNP_0156","lnp_id",3
"PAIR_00315","VP_031","LNP_0179","lnp_id",4
"PAIR_00316","VP_073","LNP_0290","lnp_id",4
"PAIR_00317","VP_036","LNP_0112","lnp_id",3
"PAIR_00318","VP_022","LNP_0333","lnp_id",2
"PAIR_00319","VP_122","LNP_0262","lnp_id",4
"PAIR_00320","VP_172","LNP_0049","lnp_id",3
"PAIR_00321","VP_041","LNP_0298","lnp_id",3
"PAIR_00322","VP_092","LNP_0099","lnp_id",5
"PAIR_00323","VP_093","LNP_0239","lnp_id",4
"PAIR_00324","VP_125","LNP_0360","lnp_id",5
"PAIR_00325","VP_043","LNP_0396","lnp_id",3
"PAIR_00326","VP_039","LNP_0401","lnp_id",5
"PAIR_00327","VP_165","LNP_0253","lnp_id",2
"PAIR_00328","VP_107","LNP_0069","lnp_id",2
"PAIR_00329","VP_033","LNP_0076","lnp_id",1
"PAIR_00330","VP_083","LNP_0067","lnp_id",2
"PAIR_00331","VP_140","LNP_0280","lnp_id",1
"PAIR_00332","VP_098","LNP_0018","lnp_id",1
"PAIR_00333","VP_021","LNP_0383","lnp_id",1
"PAIR_00334","VP_076","LNP_0278","lnp_id",4
"PAIR_00335","VP_094","LNP_0024","lnp_id",4
"PAIR_00336","VP_035","LNP_0261","lnp_id",1
"PAIR_00337","VP_030","LNP_0069","lnp_id",2
"PAIR_00338","VP_178","LNP_0041","lnp_id",1
"PAIR_00339","VP_175","LNP_0215","lnp_id",1
"PAIR_00340","VP_118","LNP_0223","lnp_id",4
"PAIR_00341","VP_067","LNP_0304","lnp_id",2
"PAIR_00342","VP_115","LNP_0411","lnp_id",1
"PAIR_00343","VP_121","LNP_0170","lnp_id",5
"PAIR_00344","VP_082","LNP_0139","lnp_id",4
"PAIR_00345","VP_096","LNP_0090","lnp_id",5
"PAIR_00346","VP_102","LNP_0241","lnp_id",1
"PAIR_00347","VP_170","LNP_0259","lnp_id",2
"PAIR_00348","VP_168","LNP_0112","lnp_id",3
"PAIR_00349","VP_170","LNP_0160","lnp_id",4
"PAIR_00350","VP_096","LNP_0397","lnp_id",2
"PAIR_00351","VP_026","LNP_0361","lnp_id",4
"PAIR_00352","VP_141","LNP_0195","lnp_id",3
"PAIR_00353","VP_148","LNP_0228","lnp_id",1
"PAIR_00354","VP_148","LNP_0435","lnp_id",1
"PAIR_00355","VP_094","LNP_0092","lnp_id",3
"PAIR_00356","VP_169","LNP_0105","lnp_id",5
"PAIR_00357","VP_136","LNP_0004","lnp_id",2
"PAIR_00358","VP_167","LNP_0417","lnp_id",2
"PAIR_00359","VP_081","LNP_0078","lnp_id",1
"PAIR_00360","VP_191","LNP_0106","lnp_id",4
"PAIR_00361","VP_082","LNP_0279","lnp_id",5
"PAIR_00362","VP_106","LNP_0095","lnp_id",2
"PAIR_00363","VP_119","LNP_0179","lnp_id",4
"PAIR_00364","VP_011","LNP_0257","lnp_id",3
"PAIR_00365","VP_113","LNP_0298","lnp_id",3
"PAIR_00366","VP_108","LNP_0027","lnp_id",3
"PAIR_00367","VP_130","LNP_0210","lnp_id",2
"PAIR_00368","VP_147","LNP_0483","lnp_id",3
"PAIR_00369","VP_141","LNP_0416","lnp_id",1
"PAIR_00370","VP_031","LNP_0159","lnp_id",5
"PAIR_00371","VP_158","LNP_0086","lnp_id",3
"PAIR_00372","VP_115","LNP_0253","lnp_id",2
"PAIR_00373","VP_022","LNP_0160","lnp_id",4
"PAIR_00374","VP_094","LNP_0040","lnp_id",3
"PAIR_00375","VP_016","LNP_0323","lnp_id",5
"PAIR_00376","VP_197","LNP_0497","lnp_id",5
"PAIR_00377","VP_164","LNP_0106","lnp_id",4
"PAIR_00378","VP_178","LNP_0126","lnp_id",1
"PAIR_00379","VP_161","LNP_0262","lnp_id",4
"PAIR_00380","VP_156","LNP_0075","lnp_id",5
"PAIR_00381","VP_177","LNP_0189","lnp_id",2
"PAIR_00382","VP_012","LNP_0336","lnp_id",4
"PAIR_00383","VP_181","LNP_0183","lnp_id",4
"PAIR_00384","VP_156","LNP_0400","lnp_id",3
"PAIR_00385","VP_066","LNP_0254","lnp_id",2
"PAIR_00386","VP_050","LNP_0251","lnp_id",3
"PAIR_00387","VP_175","LNP_0018","lnp_id",1
"PAIR_00388","VP_179","LNP_0050","lnp_id",5
"PAIR_00389","VP_117","LNP_0489","lnp_id",2
"PAIR_00390","VP_134","LNP_0298","lnp_id",3
"PAIR_00391","VP_128","LNP_0065","lnp_id",5
"PAIR_00392","VP_122","LNP_0190","lnp_id",4
"PAIR_00393","VP_143","LNP_0013","lnp_id",2
"PAIR_00394","VP_147","LNP_0485","lnp_id",3
"PAIR_00395","VP_059","LNP_0207","lnp_id",1
"PAIR_00396","VP_003","LNP_0468","lnp_id",4
"PAIR_00397","VP_097","LNP_0215","lnp_id",1
"PAIR_00398","VP_033","LNP_0361","lnp_id",4
"PAIR_00399","VP_048","LNP_0198","lnp_id",2
"PAIR_00400","VP_075","LNP_0397","lnp_id",2
"PAIR_00401","VP_100","LNP_0344","lnp_id",5
"PAIR_00402","VP_108","LNP_0498","lnp_id",4
"PAIR_00403","VP_045","LNP_0113","lnp_id",3
"PAIR_00404","VP_010","LNP_0352","lnp_id",4
"PAIR_00405","VP_170","LNP_0179","lnp_id",4
"PAIR_00406","VP_024","LNP_0361","lnp_id",4
"PAIR_00407","VP_092","LNP_0358","lnp_id",4
"PAIR_00408","VP_146","LNP_0296","lnp_id",4
"PAIR_00409","VP_059","LNP_0067","lnp_id",2
"PAIR_00410","VP_137","LNP_0236","lnp_id",5
"PAIR_00411","VP_053","LNP_0420","lnp_id",4
"PAIR_00412","VP_139","LNP_0432","lnp_id",5
"PAIR_00413","VP_108","LNP_0005","lnp_id",5
"PAIR_00414","VP_008","LNP_0158","lnp_id",5
"PAIR_00415","VP_114","LNP_0420","lnp_id",4
"PAIR_00416","VP_005","LNP_0410","lnp_id",2
"PAIR_00417","VP_029","LNP_0415","lnp_id",2
"PAIR_00418","VP_050","LNP_0253","lnp_id",2
"PAIR_00419","VP_070","LNP_0038","lnp_id",4
"PAIR_00420","VP_074","LNP_0094","lnp_id",1
"PAIR_00421","VP_026","LNP_0329","lnp_id",3
"PAIR_00422","VP_073","LNP_0090","lnp_id",5
"PAIR_00423","VP_011","LNP_0338","lnp_id",2
"PAIR_00424","VP_119","LNP_0408","lnp_id",4
"PAIR_00425","VP_006","LNP_0270","lnp_id",1
"PAIR_00426","VP_184","LNP_0446","lnp_id",1
"PAIR_00427","VP_096","LNP_0077","lnp_id",3
"PAIR_00428","VP_155","LNP_0331","lnp_id",1
"PAIR_00429","VP_119","LNP_0294","lnp_id",4
"PAIR_00430","VP_196","LNP_0027","lnp_id",3
"PAIR_00431","VP_088","LNP_0341","lnp_id",5
"PAIR_00432","VP_156","LNP_0312","lnp_id",2
"PAIR_00433","VP_067","LNP_0272","lnp_id",1
"PAIR_00434","VP_110","LNP_0022","lnp_id",2
"PAIR_00435","VP_168","LNP_0036","lnp_id",2
"PAIR_00436","VP_134","LNP_0147","lnp_id",1
"PAIR_00437","VP_036","LNP_0201","lnp_id",3
"PAIR_00438","VP_055","LNP_0019","lnp_id",4
"PAIR_00439","VP_123","LNP_0239","lnp_id",4
"PAIR_00440","VP_120","LNP_0417","lnp_id",2
"PAIR_00441","VP_094","LNP_0160","lnp_id",4
"PAIR_00442","VP_048","LNP_0360","lnp_id",5
"PAIR_00443","VP_010","LNP_0462","lnp_id",4
"PAIR_00444","VP_153","LNP_0127","lnp_id",1
"PAIR_00445","VP_166","LNP_0055","lnp_id",1
"PAIR_00446","VP_100","LNP_0418","lnp_id",1
"PAIR_00447","VP_105","LNP_0465","lnp_id",2
"PAIR_00448","VP_025","LNP_0103","lnp_id",5
"PAIR_00449","VP_132","LNP_0278","lnp_id",4
"PAIR_00450","VP_180","LNP_0347","lnp_id",4
"PAIR_00451","VP_022","LNP_0428","lnp_id",1
"PAIR_00452","VP_117","LNP_0177","lnp_id",4
"PAIR_00453","VP_024","LNP_0183","lnp_id",4
"PAIR_00454","VP_167","LNP_0187","lnp_id",2
"PAIR_00455","VP_047","LNP_0162","lnp_id",2
"PAIR_00456","VP_188","LNP_0205","lnp_id",3
"PAIR_00457","VP_191","LNP_0268","lnp_id",3
"PAIR_00458","VP_037","LNP_0005","lnp_id",5
"PAIR_00459","VP_174","LNP_0285","lnp_id",1
"PAIR_00460","VP_054","LNP_0014","lnp_id",5
"PAIR_00461","VP_047","LNP_0409","lnp_id",5
"PAIR_00462","VP_144","LNP_0465","lnp_id",2
"PAIR_00463","VP_019","LNP_0033","lnp_id",3
"PAIR_00464","VP_200","LNP_0152","lnp_id",4
"PAIR_00465","VP_159","LNP_0086","lnp_id",3
"PAIR_00466","VP_122","LNP_0105","lnp_id",5
"PAIR_00467","VP_037","LNP_0168","lnp_id",3
"PAIR_00468","VP_103","LNP_0081","lnp_id",2
"PAIR_00469","VP_048","LNP_0483","lnp_id",3
"PAIR_00470","VP_188","LNP_0482","lnp_id",3
"PAIR_00471","VP_190","LNP_0500","lnp_id",2
"PAIR_00472","VP_137","LNP_0264","lnp_id",1
"PAIR_00473","VP_139","LNP_0244","lnp_id",4
"PAIR_00474","VP_043","LNP_0446","lnp_id",1
"PAIR_00475","VP_115","LNP_0040","lnp_id",3
"PAIR_00476","VP_158","LNP_0142","lnp_id",4
"PAIR_00477","VP_189","LNP_0058","lnp_id",3
"PAIR_00478","VP_055","LNP_0041","lnp_id",1
"PAIR_00479","VP_189","LNP_0167","lnp_id",5
"PAIR_00480","VP_162","LNP_0147","lnp_id",1
"PAIR_00481","VP_057","LNP_0109","lnp_id",3
"PAIR_00482","VP_126","LNP_0187","lnp_id",2
"PAIR_00483","VP_038","LNP_0082","lnp_id",2
"PAIR_00484","VP_084","LNP_0412","lnp_id",3
"PAIR_00485","VP_063","LNP_0117","lnp_id",3
"PAIR_00486","VP_174","LNP_0373","lnp_id",4
"PAIR_00487","VP_078","LNP_0400","lnp_id",3
"PAIR_00488","VP_070","LNP_0276","lnp_id",5
"PAIR_00489","VP_146","LNP_0037","lnp_id",5
"PAIR_00490","VP_130","LNP_0032","lnp_id",2
"PAIR_00491","VP_120","LNP_0318","lnp_id",3
"PAIR_00492","VP_200","LNP_0230","lnp_id",5
"PAIR_00493","VP_075","LNP_0398","lnp_id",5
"PAIR_00494","VP_021","LNP_0324","lnp_id",3
"PAIR_00495","VP_185","LNP_0032","lnp_id",2
"PAIR_00496","VP_199","LNP_0423","lnp_id",4
"PAIR_00497","VP_087","LNP_0108","lnp_id",2
"PAIR_00498","VP_072","LNP_0220","lnp_id",2
"PAIR_00499","VP_059","LNP_0024","lnp_id",4
"PAIR_00500","VP_165","LNP_0001","lnp_id",1
"PAIR_00501","VP_081","LNP_0330","lnp_id",5
"PAIR_00502","VP_055","LNP_0068","lnp_id",2
"PAIR_00503","VP_134","LNP_0160","lnp_id",4
"PAIR_00504","VP_168","LNP_0278","lnp_id",4
"PAIR_00505","VP_006","LNP_0016","lnp_id",5
"PAIR_00506","VP_128","LNP_0359","lnp_id",2
"PAIR_00507","VP_111","LNP_0168","lnp_id",3
"PAIR_00508","VP_156","LNP_0460","lnp_id",3
"PAIR_00509","VP_032","LNP_0472","lnp_id",1
"PAIR_00510","VP_049","LNP_0478","lnp_id",5
"PAIR_00511","VP_084","LNP_0428","lnp_id",1
"PAIR_00512","VP_193","LNP_0322","lnp_id",5
"PAIR_00513","VP_197","LNP_0097","lnp_id",5
"PAIR_00514","VP_047","LNP_0451","lnp_id",4
"PAIR_00515","VP_148","LNP_0432","lnp_id",5
"PAIR_00516","VP_130","LNP_0460","lnp_id",3
"PAIR_00517","VP_190","LNP_0083","lnp_id",1
"PAIR_00518","VP_112","LNP_0104","lnp_id",5
"PAIR_00519","VP_191","LNP_0306","lnp_id",2
"PAIR_00520","VP_190","LNP_0488","lnp_id",4
"PAIR_00521","VP_119","LNP_0437","lnp_id",1
"PAIR_00522","VP_115","LNP_0061","lnp_id",1
"PAIR_00523","VP_010","LNP_0390","lnp_id",3
"PAIR_00524","VP_115","LNP_0220","lnp_id",2
"PAIR_00525","VP_059","LNP_0022","lnp_id",2
"PAIR_00526","VP_049","LNP_0248","lnp_id",2
"PAIR_00527","VP_135","LNP_0006","lnp_id",4
"PAIR_00528","VP_061","LNP_0105","lnp_id",5
"PAIR_00529","VP_166","LNP_0382","lnp_id",3
"PAIR_00530","VP_108","LNP_0426","lnp_id",4
"PAIR_00531","VP_036","LNP_0137","lnp_id",3
"PAIR_00532","VP_117","LNP_0310","lnp_id",1
"PAIR_00533","VP_023","LNP_0429","lnp_id",2
"PAIR_00534","VP_115","LNP_0058","lnp_id",3
"PAIR_00535","VP_162","LNP_0085","lnp_id",4
"PAIR_00536","VP_088","LNP_0424","lnp_id",1
"PAIR_00537","VP_132","LNP_0133","lnp_id",5
"PAIR_00538","VP_182","LNP_0436","lnp_id",2
"PAIR_00539","VP_157","LNP_0251","lnp_id",3
"PAIR_00540","VP_186","LNP_0234","lnp_id",3
"PAIR_00541","VP_184","LNP_0497","lnp_id",5
"PAIR_00542","VP_179","LNP_0206","lnp_id",5
"PAIR_00543","VP_178","LNP_0267","lnp_id",5
"PAIR_00544","VP_048","LNP_0328","lnp_id",3
"PAIR_00545","VP_131","LNP_0485","lnp_id",3
"PAIR_00546","VP_033","LNP_0221","lnp_id",3
"PAIR_00547","VP_162","LNP_0339","lnp_id",2
"PAIR_00548","VP_066","LNP_0104","lnp_id",5
"PAIR_00549","VP_064","LNP_0173","lnp_id",3
"PAIR_00550","VP_168","LNP_0134","lnp_id",1
"PAIR_00551","VP_186","LNP_0287","lnp_id",5
"PAIR_00552","VP_020","LNP_0498","lnp_id",4
"PAIR_00553","VP_078","LNP_0004","lnp_id",2
"PAIR_00554","VP_153","LNP_0491","lnp_id",5
"PAIR_00555","VP_199","LNP_0179","lnp_id",4
"PAIR_00556","VP_168","LNP_0058","lnp_id",3
"PAIR_00557","VP_189","LNP_0493","lnp_id",5
"PAIR_00558","VP_095","LNP_0493","lnp_id",5
"PAIR_00559","VP_150","LNP_0125","lnp_id",5
"PAIR_00560","VP_123","LNP_0048","lnp_id",1
"PAIR_00561","VP_086","LNP_0120","lnp_id",4
"PAIR_00562","VP_184","LNP_0219","lnp_id",3
"PAIR_00563","VP_161","LNP_0438","lnp_id",5
"PAIR_00564","VP_108","LNP_0287","lnp_id",5
"PAIR_00565","VP_192","LNP_0083","lnp_id",1
"PAIR_00566","VP_181","LNP_0116","lnp_id",1
"PAIR_00567","VP_159","LNP_0251","lnp_id",3
"PAIR_00568","VP_046","LNP_0167","lnp_id",5
"PAIR_00569","VP_200","LNP_0358","lnp_id",4
"PAIR_00570","VP_024","LNP_0215","lnp_id",1
"PAIR_00571","VP_060","LNP_0472","lnp_id",1
"PAIR_00572","VP_158","LNP_0036","lnp_id",2
"PAIR_00573","VP_151","LNP_0447","lnp_id",2
"PAIR_00574","VP_017","LNP_0477","lnp_id",5
"PAIR_00575","VP_187","LNP_0097","lnp_id",5
"PAIR_00576","VP_185","LNP_0012","lnp_id",3
"PAIR_00577","VP_171","LNP_0316","lnp_id",5
"PAIR_00578","VP_023","LNP_0138","lnp_id",5
"PAIR_00579","VP_045","LNP_0429","lnp_id",2
"PAIR_00580","VP_136","LNP_0154","lnp_id",1
"PAIR_00581","VP_079","LNP_0363","lnp_id",2
"PAIR_00582","VP_164","LNP_0424","lnp_id",1
"PAIR_00583","VP_067","LNP_0038","lnp_id",4
"PAIR_00584","VP_039","LNP_0004","lnp_id",2
"PAIR_00585","VP_161","LNP_0295","lnp_id",4
"PAIR_00586","VP_166","LNP_0253","lnp_id",2
"PAIR_00587","VP_028","LNP_0051","lnp_id",1
"PAIR_00588","VP_087","LNP_0115","lnp_id",4
"PAIR_00589","VP_181","LNP_0092","lnp_id",3
"PAIR_00590","VP_102","LNP_0407","lnp_id",4
"PAIR_00591","VP_138","LNP_0233","lnp_id",2
"PAIR_00592","VP_109","LNP_0287","lnp_id",5
"PAIR_00593","VP_102","LNP_0334","lnp_id",4
"PAIR_00594","VP_041","LNP_0338","lnp_id",2
"PAIR_00595","VP_136","LNP_0466","lnp_id",3
"PAIR_00596","VP_129","LNP_0030","lnp_id",5
"PAIR_00597","VP_080","LNP_0325","lnp_id",4
"PAIR_00598","VP_118","LNP_0286","lnp_id",4
"PAIR_00599","VP_194","LNP_0402","lnp_id",1
"PAIR_00600","VP_078","LNP_0041","lnp_id",1
"PAIR_00601","VP_140","LNP_0066","lnp_id",2
"PAIR_00602","VP_072","LNP_0002","lnp_id",4
"PAIR_00603","VP_127","LNP_0397","lnp_id",2
"PAIR_00604","VP_041","LNP_0421","lnp_id",4
"PAIR_00605","VP_008","LNP_0058","lnp_id",3
"PAIR_00606","VP_185","LNP_0224","lnp_id",1
"PAIR_00607","VP_052","LNP_0333","lnp_id",2
"PAIR_00608","VP_067","LNP_0415","lnp_id",2
"PAIR_00609","VP_168","LNP_0451","lnp_id",4
"PAIR_00610","VP_002","LNP_0477","lnp_id",5
"PAIR_00611","VP_065","LNP_0243","lnp_id",3
"PAIR_00612","VP_135","LNP_0486","lnp_id",3
"PAIR_00613","VP_029","LNP_0076","lnp_id",1
"PAIR_00614","VP_020","LNP_0283","lnp_id",1
"PAIR_00615","VP_124","LNP_0094","lnp_id",1
"PAIR_00616","VP_080","LNP_0146","lnp_id",1
"PAIR_00617","VP_007","LNP_0025","lnp_id",3
"PAIR_00618","VP_045","LNP_0018","lnp_id",1
"PAIR_00619","VP_076","LNP_0204","lnp_id",3
"PAIR_00620","VP_025","LNP_0261","lnp_id",1
"PAIR_00621","VP_091","LNP_0436","lnp_id",2
"PAIR_00622","VP_141","LNP_0442","lnp_id",5
"PAIR_00623","VP_138","LNP_0078","lnp_id",1
"PAIR_00624","VP_094","LNP_0347","lnp_id",4
"PAIR_00625","VP_127","LNP_0229","lnp_id",1
"PAIR_00626","VP_169","LNP_0002","lnp_id",4
"PAIR_00627","VP_012","LNP_0157","lnp_id",3
"PAIR_00628","VP_008","LNP_0238","lnp_id",4
"PAIR_00629","VP_071","LNP_0265","lnp_id",3
"PAIR_00630","VP_015","LNP_0442","lnp_id",5
"PAIR_00631","VP_083","LNP_0387","lnp_id",2
"PAIR_00632","VP_177","LNP_0318","lnp_id",3
"PAIR_00633","VP_167","LNP_0111","lnp_id",4
"PAIR_00634","VP_087","LNP_0070","lnp_id",4
"PAIR_00635","VP_122","LNP_0401","lnp_id",5
"PAIR_00636","VP_163","LNP_0476","lnp_id",1
"PAIR_00637","VP_134","LNP_0174","lnp_id",1
"PAIR_00638","VP_071","LNP_0478","lnp_id",5
"PAIR_00639","VP_004","LNP_0240","lnp_id",2
"PAIR_00640","VP_081","LNP_0021","lnp_id",2
"PAIR_00641","VP_176","LNP_0396","lnp_id",3
"PAIR_00642","VP_008","LNP_0177","lnp_id",4
"PAIR_00643","VP_181","LNP_0055","lnp_id",1
"PAIR_00644","VP_067","LNP_0416","lnp_id",1
"PAIR_00645","VP_108","LNP_0167","lnp_id",5
"PAIR_00646","VP_128","LNP_0210","lnp_id",2
"PAIR_00647","VP_181","LNP_0297","lnp_id",4
"PAIR_00648","VP_014","LNP_0264","lnp_id",1
"PAIR_00649","VP_156","LNP_0274","lnp_id",4
"PAIR_00650","VP_134","LNP_0026","lnp_id",1
"PAIR_00651","VP_137","LNP_0411","lnp_id",1
"PAIR_00652","VP_161","LNP_0181","lnp_id",3
"PAIR_00653","VP_116","LNP_0122","lnp_id",3
"PAIR_00654","VP_046","LNP_0118","lnp_id",1
"PAIR_00655","VP_064","LNP_0365","lnp_id",2
"PAIR_00656","VP_019","LNP_0178","lnp_id",4
"PAIR_00657","VP_098","LNP_0090","lnp_id",5
"PAIR_00658","VP_129","LNP_0341","lnp_id",5
"PAIR_00659","VP_180","LNP_0142","lnp_id",4
"PAIR_00660","VP_068","LNP_0166","lnp_id",1
"PAIR_00661","VP_090","LNP_0354","lnp_id",4
"PAIR_00662","VP_122","LNP_0246","lnp_id",2
"PAIR_00663","VP_075","LNP_0053","lnp_id",5
"PAIR_00664","VP_133","LNP_0207","lnp_id",1
"PAIR_00665","VP_019","LNP_0342","lnp_id",4
"PAIR_00666","VP_035","LNP_0005","lnp_id",5
"PAIR_00667","VP_161","LNP_0421","lnp_id",4
"PAIR_00668","VP_197","LNP_0226","lnp_id",2
"PAIR_00669","VP_061","LNP_0065","lnp_id",5
"PAIR_00670","VP_151","LNP_0136","lnp_id",2
"PAIR_00671","VP_169","LNP_0132","lnp_id",4
"PAIR_00672","VP_191","LNP_0469","lnp_id",3
"PAIR_00673","VP_049","LNP_0304","lnp_id",2
"PAIR_00674","VP_085","LNP_0071","lnp_id",5
"PAIR_00675","VP_069","LNP_0128","lnp_id",1
"PAIR_00676","VP_064","LNP_0081","lnp_id",2
"PAIR_00677","VP_076","LNP_0357","lnp_id",2
"PAIR_00678","VP_002","LNP_0033","lnp_id",3
"PAIR_00679","VP_118","LNP_0184","lnp_id",5
"PAIR_00680","VP_018","LNP_0087","lnp_id",2
"PAIR_00681","VP_004","LNP_0337","lnp_id",3
"PAIR_00682","VP_106","LNP_0159","lnp_id",5
"PAIR_00683","VP_111","LNP_0065","lnp_id",5
"PAIR_00684","VP_087","LNP_0236","lnp_id",5
"PAIR_00685","VP_118","LNP_0176","lnp_id",2
"PAIR_00686","VP_072","LNP_0027","lnp_id",3
"PAIR_00687","VP_193","LNP_0343","lnp_id",2
"PAIR_00688","VP_120","LNP_0449","lnp_id",3
"PAIR_00689","VP_011","LNP_0141","lnp_id",5
"PAIR_00690","VP_079","LNP_0220","lnp_id",2
"PAIR_00691","VP_185","LNP_0312","lnp_id",2
"PAIR_00692","VP_056","LNP_0147","lnp_id",1
"PAIR_00693","VP_106","LNP_0039","lnp_id",1
"PAIR_00694","VP_015","LNP_0291","lnp_id",5
"PAIR_00695","VP_180","LNP_0010","lnp_id",4
"PAIR_00696","VP_108","LNP_0215","lnp_id",1
"PAIR_00697","VP_189","LNP_0266","lnp_id",2
"PAIR_00698","VP_089","LNP_0191","lnp_id",3
"PAIR_00699","VP_036","LNP_0044","lnp_id",2
"PAIR_00700","VP_131","LNP_0190","lnp_id",4
"PAIR_00701","VP_007","LNP_0137","lnp_id",3
"PAIR_00702","VP_068","LNP_0500","lnp_id",2
"PAIR_00703","VP_120","LNP_0115","lnp_id",4
"PAIR_00704","VP_053","LNP_0224","lnp_id",1
"PAIR_00705","VP_101","LNP_0324","lnp_id",3
"PAIR_00706","VP_024","LNP_0354","lnp_id",4
"PAIR_00707","VP_068","LNP_0178","lnp_id",4
"PAIR_00708","VP_067","LNP_0086","lnp_id",3
"PAIR_00709","VP_011","LNP_0400","lnp_id",3
"PAIR_00710","VP_074","LNP_0142","lnp_id",4
"PAIR_00711","VP_093","LNP_0449","lnp_id",3
"PAIR_00712","VP_133","LNP_0263","lnp_id",2
"PAIR_00713","VP_088","LNP_0010","lnp_id",4
"PAIR_00714","VP_160","LNP_0020","lnp_id",1
"PAIR_00715","VP_089","LNP_0341","lnp_id",5
"PAIR_00716","VP_011","LNP_0043","lnp_id",3
"PAIR_00717","VP_074","LNP_0382","lnp_id",3
"PAIR_00718","VP_188","LNP_0357","lnp_id",2
"PAIR_00719","VP_031","LNP_0024","lnp_id",4
"PAIR_00720","VP_074","LNP_0253","lnp_id",2
"PAIR_00721","VP_173","LNP_0404","lnp_id",3
"PAIR_00722","VP_059","LNP_0100","lnp_id",2
"PAIR_00723","VP_024","LNP_0422","lnp_id",3
"PAIR_00724","VP_035","LNP_0463","lnp_id",5
"PAIR_00725","VP_010","LNP_0192","lnp_id",1
"PAIR_00726","VP_064","LNP_0179","lnp_id",4
"PAIR_00727","VP_072","LNP_0355","lnp_id",1
"PAIR_00728","VP_172","LNP_0087","lnp_id",2
"PAIR_00729","VP_042","LNP_0430","lnp_id",4
"PAIR_00730","VP_160","LNP_0093","lnp_id",3
"PAIR_00731","VP_167","LNP_0474","lnp_id",5
"PAIR_00732","VP_135","LNP_0376","lnp_id",3
"PAIR_00733","VP_166","LNP_0244","lnp_id",4
"PAIR_00734","VP_017","LNP_0006","lnp_id",4
"PAIR_00735","VP_128","LNP_0297","lnp_id",4
"PAIR_00736","VP_161","LNP_0411","lnp_id",1
"PAIR_00737","VP_109","LNP_0138","lnp_id",5
"PAIR_00738","VP_130","LNP_0040","lnp_id",3
"PAIR_00739","VP_079","LNP_0450","lnp_id",1
"PAIR_00740","VP_111","LNP_0346","lnp_id",3
"PAIR_00741","VP_066","LNP_0159","lnp_id",5
"PAIR_00742","VP_070","LNP_0339","lnp_id",2
"PAIR_00743","VP_110","LNP_0498","lnp_id",4
"PAIR_00744","VP_059","LNP_0193","lnp_id",1
"PAIR_00745","VP_175","LNP_0318","lnp_id",3
"PAIR_00746","VP_009","LNP_0057","lnp_id",5
"PAIR_00747","VP_023","LNP_0343","lnp_id",2
"PAIR_00748","VP_025","LNP_0409","lnp_id",5
"PAIR_00749","VP_143","LNP_0120","lnp_id",4
"PAIR_00750","VP_112","LNP_0450","lnp_id",1
"PAIR_00751","VP_200","LNP_0395","lnp_id",1
"PAIR_00752","VP_093","LNP_0019","lnp_id",4
"PAIR_00753","VP_021","LNP_0280","lnp_id",1
"PAIR_00754","VP_119","LNP_0221","lnp_id",3
"PAIR_00755","VP_048","LNP_0051","lnp_id",1
"PAIR_00756","VP_105","LNP_0298","lnp_id",3
"PAIR_00757","VP_171","LNP_0347","lnp_id",4
"PAIR_00758","VP_184","LNP_0131","lnp_id",1
"PAIR_00759","VP_004","LNP_0092","lnp_id",3
"PAIR_00760","VP_071","LNP_0429","lnp_id",2
"PAIR_00761","VP_056","LNP_0287","lnp_id",5
"PAIR_00762","VP_050","LNP_0329","lnp_id",3
"PAIR_00763","VP_124","LNP_0417","lnp_id",2
"PAIR_00764","VP_139","LNP_0369","lnp_id",2
"PAIR_00765","VP_075","LNP_0387","lnp_id",2
"PAIR_00766","VP_060","LNP_0046","lnp_id",3
"PAIR_00767","VP_085","LNP_0176","lnp_id",2
"PAIR_00768","VP_074","LNP_0134","lnp_id",1
"PAIR_00769","VP_121","LNP_0130","lnp_id",4
"PAIR_00770","VP_114","LNP_0452","lnp_id",2
"PAIR_00771","VP_195","LNP_0255","lnp_id",4
"PAIR_00772","VP_099","LNP_0278","lnp_id",4
"PAIR_00773","VP_098","LNP_0349","lnp_id",5
"PAIR_00774","VP_058","LNP_0467","lnp_id",3
"PAIR_00775","VP_168","LNP_0338","lnp_id",2
"PAIR_00776","VP_013","LNP_0161","lnp_id",1
"PAIR_00777","VP_008","LNP_0462","lnp_id",4
"PAIR_00778","VP_002","LNP_0495","lnp_id",2
"PAIR_00779","VP_123","LNP_0348","lnp_id",4
"PAIR_00780","VP_006","LNP_0075","lnp_id",5
"PAIR_00781","VP_087","LNP_0279","lnp_id",5
"PAIR_00782","VP_017","LNP_0009","lnp_id",5
"PAIR_00783","VP_160","LNP_0257","lnp_id",3
"PAIR_00784","VP_199","LNP_0196","lnp_id",2
"PAIR_00785","VP_077","LNP_0241","lnp_id",1
"PAIR_00786","VP_072","LNP_0485","lnp_id",3
"PAIR_00787","VP_102","LNP_0003","lnp_id",4
"PAIR_00788","VP_017","LNP_0081","lnp_id",2
"PAIR_00789","VP_071","LNP_0262","lnp_id",4
"PAIR_00790","VP_055","LNP_0462","lnp_id",4
"PAIR_00791","VP_124","LNP_0072","lnp_id",2
"PAIR_00792","VP_019","LNP_0209","lnp_id",4
"PAIR_00793","VP_015","LNP_0095","lnp_id",2
"PAIR_00794","VP_174","LNP_0411","lnp_id",1
"PAIR_00795","VP_142","LNP_0083","lnp_id",1
"PAIR_00796","VP_155","LNP_0202","lnp_id",1
"PAIR_00797","VP_033","LNP_0467","lnp_id",3
"PAIR_00798","VP_050","LNP_0054","lnp_id",2
"PAIR_00799","VP_018","LNP_0083","lnp_id",1
"PAIR_00800","VP_148","LNP_0151","lnp_id",1
"PAIR_00801","VP_091","LNP_0034","lnp_id",5
"PAIR_00802","VP_042","LNP_0398","lnp_id",5
"PAIR_00803","VP_074","LNP_0051","lnp_id",1
"PAIR_00804","VP_053","LNP_0304","lnp_id",2
"PAIR_00805","VP_063","LNP_0339","lnp_id",2
"PAIR_00806","VP_073","LNP_0126","lnp_id",1
"PAIR_00807","VP_159","LNP_0301","lnp_id",1
"PAIR_00808","VP_083","LNP_0200","lnp_id",5
"PAIR_00809","VP_055","LNP_0454","lnp_id",5
"PAIR_00810","VP_114","LNP_0418","lnp_id",1
"PAIR_00811","VP_018","LNP_0085","lnp_id",4
"PAIR_00812","VP_108","LNP_0209","lnp_id",4
"PAIR_00813","VP_044","LNP_0347","lnp_id",4
"PAIR_00814","VP_092","LNP_0181","lnp_id",3
"PAIR_00815","VP_021","LNP_0338","lnp_id",2
"PAIR_00816","VP_029","LNP_0071","lnp_id",5
"PAIR_00817","VP_120","LNP_0095","lnp_id",2
"PAIR_00818","VP_164","LNP_0399","lnp_id",3
"PAIR_00819","VP_084","LNP_0283","lnp_id",1
"PAIR_00820","VP_023","LNP_0417","lnp_id",2
"PAIR_00821","VP_042","LNP_0113","lnp_id",3
"PAIR_00822","VP_197","LNP_0126","lnp_id",1
"PAIR_00823","VP_194","LNP_0285","lnp_id",1
"PAIR_00824","VP_082","LNP_0319","lnp_id",3
"PAIR_00825","VP_062","LNP_0442","lnp_id",5
"PAIR_00826","VP_064","LNP_0098","lnp_id",4
"PAIR_00827","VP_077","LNP_0330","lnp_id",5
"PAIR_00828","VP_107","LNP_0472","lnp_id",1
"PAIR_00829","VP_179","LNP_0445","lnp_id",1
"PAIR_00830","VP_146","LNP_0453","lnp_id",4
"PAIR_00831","VP_010","LNP_0301","lnp_id",1
"PAIR_00832","VP_099","LNP_0164","lnp_id",4
"PAIR_00833","VP_083","LNP_0104","lnp_id",5
"PAIR_00834","VP_200","LNP_0440","lnp_id",3
"PAIR_00835","VP_002","LNP_0207","lnp_id",1
"PAIR_00836","VP_124","LNP_0334","lnp_id",4
"PAIR_00837","VP_171","LNP_0085","lnp_id",4
"PAIR_00838","VP_125","LNP_0397","lnp_id",2
"PAIR_00839","VP_112","LNP_0079","lnp_id",2
"PAIR_00840","VP_005","LNP_0323","lnp_id",5
"PAIR_00841","VP_100","LNP_0010","lnp_id",4
"PAIR_00842","VP_155","LNP_0439","lnp_id",1
"PAIR_00843","VP_151","LNP_0396","lnp_id",3
"PAIR_00844","VP_131","LNP_0071","lnp_id",5
"PAIR_00845","VP_143","LNP_0167","lnp_id",5
"PAIR_00846","VP_103","LNP_0001","lnp_id",1
"PAIR_00847","VP_058","LNP_0031","lnp_id",4
"PAIR_00848","VP_135","LNP_0060","lnp_id",3
"PAIR_00849","VP_034","LNP_0161","lnp_id",1
"PAIR_00850","VP_031","LNP_0060","lnp_id",3
"PAIR_00851","VP_018","LNP_0224","lnp_id",1
"PAIR_00852","VP_046","LNP_0120","lnp_id",4
"PAIR_00853","VP_009","LNP_0400","lnp_id",3
"PAIR_00854","VP_079","LNP_0420","lnp_id",4
"PAIR_00855","VP_145","LNP_0307","lnp_id",1
"PAIR_00856","VP_135","LNP_0284","lnp_id",2
"PAIR_00857","VP_136","LNP_0445","lnp_id",1
"PAIR_00858","VP_065","LNP_0188","lnp_id",5
"PAIR_00859","VP_009","LNP_0042","lnp_id",4
"PAIR_00860","VP_099","LNP_0275","lnp_id",2
"PAIR_00861","VP_025","LNP_0065","lnp_id",5
"PAIR_00862","VP_130","LNP_0222","lnp_id",2
"PAIR_00863","VP_139","LNP_0447","lnp_id",2
"PAIR_00864","VP_196","LNP_0211","lnp_id",5
"PAIR_00865","VP_040","LNP_0414","lnp_id",4
"PAIR_00866","VP_148","LNP_0108","lnp_id",2
"PAIR_00867","VP_139","LNP_0253","lnp_id",2
"PAIR_00868","VP_018","LNP_0137","lnp_id",3
"PAIR_00869","VP_182","LNP_0483","lnp_id",3
"PAIR_00870","VP_142","LNP_0400","lnp_id",3
"PAIR_00871","VP_195","LNP_0287","lnp_id",5
"PAIR_00872","VP_092","LNP_0495","lnp_id",2
"PAIR_00873","VP_067","LNP_0341","lnp_id",5
"PAIR_00874","VP_110","LNP_0361","lnp_id",4
"PAIR_00875","VP_093","LNP_0371","lnp_id",4
"PAIR_00876","VP_127","LNP_0196","lnp_id",2
"PAIR_00877","VP_039","LNP_0340","lnp_id",5
"PAIR_00878","VP_151","LNP_0419","lnp_id",4
"PAIR_00879","VP_079","LNP_0341","lnp_id",5
"PAIR_00880","VP_088","LNP_0068","lnp_id",2
"PAIR_00881","VP_168","LNP_0277","lnp_id",2
"PAIR_00882","VP_161","LNP_0193","lnp_id",1
"PAIR_00883","VP_165","LNP_0276","lnp_id",5
"PAIR_00884","VP_188","LNP_0241","lnp_id",1
"PAIR_00885","VP_029","LNP_0290","lnp_id",4
"PAIR_00886","VP_121","LNP_0006","lnp_id",4
"PAIR_00887","VP_198","LNP_0020","lnp_id",1
"PAIR_00888","VP_153","LNP_0348","lnp_id",4
"PAIR_00889","VP_042","LNP_0005","lnp_id",5
"PAIR_00890","VP_154","LNP_0194","lnp_id",4
"PAIR_00891","VP_044","LNP_0057","lnp_id",5
"PAIR_00892","VP_008","LNP_0330","lnp_id",5
"PAIR_00893","VP_144","LNP_0117","lnp_id",3
"PAIR_00894","VP_039","LNP_0121","lnp_id",1
"PAIR_00895","VP_096","LNP_0228","lnp_id",1
"PAIR_00896","VP_065","LNP_0462","lnp_id",4
"PAIR_00897","VP_094","LNP_0001","lnp_id",1
"PAIR_00898","VP_058","LNP_0474","lnp_id",5
"PAIR_00899","VP_184","LNP_0119","lnp_id",5
"PAIR_00900","VP_171","LNP_0030","lnp_id",5
"PAIR_00901","VP_195","LNP_0189","lnp_id",2
"PAIR_00902","VP_056","LNP_0017","lnp_id",4
"PAIR_00903","VP_022","LNP_0299","lnp_id",3
"PAIR_00904","VP_145","LNP_0206","lnp_id",5
"PAIR_00905","VP_099","LNP_0112","lnp_id",3
"PAIR_00906","VP_142","LNP_0378","lnp_id",5
"PAIR_00907","VP_119","LNP_0386","lnp_id",1
"PAIR_00908","VP_064","LNP_0498","lnp_id",4
"PAIR_00909","VP_024","LNP_0106","lnp_id",4
"PAIR_00910","VP_008","LNP_0067","lnp_id",2
"PAIR_00911","VP_148","LNP_0220","lnp_id",2
"PAIR_00912","VP_120","LNP_0464","lnp_id",5
"PAIR_00913","VP_074","LNP_0074","lnp_id",2
"PAIR_00914","VP_086","LNP_0224","lnp_id",1
"PAIR_00915","VP_178","LNP_0478","lnp_id",5
"PAIR_00916","VP_017","LNP_0038","lnp_id",4
"PAIR_00917","VP_137","LNP_0198","lnp_id",2
"PAIR_00918","VP_163","LNP_0221","lnp_id",3
"PAIR_00919","VP_191","LNP_0205","lnp_id",3
"PAIR_00920","VP_185","LNP_0472","lnp_id",1
"PAIR_00921","VP_144","LNP_0449","lnp_id",3
"PAIR_00922","VP_052","LNP_0193","lnp_id",1
"PAIR_00923","VP_099","LNP_0158","lnp_id",5
"PAIR_00924","VP_035","LNP_0179","lnp_id",4
"PAIR_00925","VP_182","LNP_0178","lnp_id",4
"PAIR_00926","VP_026","LNP_0289","lnp_id",1
"PAIR_00927","VP_013","LNP_0372","lnp_id",4
"PAIR_00928","VP_036","LNP_0245","lnp_id",5
"PAIR_00929","VP_175","LNP_0017","lnp_id",4
"PAIR_00930","VP_153","LNP_0279","lnp_id",5
"PAIR_00931","VP_028","LNP_0150","lnp_id",1
"PAIR_00932","VP_157","LNP_0389","lnp_id",3
"PAIR_00933","VP_044","LNP_0406","lnp_id",3
"PAIR_00934","VP_054","LNP_0008","lnp_id",4
"PAIR_00935","VP_153","LNP_0298","lnp_id",3
"PAIR_00936","VP_029","LNP_0348","lnp_id",4
"PAIR_00937","VP_148","LNP_0316","lnp_id",5
"PAIR_00938","VP_093","LNP_0065","lnp_id",5
"PAIR_00939","VP_013","LNP_0052","lnp_id",3
"PAIR_00940","VP_163","LNP_0415","lnp_id",2
"PAIR_00941","VP_183","LNP_0259","lnp_id",2
"PAIR_00942","VP_116","LNP_0140","lnp_id",4
"PAIR_00943","VP_005","LNP_0383","lnp_id",1
"PAIR_00944","VP_056","LNP_0367","lnp_id",3
"PAIR_00945","VP_077","LNP_0404","lnp_id",3
"PAIR_00946","VP_092","LNP_0338","lnp_id",2
"PAIR_00947","VP_172","LNP_0492","lnp_id",5
"PAIR_00948","VP_072","LNP_0182","lnp_id",2
"PAIR_00949","VP_126","LNP_0433","lnp_id",1
"PAIR_00950","VP_166","LNP_0131","lnp_id",1
"PAIR_00951","VP_152","LNP_0429","lnp_id",2
"PAIR_00952","VP_075","LNP_0484","lnp_id",3
"PAIR_00953","VP_087","LNP_0087","lnp_id",2
"PAIR_00954","VP_094","LNP_0015","lnp_id",5
"PAIR_00955","VP_048","LNP_0389","lnp_id",3
"PAIR_00956","VP_015","LNP_0369","lnp_id",2
"PAIR_00957","VP_065","LNP_0461","lnp_id",3
"PAIR_00958","VP_182","LNP_0250","lnp_id",5
"PAIR_00959","VP_010","LNP_0256","lnp_id",2
"PAIR_00960","VP_086","LNP_0423","lnp_id",4
"PAIR_00961","VP_042","LNP_0303","lnp_id",4
"PAIR_00962","VP_100","LNP_0050","lnp_id",5
"PAIR_00963","VP_169","LNP_0473","lnp_id",1
"PAIR_00964","VP_025","LNP_0239","lnp_id",4
"PAIR_00965","VP_094","LNP_0421","lnp_id",4
"PAIR_00966","VP_180","LNP_0499","lnp_id",3
"PAIR_00967","VP_037","LNP_0160","lnp_id",4
"PAIR_00968","VP_128","LNP_0112","lnp_id",3
"PAIR_00969","VP_027","LNP_0121","lnp_id",1
"PAIR_00970","VP_035","LNP_0027","lnp_id",3
"PAIR_00971","VP_162","LNP_0224","lnp_id",1
"PAIR_00972","VP_191","LNP_0104","lnp_id",5
"PAIR_00973","VP_087","LNP_0198","lnp_id",2
"PAIR_00974","VP_076","LNP_0470","lnp_id",4
"PAIR_00975","VP_177","LNP_0279","lnp_id",5
"PAIR_00976","VP_035","LNP_0146","lnp_id",1
"PAIR_00977","VP_157","LNP_0285","lnp_id",1
"PAIR_00978","VP_071","LNP_0085","lnp_id",4
"PAIR_00979","VP_173","LNP_0051","lnp_id",1
"PAIR_00980","VP_110","LNP_0416","lnp_id",1
"PAIR_00981","VP_034","LNP_0433","lnp_id",1
"PAIR_00982","VP_125","LNP_0249","lnp_id",1
"PAIR_00983","VP_047","LNP_0037","lnp_id",5
"PAIR_00984","VP_129","LNP_0360","lnp_id",5
"PAIR_00985","VP_010","LNP_0321","lnp_id",2
"PAIR_00986","VP_169","LNP_0474","lnp_id",5
"PAIR_00987","VP_169","LNP_0464","lnp_id",5
"PAIR_00988","VP_039","LNP_0073","lnp_id",3
"PAIR_00989","VP_108","LNP_0321","lnp_id",2
"PAIR_00990","VP_134","LNP_0038","lnp_id",4
"PAIR_00991","VP_160","LNP_0034","lnp_id",5
"PAIR_00992","VP_103","LNP_0143","lnp_id",4
"PAIR_00993","VP_189","LNP_0230","lnp_id",5
"PAIR_00994","VP_080","LNP_0253","lnp_id",2
"PAIR_00995","VP_090","LNP_0431","lnp_id",2
"PAIR_00996","VP_144","LNP_0033","lnp_id",3
"PAIR_00997","VP_002","LNP_0149","lnp_id",1
"PAIR_00998","VP_162","LNP_0330","lnp_id",5
"PAIR_00999","VP_078","LNP_0363","lnp_id",2
"PAIR_01000","VP_158","LNP_0355","lnp_id",1
"PAIR_01001","VP_156","LNP_0245","lnp_id",5
"PAIR_01002","VP_186","LNP_0194","lnp_id",4
"PAIR_01003","VP_030","LNP_0083","lnp_id",1
"PAIR_01004","VP_167","LNP_0328","lnp_id",3
"PAIR_01005","VP_070","LNP_0319","lnp_id",3
"PAIR_01006","VP_196","LNP_0304","lnp_id",2
"PAIR_01007","VP_195","LNP_0366","lnp_id",3
"PAIR_01008","VP_174","LNP_0293","lnp_id",4
"PAIR_01009","VP_187","LNP_0437","lnp_id",1
"PAIR_01010","VP_115","LNP_0291","lnp_id",5
"PAIR_01011","VP_048","LNP_0082","lnp_id",2
"PAIR_01012","VP_138","LNP_0360","lnp_id",5
"PAIR_01013","VP_028","LNP_0169","lnp_id",1
"PAIR_01014","VP_067","LNP_0100","lnp_id",2
"PAIR_01015","VP_129","LNP_0009","lnp_id",5
"PAIR_01016","VP_044","LNP_0078","lnp_id",1
"PAIR_01017","VP_177","LNP_0285","lnp_id",1
"PAIR_01018","VP_161","LNP_0224","lnp_id",1
"PAIR_01019","VP_164","LNP_0072","lnp_id",2
"PAIR_01020","VP_115","LNP_0320","lnp_id",2
"PAIR_01021","VP_141","LNP_0285","lnp_id",1
"PAIR_01022","VP_114","LNP_0359","lnp_id",2
"PAIR_01023","VP_079","LNP_0189","lnp_id",2
"PAIR_01024","VP_077","LNP_0004","lnp_id",2
"PAIR_01025","VP_174","LNP_0254","lnp_id",2
"PAIR_01026","VP_094","LNP_0067","lnp_id",2
"PAIR_01027","VP_119","LNP_0006","lnp_id",4
"PAIR_01028","VP_146","LNP_0069","lnp_id",2
"PAIR_01029","VP_108","LNP_0344","lnp_id",5
"PAIR_01030","VP_178","LNP_0054","lnp_id",2
"PAIR_01031","VP_103","LNP_0076","lnp_id",1
"PAIR_01032","VP_026","LNP_0051","lnp_id",1
"PAIR_01033","VP_164","LNP_0014","lnp_id",5
"PAIR_01034","VP_036","LNP_0096","lnp_id",2
"PAIR_01035","VP_056","LNP_0091","lnp_id",3
"PAIR_01036","VP_057","LNP_0200","lnp_id",5
"PAIR_01037","VP_003","LNP_0334","lnp_id",4
"PAIR_01038","VP_011","LNP_0235","lnp_id",2
"PAIR_01039","VP_051","LNP_0028","lnp_id",5
"PAIR_01040","VP_158","LNP_0438","lnp_id",5
"PAIR_01041","VP_016","LNP_0342","lnp_id",4
"PAIR_01042","VP_111","LNP_0496","lnp_id",5
"PAIR_01043","VP_011","LNP_0467","lnp_id",3
"PAIR_01044","VP_096","LNP_0171","lnp_id",3
"PAIR_01045","VP_101","LNP_0340","lnp_id",5
"PAIR_01046","VP_194","LNP_0104","lnp_id",5
"PAIR_01047","VP_150","LNP_0194","lnp_id",4
"PAIR_01048","VP_145","LNP_0330","lnp_id",5
"PAIR_01049","VP_133","LNP_0032","lnp_id",2
"PAIR_01050","VP_115","LNP_0158","lnp_id",5
"PAIR_01051","VP_079","LNP_0475","lnp_id",1
"PAIR_01052","VP_096","LNP_0315","lnp_id",3
"PAIR_01053","VP_062","LNP_0368","lnp_id",5
"PAIR_01054","VP_163","LNP_0435","lnp_id",1
"PAIR_01055","VP_091","LNP_0070","lnp_id",4
"PAIR_01056","VP_150","LNP_0193","lnp_id",1
"PAIR_01057","VP_191","LNP_0308","lnp_id",5
"PAIR_01058","VP_089","LNP_0391","lnp_id",2
"PAIR_01059","VP_143","LNP_0149","lnp_id",1
"PAIR_01060","VP_123","LNP_0460","lnp_id",3
"PAIR_01061","VP_035","LNP_0165","lnp_id",3
"PAIR_01062","VP_030","LNP_0289","lnp_id",1
"PAIR_01063","VP_162","LNP_0190","lnp_id",4
"PAIR_01064","VP_069","LNP_0307","lnp_id",1
"PAIR_01065","VP_197","LNP_0237","lnp_id",4
"PAIR_01066","VP_199","LNP_0495","lnp_id",2
"PAIR_01067","VP_130","LNP_0214","lnp_id",3
"PAIR_01068","VP_023","LNP_0234","lnp_id",3
"PAIR_01069","VP_021","LNP_0351","lnp_id",2
"PAIR_01070","VP_019","LNP_0249","lnp_id",1
"PAIR_01071","VP_137","LNP_0424","lnp_id",1
"PAIR_01072","VP_190","LNP_0245","lnp_id",5
"PAIR_01073","VP_197","LNP_0204","lnp_id",3
"PAIR_01074","VP_173","LNP_0102","lnp_id",3
"PAIR_01075","VP_104","LNP_0397","lnp_id",2
"PAIR_01076","VP_032","LNP_0291","lnp_id",5
"PAIR_01077","VP_048","LNP_0311","lnp_id",1
"PAIR_01078","VP_015","LNP_0236","lnp_id",5
"PAIR_01079","VP_154","LNP_0463","lnp_id",5
"PAIR_01080","VP_148","LNP_0319","lnp_id",3
"PAIR_01081","VP_035","LNP_0021","lnp_id",2
"PAIR_01082","VP_055","LNP_0150","lnp_id",1
"PAIR_01083","VP_159","LNP_0208","lnp_id",5
"PAIR_01084","VP_125","LNP_0198","lnp_id",2
"PAIR_01085","VP_152","LNP_0285","lnp_id",1
"PAIR_01086","VP_017","LNP_0300","lnp_id",2
"PAIR_01087","VP_071","LNP_0202","lnp_id",1
"PAIR_01088","VP_185","LNP_0147","lnp_id",1
"PAIR_01089","VP_077","LNP_0101","lnp_id",2
"PAIR_01090","VP_163","LNP_0478","lnp_id",5
"PAIR_01091","VP_186","LNP_0388","lnp_id",5
"PAIR_01092","VP_182","LNP_0349","lnp_id",5
"PAIR_01093","VP_013","LNP_0094","lnp_id",1
"PAIR_01094","VP_068","LNP_0134","lnp_id",1
"PAIR_01095","VP_127","LNP_0010","lnp_id",4
"PAIR_01096","VP_025","LNP_0474","lnp_id",5
"PAIR_01097","VP_029","LNP_0190","lnp_id",4
"PAIR_01098","VP_181","LNP_0306","lnp_id",2
"PAIR_01099","VP_016","LNP_0141","lnp_id",5
"PAIR_01100","VP_169","LNP_0365","lnp_id",2
"PAIR_01101","VP_009","LNP_0047","lnp_id",5
"PAIR_01102","VP_037","LNP_0314","lnp_id",3
"PAIR_01103","VP_054","LNP_0112","lnp_id",3
"PAIR_01104","VP_024","LNP_0478","lnp_id",5
"PAIR_01105","VP_014","LNP_0282","lnp_id",1
"PAIR_01106","VP_158","LNP_0403","lnp_id",5
"PAIR_01107","VP_109","LNP_0291","lnp_id",5
"PAIR_01108","VP_190","LNP_0120","lnp_id",4
"PAIR_01109","VP_116","LNP_0314","lnp_id",3
"PAIR_01110","VP_111","LNP_0300","lnp_id",2
"PAIR_01111","VP_040","LNP_0410","lnp_id",2
"PAIR_01112","VP_119","LNP_0300","lnp_id",2
"PAIR_01113","VP_167","LNP_0319","lnp_id",3
"PAIR_01114","VP_072","LNP_0302","lnp_id",4
"PAIR_01115","VP_014","LNP_0418","lnp_id",1
"PAIR_01116","VP_176","LNP_0494","lnp_id",4
"PAIR_01117","VP_065","LNP_0212","lnp_id",4
"PAIR_01118","VP_151","LNP_0141","lnp_id",5
"PAIR_01119","VP_026","LNP_0002","lnp_id",4
"PAIR_01120","VP_046","LNP_0065","lnp_id",5
"PAIR_01121","VP_023","LNP_0447","lnp_id",2
"PAIR_01122","VP_191","LNP_0489","lnp_id",2
"PAIR_01123","VP_149","LNP_0212","lnp_id",4
"PAIR_01124","VP_081","LNP_0191","lnp_id",3
"PAIR_01125","VP_039","LNP_0360","lnp_id",5
"PAIR_01126","VP_071","LNP_0333","lnp_id",2
"PAIR_01127","VP_045","LNP_0378","lnp_id",5
"PAIR_01128","VP_047","LNP_0438","lnp_id",5
"PAIR_01129","VP_076","LNP_0082","lnp_id",2
"PAIR_01130","VP_096","LNP_0278","lnp_id",4
"PAIR_01131","VP_174","LNP_0159","lnp_id",5
"PAIR_01132","VP_060","LNP_0265","lnp_id",3
"PAIR_01133","VP_083","LNP_0403","lnp_id",5
"PAIR_01134","VP_089","LNP_0457","lnp_id",1
"PAIR_01135","VP_145","LNP_0435","lnp_id",1
"PAIR_01136","VP_137","LNP_0278","lnp_id",4
"PAIR_01137","VP_109","LNP_0232","lnp_id",4
"PAIR_01138","VP_126","LNP_0062","lnp_id",2
"PAIR_01139","VP_110","LNP_0192","lnp_id",1
"PAIR_01140","VP_151","LNP_0302","lnp_id",4
"PAIR_01141","VP_159","LNP_0095","lnp_id",2
"PAIR_01142","VP_166","LNP_0407","lnp_id",4
"PAIR_01143","VP_033","LNP_0434","lnp_id",3
"PAIR_01144","VP_080","LNP_0424","lnp_id",1
"PAIR_01145","VP_060","LNP_0129","lnp_id",3
"PAIR_01146","VP_072","LNP_0369","lnp_id",2
"PAIR_01147","VP_133","LNP_0056","lnp_id",1
"PAIR_01148","VP_063","LNP_0436","lnp_id",2
"PAIR_01149","VP_169","LNP_0169","lnp_id",1
"PAIR_01150","VP_092","LNP_0246","lnp_id",2
"PAIR_01151","VP_037","LNP_0417","lnp_id",2
"PAIR_01152","VP_174","LNP_0026","lnp_id",1
"PAIR_01153","VP_083","LNP_0391","lnp_id",2
"PAIR_01154","VP_144","LNP_0466","lnp_id",3
"PAIR_01155","VP_006","LNP_0088","lnp_id",1
"PAIR_01156","VP_180","LNP_0176","lnp_id",2
"PAIR_01157","VP_200","LNP_0214","lnp_id",3
"PAIR_01158","VP_089","LNP_0500","lnp_id",2
"PAIR_01159","VP_095","LNP_0444","lnp_id",3
"PAIR_01160","VP_046","LNP_0346","lnp_id",3
"PAIR_01161","VP_089","LNP_0413","lnp_id",5
"PAIR_01162","VP_008","LNP_0270","lnp_id",1
"PAIR_01163","VP_171","LNP_0145","lnp_id",3
"PAIR_01164","VP_119","LNP_0122","lnp_id",3
"PAIR_01165","VP_024","LNP_0166","lnp_id",1
"PAIR_01166","VP_005","LNP_0474","lnp_id",5
"PAIR_01167","VP_142","LNP_0446","lnp_id",1
"PAIR_01168","VP_193","LNP_0385","lnp_id",5
"PAIR_01169","VP_101","LNP_0038","lnp_id",4
"PAIR_01170","VP_099","LNP_0472","lnp_id",1
"PAIR_01171","VP_004","LNP_0098","lnp_id",4
"PAIR_01172","VP_035","LNP_0059","lnp_id",1
"PAIR_01173","VP_010","LNP_0422","lnp_id",3
"PAIR_01174","VP_012","LNP_0292","lnp_id",3
"PAIR_01175","VP_128","LNP_0431","lnp_id",2
"PAIR_01176","VP_176","LNP_0328","lnp_id",3
"PAIR_01177","VP_003","LNP_0438","lnp_id",5
"PAIR_01178","VP_026","LNP_0115","lnp_id",4
"PAIR_01179","VP_188","LNP_0265","lnp_id",3
"PAIR_01180","VP_045","LNP_0289","lnp_id",1
"PAIR_01181","VP_008","LNP_0089","lnp_id",2
"PAIR_01182","VP_145","LNP_0321","lnp_id",2
"PAIR_01183","VP_133","LNP_0308","lnp_id",5
"PAIR_01184","VP_083","LNP_0450","lnp_id",1
"PAIR_01185","VP_102","LNP_0077","lnp_id",3
"PAIR_01186","VP_032","LNP_0054","lnp_id",2
"PAIR_01187","VP_002","LNP_0089","lnp_id",2
"PAIR_01188","VP_145","LNP_0246","lnp_id",2
"PAIR_01189","VP_119","LNP_0351","lnp_id",2
"PAIR_01190","VP_049","LNP_0268","lnp_id",3
"PAIR_01191","VP_200","LNP_0417","lnp_id",2
"PAIR_01192","VP_051","LNP_0009","lnp_id",5
"PAIR_01193","VP_146","LNP_0211","lnp_id",5
"PAIR_01194","VP_154","LNP_0136","lnp_id",2
"PAIR_01195","VP_030","LNP_0124","lnp_id",3
"PAIR_01196","VP_069","LNP_0006","lnp_id",4
"PAIR_01197","VP_093","LNP_0146","lnp_id",1
"PAIR_01198","VP_046","LNP_0341","lnp_id",5
"PAIR_01199","VP_012","LNP_0273","lnp_id",3
"PAIR_01200","VP_056","LNP_0250","lnp_id",5
"PAIR_01201","VP_001","LNP_0445","lnp_id",1
"PAIR_01202","VP_176","LNP_0221","lnp_id",3
"PAIR_01203","VP_094","LNP_0124","lnp_id",3
"PAIR_01204","VP_126","LNP_0494","lnp_id",4
"PAIR_01205","VP_052","LNP_0401","lnp_id",5
"PAIR_01206","VP_007","LNP_0016","lnp_id",5
"PAIR_01207","VP_197","LNP_0218","lnp_id",3
"PAIR_01208","VP_138","LNP_0330","lnp_id",5
"PAIR_01209","VP_036","LNP_0320","lnp_id",2
"PAIR_01210","VP_136","LNP_0278","lnp_id",4
"PAIR_01211","VP_049","LNP_0215","lnp_id",1
"PAIR_01212","VP_069","LNP_0302","lnp_id",4
"PAIR_01213","VP_167","LNP_0219","lnp_id",3
"PAIR_01214","VP_150","LNP_0200","lnp_id",5
"PAIR_01215","VP_076","LNP_0033","lnp_id",3
"PAIR_01216","VP_138","LNP_0441","lnp_id",1
"PAIR_01217","VP_190","LNP_0310","lnp_id",1
"PAIR_01218","VP_124","LNP_0328","lnp_id",3
"PAIR_01219","VP_193","LNP_0431","lnp_id",2
"PAIR_01220","VP_047","LNP_0326","lnp_id",2
"PAIR_01221","VP_142","LNP_0118","lnp_id",1
"PAIR_01222","VP_071","LNP_0376","lnp_id",3
"PAIR_01223","VP_191","LNP_0059","lnp_id",1
"PAIR_01224","VP_162","LNP_0426","lnp_id",4
"PAIR_01225","VP_117","LNP_0451","lnp_id",4
"PAIR_01226","VP_147","LNP_0380","lnp_id",5
"PAIR_01227","VP_110","LNP_0198","lnp_id",2
"PAIR_01228","VP_150","LNP_0357","lnp_id",2
"PAIR_01229","VP_018","LNP_0192","lnp_id",1
"PAIR_01230","VP_179","LNP_0131","lnp_id",1
"PAIR_01231","VP_126","LNP_0180","lnp_id",4
"PAIR_01232","VP_067","LNP_0125","lnp_id",5
"PAIR_01233","VP_107","LNP_0377","lnp_id",4
"PAIR_01234","VP_052","LNP_0348","lnp_id",4
"PAIR_01235","VP_191","LNP_0292","lnp_id",3
"PAIR_01236","VP_165","LNP_0211","lnp_id",5
"PAIR_01237","VP_110","LNP_0156","lnp_id",3
"PAIR_01238","VP_018","LNP_0063","lnp_id",1
"PAIR_01239","VP_169","LNP_0212","lnp_id",4
"PAIR_01240","VP_065","LNP_0029","lnp_id",1
"PAIR_01241","VP_039","LNP_0212","lnp_id",4
"PAIR_01242","VP_015","LNP_0187","lnp_id",2
"PAIR_01243","VP_177","LNP_0419","lnp_id",4
"PAIR_01244","VP_198","LNP_0080","lnp_id",4
"PAIR_01245","VP_097","LNP_0208","lnp_id",5
"PAIR_01246","VP_102","LNP_0203","lnp_id",4
"PAIR_01247","VP_168","LNP_0358","lnp_id",4
"PAIR_01248","VP_060","LNP_0110","lnp_id",2
"PAIR_01249","VP_162","LNP_0280","lnp_id",1
"PAIR_01250","VP_090","LNP_0477","lnp_id",5
"PAIR_01251","VP_018","LNP_0055","lnp_id",1
"PAIR_01252","VP_197","LNP_0206","lnp_id",5
"PAIR_01253","VP_188","LNP_0394","lnp_id",2
"PAIR_01254","VP_035","LNP_0474","lnp_id",5
"PAIR_01255","VP_198","LNP_0186","lnp_id",2
"PAIR_01256","VP_054","LNP_0450","lnp_id",1
"PAIR_01257","VP_171","LNP_0252","lnp_id",3
"PAIR_01258","VP_073","LNP_0233","lnp_id",2
"PAIR_01259","VP_022","LNP_0082","lnp_id",2
"PAIR_01260","VP_020","LNP_0495","lnp_id",2
"PAIR_01261","VP_175","LNP_0455","lnp_id",2
"PAIR_01262","VP_114","LNP_0470","lnp_id",4
"PAIR_01263","VP_169","LNP_0234","lnp_id",3
"PAIR_01264","VP_142","LNP_0356","lnp_id",5
"PAIR_01265","VP_029","LNP_0454","lnp_id",5
"PAIR_01266","VP_011","LNP_0419","lnp_id",4
"PAIR_01267","VP_188","LNP_0474","lnp_id",5
"PAIR_01268","VP_020","LNP_0123","lnp_id",2
"PAIR_01269","VP_179","LNP_0366","lnp_id",3
"PAIR_01270","VP_089","LNP_0335","lnp_id",1
"PAIR_01271","VP_013","LNP_0361","lnp_id",4
"PAIR_01272","VP_076","LNP_0078","lnp_id",1
"PAIR_01273","VP_134","LNP_0008","lnp_id",4
"PAIR_01274","VP_067","LNP_0264","lnp_id",1
"PAIR_01275","VP_092","LNP_0324","lnp_id",3
"PAIR_01276","VP_172","LNP_0131","lnp_id",1
"PAIR_01277","VP_011","LNP_0270","lnp_id",1
"PAIR_01278","VP_019","LNP_0049","lnp_id",3
"PAIR_01279","VP_011","LNP_0386","lnp_id",1
"PAIR_01280","VP_063","LNP_0239","lnp_id",4
"PAIR_01281","VP_100","LNP_0075","lnp_id",5
"PAIR_01282","VP_150","LNP_0043","lnp_id",3
"PAIR_01283","VP_139","LNP_0031","lnp_id",4
"PAIR_01284","VP_155","LNP_0071","lnp_id",5
"PAIR_01285","VP_002","LNP_0367","lnp_id",3
"PAIR_01286","VP_134","LNP_0333","lnp_id",2
"PAIR_01287","VP_055","LNP_0318","lnp_id",3
"PAIR_01288","VP_048","LNP_0240","lnp_id",2
"PAIR_01289","VP_126","LNP_0265","lnp_id",3
"PAIR_01290","VP_156","LNP_0382","lnp_id",3
"PAIR_01291","VP_029","LNP_0006","lnp_id",4
"PAIR_01292","VP_196","LNP_0159","lnp_id",5
"PAIR_01293","VP_169","LNP_0065","lnp_id",5
"PAIR_01294","VP_133","LNP_0291","lnp_id",5
"PAIR_01295","VP_112","LNP_0197","lnp_id",5
"PAIR_01296","VP_095","LNP_0167","lnp_id",5
"PAIR_01297","VP_107","LNP_0344","lnp_id",5
"PAIR_01298","VP_112","LNP_0023","lnp_id",1
"PAIR_01299","VP_137","LNP_0086","lnp_id",3
"PAIR_01300","VP_083","LNP_0459","lnp_id",4
"PAIR_01301","VP_156","LNP_0163","lnp_id",1
"PAIR_01302","VP_015","LNP_0361","lnp_id",4
"PAIR_01303","VP_060","LNP_0236","lnp_id",5
"PAIR_01304","VP_017","LNP_0228","lnp_id",1
"PAIR_01305","VP_189","LNP_0240","lnp_id",2
"PAIR_01306","VP_041","LNP_0094","lnp_id",1
"PAIR_01307","VP_025","LNP_0199","lnp_id",1
"PAIR_01308","VP_076","LNP_0139","lnp_id",4
"PAIR_01309","VP_019","LNP_0312","lnp_id",2
"PAIR_01310","VP_052","LNP_0180","lnp_id",4
"PAIR_01311","VP_199","LNP_0165","lnp_id",3
"PAIR_01312","VP_011","LNP_0284","lnp_id",2
"PAIR_01313","VP_143","LNP_0323","lnp_id",5
"PAIR_01314","VP_088","LNP_0118","lnp_id",1
"PAIR_01315","VP_083","LNP_0391","lnp_id",2
"PAIR_01316","VP_139","LNP_0377","lnp_id",4
"PAIR_01317","VP_033","LNP_0060","lnp_id",3
"PAIR_01318","VP_105","LNP_0348","lnp_id",4
"PAIR_01319","VP_023","LNP_0327","lnp_id",5
"PAIR_01320","VP_017","LNP_0129","lnp_id",3
"PAIR_01321","VP_138","LNP_0056","lnp_id",1
"PAIR_01322","VP_200","LNP_0395","lnp_id",1
"PAIR_01323","VP_018","LNP_0020","lnp_id",1
"PAIR_01324","VP_152","LNP_0413","lnp_id",5
"PAIR_01325","VP_102","LNP_0434","lnp_id",3
"PAIR_01326","VP_089","LNP_0477","lnp_id",5
"PAIR_01327","VP_178","LNP_0157","lnp_id",3
"PAIR_01328","VP_071","LNP_0442","lnp_id",5
"PAIR_01329","VP_103","LNP_0474","lnp_id",5
"PAIR_01330","VP_140","LNP_0225","lnp_id",1
"PAIR_01331","VP_080","LNP_0336","lnp_id",4
"PAIR_01332","VP_131","LNP_0471","lnp_id",2
"PAIR_01333","VP_159","LNP_0272","lnp_id",1
"PAIR_01334","VP_021","LNP_0259","lnp_id",2
"PAIR_01335","VP_062","LNP_0186","lnp_id",2
"PAIR_01336","VP_162","LNP_0010","lnp_id",4
"PAIR_01337","VP_028","LNP_0449","lnp_id",3
"PAIR_01338","VP_164","LNP_0175","lnp_id",1
"PAIR_01339","VP_154","LNP_0064","lnp_id",5
"PAIR_01340","VP_129","LNP_0139","lnp_id",4
"PAIR_01341","VP_090","LNP_0365","lnp_id",2
"PAIR_01342","VP_021","LNP_0406","lnp_id",3
"PAIR_01343","VP_170","LNP_0217","lnp_id",4
"PAIR_01344","VP_120","LNP_0229","lnp_id",1
"PAIR_01345","VP_102","LNP_0399","lnp_id",3
"PAIR_01346","VP_121","LNP_0014","lnp_id",5
"PAIR_01347","VP_163","LNP_0025","lnp_id",3
"PAIR_01348","VP_094","LNP_0039","lnp_id",1
"PAIR_01349","VP_012","LNP_0191","lnp_id",3
"PAIR_01350","VP_141","LNP_0124","lnp_id",3
"PAIR_01351","VP_050","LNP_0351","lnp_id",2
"PAIR_01352","VP_192","LNP_0063","lnp_id",1
"PAIR_01353","VP_033","LNP_0070","lnp_id",4
"PAIR_01354","VP_152","LNP_0464","lnp_id",5
"PAIR_01355","VP_009","LNP_0405","lnp_id",4
"PAIR_01356","VP_159","LNP_0024","lnp_id",4
"PAIR_01357","VP_096","LNP_0206","lnp_id",5
"PAIR_01358","VP_194","LNP_0076","lnp_id",1
"PAIR_01359","VP_128","LNP_0082","lnp_id",2
"PAIR_01360","VP_031","LNP_0290","lnp_id",4
"PAIR_01361","VP_060","LNP_0245","lnp_id",5
"PAIR_01362","VP_091","LNP_0276","lnp_id",5
"PAIR_01363","VP_099","LNP_0319","lnp_id",3
"PAIR_01364","VP_118","LNP_0167","lnp_id",5
"PAIR_01365","VP_151","LNP_0457","lnp_id",1
"PAIR_01366","VP_114","LNP_0156","lnp_id",3
"PAIR_01367","VP_165","LNP_0226","lnp_id",2
"PAIR_01368","VP_171","LNP_0051","lnp_id",1
"PAIR_01369","VP_147","LNP_0391","lnp_id",2
"PAIR_01370","VP_144","LNP_0482","lnp_id",3
"PAIR_01371","VP_167","LNP_0456","lnp_id",2
"PAIR_01372","VP_096","LNP_0066","lnp_id",2
"PAIR_01373","VP_050","LNP_0205","lnp_id",3
"PAIR_01374","VP_147","LNP_0447","lnp_id",2
"PAIR_01375","VP_132","LNP_0394","lnp_id",2
"PAIR_01376","VP_179","LNP_0056","lnp_id",1
"PAIR_01377","VP_163","LNP_0181","lnp_id",3
"PAIR_01378","VP_034","LNP_0031","lnp_id",4
"PAIR_01379","VP_157","LNP_0469","lnp_id",3
"PAIR_01380","VP_077","LNP_0349","lnp_id",5
"PAIR_01381","VP_054","LNP_0205","lnp_id",3
"PAIR_01382","VP_067","LNP_0038","lnp_id",4
"PAIR_01383","VP_089","LNP_0343","lnp_id",2
"PAIR_01384","VP_053","LNP_0418","lnp_id",1
"PAIR_01385","VP_168","LNP_0062","lnp_id",2
"PAIR_01386","VP_133","LNP_0421","lnp_id",4
"PAIR_01387","VP_005","LNP_0067","lnp_id",2
"PAIR_01388","VP_094","LNP_0293","lnp_id",4
"PAIR_01389","VP_071","LNP_0038","lnp_id",4
"PAIR_01390","VP_110","LNP_0283","lnp_id",1
"PAIR_01391","VP_145","LNP_0315","lnp_id",3
"PAIR_01392","VP_098","LNP_0230","lnp_id",5
"PAIR_01393","VP_017","LNP_0239","lnp_id",4
"PAIR_01394","VP_189","LNP_0281","lnp_id",3
"PAIR_01395","VP_011","LNP_0353","lnp_id",3
"PAIR_01396","VP_014","LNP_0495","lnp_id",2
"PAIR_01397","VP_104","LNP_0309","lnp_id",2
"PAIR_01398","VP_161","LNP_0383","lnp_id",1
"PAIR_01399","VP_162","LNP_0347","lnp_id",4
"PAIR_01400","VP_192","LNP_0015","lnp_id",5
"PAIR_01401","VP_138","LNP_0102","lnp_id",3
"PAIR_01402","VP_125","LNP_0134","lnp_id",1
"PAIR_01403","VP_038","LNP_0440","lnp_id",3
"PAIR_01404","VP_012","LNP_0376","lnp_id",3
"PAIR_01405","VP_035","LNP_0366","lnp_id",3
"PAIR_01406","VP_104","LNP_0050","lnp_id",5
"PAIR_01407","VP_187","LNP_0254","lnp_id",2
"PAIR_01408","VP_033","LNP_0036","lnp_id",2
"PAIR_01409","VP_171","LNP_0303","lnp_id",4
"PAIR_01410","VP_118","LNP_0435","lnp_id",1
"PAIR_01411","VP_011","LNP_0362","lnp_id",4
"PAIR_01412","VP_072","LNP_0170","lnp_id",5
"PAIR_01413","VP_081","LNP_0096","lnp_id",2
"PAIR_01414","VP_004","LNP_0452","lnp_id",2
"PAIR_01415","VP_076","LNP_0165","lnp_id",3
"PAIR_01416","VP_047","LNP_0218","lnp_id",3
"PAIR_01417","VP_184","LNP_0043","lnp_id",3
"PAIR_01418","VP_014","LNP_0003","lnp_id",4
"PAIR_01419","VP_051","LNP_0009","lnp_id",5
"PAIR_01420","VP_155","LNP_0067","lnp_id",2
"PAIR_01421","VP_075","LNP_0417","lnp_id",2
"PAIR_01422","VP_177","LNP_0191","lnp_id",3
"PAIR_01423","VP_157","LNP_0084","lnp_id",1
"PAIR_01424","VP_166","LNP_0432","lnp_id",5
"PAIR_01425","VP_019","LNP_0364","lnp_id",3
"PAIR_01426","VP_021","LNP_0399","lnp_id",3
"PAIR_01427","VP_049","LNP_0375","lnp_id",4
"PAIR_01428","VP_006","LNP_0121","lnp_id",1
"PAIR_01429","VP_069","LNP_0043","lnp_id",3
"PAIR_01430","VP_144","LNP_0189","lnp_id",2
"PAIR_01431","VP_107","LNP_0220","lnp_id",2
"PAIR_01432","VP_078","LNP_0377","lnp_id",4
"PAIR_01433","VP_127","LNP_0386","lnp_id",1
"PAIR_01434","VP_190","LNP_0380","lnp_id",5
"PAIR_01435","VP_069","LNP_0280","lnp_id",1
"PAIR_01436","VP_120","LNP_0424","lnp_id",1
"PAIR_01437","VP_030","LNP_0467","lnp_id",3
"PAIR_01438","VP_062","LNP_0392","lnp_id",5
"PAIR_01439","VP_173","LNP_0477","lnp_id",5
"PAIR_01440","VP_116","LNP_0330","lnp_id",5
"PAIR_01441","VP_068","LNP_0083","lnp_id",1
"PAIR_01442","VP_068","LNP_0221","lnp_id",3
"PAIR_01443","VP_096","LNP_0480","lnp_id",2
"PAIR_01444","VP_092","LNP_0426","lnp_id",4
"PAIR_01445","VP_180","LNP_0383","lnp_id",1
"PAIR_01446","VP_070","LNP_0012","lnp_id",3
"PAIR_01447","VP_042","LNP_0309","lnp_id",2
"PAIR_01448","VP_020","LNP_0261","lnp_id",1
"PAIR_01449","VP_075","LNP_0014","lnp_id",5
"PAIR_01450","VP_040","LNP_0250","lnp_id",5
"PAIR_01451","VP_149","LNP_0145","lnp_id",3
"PAIR_01452","VP_058","LNP_0031","lnp_id",4
"PAIR_01453","VP_083","LNP_0408","lnp_id",4
"PAIR_01454","VP_043","LNP_0426","lnp_id",4
"PAIR_01455","VP_001","LNP_0020","lnp_id",1
"PAIR_01456","VP_162","LNP_0004","lnp_id",2
"PAIR_01457","VP_076","LNP_0350","lnp_id",5
"PAIR_01458","VP_142","LNP_0383","lnp_id",1
"PAIR_01459","VP_067","LNP_0160","lnp_id",4
"PAIR_01460","VP_048","LNP_0110","lnp_id",2
"PAIR_01461","VP_020","LNP_0438","lnp_id",5
"PAIR_01462","VP_090","LNP_0243","lnp_id",3
"PAIR_01463","VP_132","LNP_0221","lnp_id",3
"PAIR_01464","VP_004","LNP_0061","lnp_id",1
"PAIR_01465","VP_193","LNP_0043","lnp_id",3
"PAIR_01466","VP_081","LNP_0302","lnp_id",4
"PAIR_01467","VP_036","LNP_0109","lnp_id",3
"PAIR_01468","VP_145","LNP_0064","lnp_id",5
"PAIR_01469","VP_167","LNP_0224","lnp_id",1
"PAIR_01470","VP_059","LNP_0174","lnp_id",1
"PAIR_01471","VP_069","LNP_0492","lnp_id",5
"PAIR_01472","VP_137","LNP_0377","lnp_id",4
"PAIR_01473","VP_031","LNP_0242","lnp_id",1
"PAIR_01474","VP_198","LNP_0020","lnp_id",1
"PAIR_01475","VP_041","LNP_0195","lnp_id",3
"PAIR_01476","VP_159","LNP_0479","lnp_id",5
"PAIR_01477","VP_035","LNP_0458","lnp_id",4
"PAIR_01478","VP_073","LNP_0164","lnp_id",4
"PAIR_01479","VP_049","LNP_0128","lnp_id",1
"PAIR_01480","VP_166","LNP_0315","lnp_id",3
"PAIR_01481","VP_082","LNP_0120","lnp_id",4
"PAIR_01482","VP_145","LNP_0447","lnp_id",2
"PAIR_01483","VP_077","LNP_0487","lnp_id",5
"PAIR_01484","VP_108","LNP_0105","lnp_id",5
"PAIR_01485","VP_175","LNP_0318","lnp_id",3
"PAIR_01486","VP_093","LNP_0180","lnp_id",4
"PAIR_01487","VP_053","LNP_0353","lnp_id",3
"PAIR_01488","VP_016","LNP_0154","lnp_id",1
"PAIR_01489","VP_143","LNP_0110","lnp_id",2
"PAIR_01490","VP_091","LNP_0175","lnp_id",1
"PAIR_01491","VP_150","LNP_0476","lnp_id",1
"PAIR_01492","VP_136","LNP_0141","lnp_id",5
"PAIR_01493","VP_065","LNP_0149","lnp_id",1
"PAIR_01494","VP_198","LNP_0285","lnp_id",1
"PAIR_01495","VP_198","LNP_0068","lnp_id",2
"PAIR_01496","VP_005","LNP_0452","lnp_id",2
"PAIR_01497","VP_009","LNP_0310","lnp_id",1
"PAIR_01498","VP_031","LNP_0488","lnp_id",4
"PAIR_01499","VP_067","LNP_0239","lnp_id",4
"PAIR_01500","VP_169","LNP_0089","lnp_id",2
"PAIR_01501","VP_032","LNP_0081","lnp_id",2
"PAIR_01502","VP_053","LNP_0109","lnp_id",3
"PAIR_01503","VP_023","LNP_0147","lnp_id",1
"PAIR_01504","VP_082","LNP_0447","lnp_id",2
"PAIR_01505","VP_058","LNP_0212","lnp_id",4
"PAIR_01506","VP_151","LNP_0199","lnp_id",1
"PAIR_01507","VP_115","LNP_0259","lnp_id",2
"PAIR_01508","VP_025","LNP_0447","lnp_id",2
"PAIR_01509","VP_038","LNP_0275","lnp_id",2
"PAIR_01510","VP_030","LNP_0483","lnp_id",3
"PAIR_01511","VP_166","LNP_0285","lnp_id",1
"PAIR_01512","VP_132","LNP_0457","lnp_id",1
"PAIR_01513","VP_116","LNP_0130","lnp_id",4
"PAIR_01514","VP_070","LNP_0223","lnp_id",4
"PAIR_01515","VP_154","LNP_0077","lnp_id",3
"PAIR_01516","VP_039","LNP_0110","lnp_id",2
"PAIR_01517","VP_096","LNP_0412","lnp_id",3
"PAIR_01518","VP_155","LNP_0041","lnp_id",1
"PAIR_01519","VP_126","LNP_0260","lnp_id",1
"PAIR_01520","VP_190","LNP_0473","lnp_id",1
"PAIR_01521","VP_075","LNP_0488","lnp_id",4
"PAIR_01522","VP_149","LNP_0152","lnp_id",4
"PAIR_01523","VP_097","LNP_0076","lnp_id",1
"PAIR_01524","VP_115","LNP_0035","lnp_id",5
"PAIR_01525","VP_072","LNP_0227","lnp_id",1
"PAIR_01526","VP_017","LNP_0320","lnp_id",2
"PAIR_01527","VP_124","LNP_0171","lnp_id",3
"PAIR_01528","VP_094","LNP_0442","lnp_id",5
"PAIR_01529","VP_078","LNP_0137","lnp_id",3
"PAIR_01530","VP_152","LNP_0296","lnp_id",4
"PAIR_01531","VP_135","LNP_0279","lnp_id",5
"PAIR_01532","VP_195","LNP_0395","lnp_id",1
"PAIR_01533","VP_161","LNP_0322","lnp_id",5
"PAIR_01534","VP_024","LNP_0354","lnp_id",4
"PAIR_01535","VP_087","LNP_0313","lnp_id",5
"PAIR_01536","VP_121","LNP_0477","lnp_id",5
"PAIR_01537","VP_046","LNP_0417","lnp_id",2
"PAIR_01538","VP_027","LNP_0378","lnp_id",5
"PAIR_01539","VP_140","LNP_0466","lnp_id",3
"PAIR_01540","VP_049","LNP_0490","lnp_id",5
"PAIR_01541","VP_136","LNP_0165","lnp_id",3
"PAIR_01542","VP_086","LNP_0236","lnp_id",5
"PAIR_01543","VP_098","LNP_0200","lnp_id",5
"PAIR_01544","VP_133","LNP_0176","lnp_id",2
"PAIR_01545","VP_122","LNP_0487","lnp_id",5
"PAIR_01546","VP_077","LNP_0207","lnp_id",1
"PAIR_01547","VP_095","LNP_0247","lnp_id",1
"PAIR_01548","VP_154","LNP_0145","lnp_id",3
"PAIR_01549","VP_020","LNP_0090","lnp_id",5
"PAIR_01550","VP_157","LNP_0041","lnp_id",1
"PAIR_01551","VP_184","LNP_0304","lnp_id",2
"PAIR_01552","VP_137","LNP_0017","lnp_id",4
"PAIR_01553","VP_049","LNP_0024","lnp_id",4
"PAIR_01554","VP_178","LNP_0041","lnp_id",1
"PAIR_01555","VP_042","LNP_0408","lnp_id",4
"PAIR_01556","VP_139","LNP_0050","lnp_id",5
"PAIR_01557","VP_065","LNP_0255","lnp_id",4
"PAIR_01558","VP_098","LNP_0313","lnp_id",5
"PAIR_01559","VP_113","LNP_0317","lnp_id",4
"PAIR_01560","VP_062","LNP_0069","lnp_id",2
"PAIR_01561","VP_014","LNP_0382","lnp_id",3
"PAIR_01562","VP_088","LNP_0018","lnp_id",1
"PAIR_01563","VP_037","LNP_0050","lnp_id",5
"PAIR_01564","VP_105","LNP_0344","lnp_id",5
"PAIR_01565","VP_093","LNP_0455","lnp_id",2
"PAIR_01566","VP_138","LNP_0427","lnp_id",5
"PAIR_01567","VP_049","LNP_0386","lnp_id",1
"PAIR_01568","VP_052","LNP_0173","lnp_id",3
"PAIR_01569","VP_199","LNP_0406","lnp_id",3
"PAIR_01570","VP_150","LNP_0262","lnp_id",4
"PAIR_01571","VP_172","LNP_0111","lnp_id",4
"PAIR_01572","VP_011","LNP_0462","lnp_id",4
"PAIR_01573","VP_018","LNP_0498","lnp_id",4
"PAIR_01574","VP_127","LNP_0298","lnp_id",3
"PAIR_01575","VP_140","LNP_0412","lnp_id",3
"PAIR_01576","VP_199","LNP_0315","lnp_id",3
"PAIR_01577","VP_131","LNP_0124","lnp_id",3
"PAIR_01578","VP_187","LNP_0085","lnp_id",4
"PAIR_01579","VP_174","LNP_0493","lnp_id",5
"PAIR_01580","VP_082","LNP_0430","lnp_id",4
"PAIR_01581","VP_191","LNP_0234","lnp_id",3
"PAIR_01582","VP_112","LNP_0253","lnp_id",2
"PAIR_01583","VP_049","LNP_0440","lnp_id",3
"PAIR_01584","VP_070","LNP_0011","lnp_id",5
"PAIR_01585","VP_030","LNP_0075","lnp_id",5
"PAIR_01586","VP_198","LNP_0354","lnp_id",4
"PAIR_01587","VP_036","LNP_0432","lnp_id",5
"PAIR_01588","VP_181","LNP_0324","lnp_id",3
"PAIR_01589","VP_157","LNP_0493","lnp_id",5
"PAIR_01590","VP_037","LNP_0400","lnp_id",3
"PAIR_01591","VP_189","LNP_0174","lnp_id",1
"PAIR_01592","VP_110","LNP_0199","lnp_id",1
"PAIR_01593","VP_170","LNP_0428","lnp_id",1
"PAIR_01594","VP_182","LNP_0242","lnp_id",1
"PAIR_01595","VP_170","LNP_0204","lnp_id",3
"PAIR_01596","VP_183","LNP_0077","lnp_id",3
"PAIR_01597","VP_190","LNP_0057","lnp_id",5
"PAIR_01598","VP_046","LNP_0178","lnp_id",4
"PAIR_01599","VP_157","LNP_0266","lnp_id",2
"PAIR_01600","VP_051","LNP_0137","lnp_id",3
"PAIR_01601","VP_032","LNP_0038","lnp_id",4
"PAIR_01602","VP_129","LNP_0363","lnp_id",2
"PAIR_01603","VP_162","LNP_0089","lnp_id",2
"PAIR_01604","VP_010","LNP_0171","lnp_id",3
"PAIR_01605","VP_069","LNP_0470","lnp_id",4
"PAIR_01606","VP_005","LNP_0395","lnp_id",1
"PAIR_01607","VP_183","LNP_0222","lnp_id",2
"PAIR_01608","VP_122","LNP_0090","lnp_id",5
"PAIR_01609","VP_114","LNP_0081","lnp_id",2
"PAIR_01610","VP_130","LNP_0284","lnp_id",2
"PAIR_01611","VP_155","LNP_0014","lnp_id",5
"PAIR_01612","VP_062","LNP_0168","lnp_id",3
"PAIR_01613","VP_139","LNP_0091","lnp_id",3
"PAIR_01614","VP_064","LNP_0438","lnp_id",5
"PAIR_01615","VP_101","LNP_0258","lnp_id",5
"PAIR_01616","VP_081","LNP_0381","lnp_id",4
"PAIR_01617","VP_191","LNP_0144","lnp_id",5
"PAIR_01618","VP_099","LNP_0275","lnp_id",2
"PAIR_01619","VP_170","LNP_0438","lnp_id",5
"PAIR_01620","VP_141","LNP_0233","lnp_id",2
"PAIR_01621","VP_192","LNP_0047","lnp_id",5
"PAIR_01622","VP_185","LNP_0210","lnp_id",2
"PAIR_01623","VP_094","LNP_0354","lnp_id",4
"PAIR_01624","VP_031","LNP_0379","lnp_id",4
"PAIR_01625","VP_051","LNP_0136","lnp_id",2
"PAIR_01626","VP_124","LNP_0300","lnp_id",2
"PAIR_01627","VP_017","LNP_0030","lnp_id",5
"PAIR_01628","VP_115","LNP_0339","lnp_id",2
"PAIR_01629","VP_178","LNP_0468","lnp_id",4
"PAIR_01630","VP_073","LNP_0338","lnp_id",2
"PAIR_01631","VP_062","LNP_0490","lnp_id",5
"PAIR_01632","VP_122","LNP_0448","lnp_id",3
"PAIR_01633","VP_187","LNP_0184","lnp_id",5
"PAIR_01634","VP_186","LNP_0032","lnp_id",2
"PAIR_01635","VP_086","LNP_0397","lnp_id",2
"PAIR_01636","VP_175","LNP_0159","lnp_id",5
"PAIR_01637","VP_032","LNP_0319","lnp_id",3
"PAIR_01638","VP_102","LNP_0403","lnp_id",5
"PAIR_01639","VP_104","LNP_0342","lnp_id",4
"PAIR_01640","VP_124","LNP_0500","lnp_id",2
"PAIR_01641","VP_194","LNP_0344","lnp_id",5
"PAIR_01642","VP_129","LNP_0258","lnp_id",5
"PAIR_01643","VP_146","LNP_0021","lnp_id",2
"PAIR_01644","VP_071","LNP_0224","lnp_id",1
"PAIR_01645","VP_091","LNP_0482","lnp_id",3
"PAIR_01646","VP_071","LNP_0169","lnp_id",1
"PAIR_01647","VP_036","LNP_0428","lnp_id",1
"PAIR_01648","VP_069","LNP_0358","lnp_id",4
"PAIR_01649","VP_075","LNP_0088","lnp_id",1
"PAIR_01650","VP_127","LNP_0098","lnp_id",4
"PAIR_01651","VP_027","LNP_0253","lnp_id",2
"PAIR_01652","VP_042","LNP_0078","lnp_id",1
"PAIR_01653","VP_075","LNP_0378","lnp_id",5
"PAIR_01654","VP_156","LNP_0439","lnp_id",1
"PAIR_01655","VP_033","LNP_0219","lnp_id",3
"PAIR_01656","VP_123","LNP_0164","lnp_id",4
"PAIR_01657","VP_106","LNP_0292","lnp_id",3
"PAIR_01658","VP_032","LNP_0264","lnp_id",1
"PAIR_01659","VP_087","LNP_0139","lnp_id",4
"PAIR_01660","VP_085","LNP_0340","lnp_id",5
"PAIR_01661","VP_044","LNP_0269","lnp_id",5
"PAIR_01662","VP_190","LNP_0246","lnp_id",2
"PAIR_01663","VP_165","LNP_0016","lnp_id",5
"PAIR_01664","VP_096","LNP_0480","lnp_id",2
"PAIR_01665","VP_040","LNP_0052","lnp_id",3
"PAIR_01666","VP_079","LNP_0318","lnp_id",3
"PAIR_01667","VP_199","LNP_0448","lnp_id",3
"PAIR_01668","VP_014","LNP_0002","lnp_id",4
"PAIR_01669","VP_106","LNP_0475","lnp_id",1
"PAIR_01670","VP_184","LNP_0070","lnp_id",4
"PAIR_01671","VP_048","LNP_0190","lnp_id",4
"PAIR_01672","VP_089","LNP_0310","lnp_id",1
"PAIR_01673","VP_003","LNP_0112","lnp_id",3
"PAIR_01674","VP_118","LNP_0105","lnp_id",5
"PAIR_01675","VP_023","LNP_0048","lnp_id",1
"PAIR_01676","VP_075","LNP_0311","lnp_id",1
"PAIR_01677","VP_061","LNP_0123","lnp_id",2
"PAIR_01678","VP_123","LNP_0238","lnp_id",4
"PAIR_01679","VP_095","LNP_0147","lnp_id",1
"PAIR_01680","VP_062","LNP_0497","lnp_id",5
"PAIR_01681","VP_195","LNP_0402","lnp_id",1
"PAIR_01682","VP_136","LNP_0338","lnp_id",2
"PAIR_01683","VP_188","LNP_0098","lnp_id",4
"PAIR_01684","VP_091","LNP_0419","lnp_id",4
"PAIR_01685","VP_049","LNP_0267","lnp_id",5
"PAIR_01686","VP_089","LNP_0250","lnp_id",5
"PAIR_01687","VP_028","LNP_0390","lnp_id",3
"PAIR_01688","VP_156","LNP_0139","lnp_id",4
"PAIR_01689","VP_118","LNP_0445","lnp_id",1
"PAIR_01690","VP_044","LNP_0129","lnp_id",3
"PAIR_01691","VP_179","LNP_0002","lnp_id",4
"PAIR_01692","VP_051","LNP_0262","lnp_id",4
"PAIR_01693","VP_031","LNP_0032","lnp_id",2
"PAIR_01694","VP_077","LNP_0010","lnp_id",4
"PAIR_01695","VP_169","LNP_0434","lnp_id",3
"PAIR_01696","VP_075","LNP_0242","lnp_id",1
"PAIR_01697","VP_185","LNP_0102","lnp_id",3
"PAIR_01698","VP_046","LNP_0098","lnp_id",4
"PAIR_01699","VP_051","LNP_0086","lnp_id",3
"PAIR_01700","VP_060","LNP_0401","lnp_id",5
"PAIR_01701","VP_062","LNP_0387","lnp_id",2
"PAIR_01702","VP_117","LNP_0236","lnp_id",5
"PAIR_01703","VP_055","LNP_0235","lnp_id",2
"PAIR_01704","VP_114","LNP_0141","lnp_id",5
"PAIR_01705","VP_022","LNP_0360","lnp_id",5
"PAIR_01706","VP_152","LNP_0287","lnp_id",5
"PAIR_01707","VP_012","LNP_0130","lnp_id",4
"PAIR_01708","VP_115","LNP_0090","lnp_id",5
"PAIR_01709","VP_044","LNP_0051","lnp_id",1
"PAIR_01710","VP_148","LNP_0231","lnp_id",2
"PAIR_01711","VP_100","LNP_0035","lnp_id",5
"PAIR_01712","VP_061","LNP_0016","lnp_id",5
"PAIR_01713","VP_123","LNP_0217","lnp_id",4
"PAIR_01714","VP_177","LNP_0480","lnp_id",2
"PAIR_01715","VP_172","LNP_0181","lnp_id",3
"PAIR_01716","VP_066","LNP_0200","lnp_id",5
"PAIR_01717","VP_165","LNP_0361","lnp_id",4
"PAIR_01718","VP_019","LNP_0120","lnp_id",4
"PAIR_01719","VP_077","LNP_0019","lnp_id",4
"PAIR_01720","VP_103","LNP_0386","lnp_id",1
"PAIR_01721","VP_094","LNP_0168","lnp_id",3
"PAIR_01722","VP_056","LNP_0298","lnp_id",3
"PAIR_01723","VP_133","LNP_0379","lnp_id",4
"PAIR_01724","VP_199","LNP_0305","lnp_id",3
"PAIR_01725","VP_144","LNP_0361","lnp_id",4
"PAIR_01726","VP_108","LNP_0252","lnp_id",3
"PAIR_01727","VP_102","LNP_0499","lnp_id",3
"PAIR_01728","VP_056","LNP_0422","lnp_id",3
"PAIR_01729","VP_026","LNP_0238","lnp_id",4
"PAIR_01730","VP_173","LNP_0226","lnp_id",2
"PAIR_01731","VP_038","LNP_0156","lnp_id",3
"PAIR_01732","VP_010","LNP_0089","lnp_id",2
"PAIR_01733","VP_168","LNP_0440","lnp_id",3
"PAIR_01734","VP_010","LNP_0038","lnp_id",4
"PAIR_01735","VP_038","LNP_0420","lnp_id",4
"PAIR_01736","VP_051","LNP_0327","lnp_id",5
"PAIR_01737","VP_157","LNP_0380","lnp_id",5
"PAIR_01738","VP_054","LNP_0439","lnp_id",1
"PAIR_01739","VP_085","LNP_0207","lnp_id",1
"PAIR_01740","VP_066","LNP_0421","lnp_id",4
"PAIR_01741","VP_192","LNP_0456","lnp_id",2
"PAIR_01742","VP_147","LNP_0025","lnp_id",3
"PAIR_01743","VP_147","LNP_0161","lnp_id",1
"PAIR_01744","VP_116","LNP_0345","lnp_id",3
"PAIR_01745","VP_077","LNP_0460","lnp_id",3
"PAIR_01746","VP_033","LNP_0361","lnp_id",4
"PAIR_01747","VP_038","LNP_0148","lnp_id",2
"PAIR_01748","VP_064","LNP_0089","lnp_id",2
"PAIR_01749","VP_165","LNP_0187","lnp_id",2
"PAIR_01750","VP_199","LNP_0091","lnp_id",3
"PAIR_01751","VP_026","LNP_0211","lnp_id",5
"PAIR_01752","VP_175","LNP_0348","lnp_id",4
"PAIR_01753","VP_037","LNP_0443","lnp_id",5
"PAIR_01754","VP_032","LNP_0465","lnp_id",2
"PAIR_01755","VP_123","LNP_0042","lnp_id",4
"PAIR_01756","VP_045","LNP_0089","lnp_id",2
"PAIR_01757","VP_040","LNP_0452","lnp_id",2
"PAIR_01758","VP_097","LNP_0074","lnp_id",2
"PAIR_01759","VP_036","LNP_0199","lnp_id",1
"PAIR_01760","VP_184","LNP_0005","lnp_id",5
"PAIR_01761","VP_050","LNP_0458","lnp_id",4
"PAIR_01762","VP_068","LNP_0293","lnp_id",4
"PAIR_01763","VP_040","LNP_0364","lnp_id",3
"PAIR_01764","VP_028","LNP_0179","lnp_id",4
"PAIR_01765","VP_184","LNP_0481","lnp_id",1
"PAIR_01766","VP_085","LNP_0298","lnp_id",3
"PAIR_01767","VP_054","LNP_0168","lnp_id",3
"PAIR_01768","VP_055","LNP_0047","lnp_id",5
"PAIR_01769","VP_121","LNP_0353","lnp_id",3
"PAIR_01770","VP_164","LNP_0297","lnp_id",4
"PAIR_01771","VP_046","LNP_0102","lnp_id",3
"PAIR_01772","VP_156","LNP_0399","lnp_id",3
"PAIR_01773","VP_095","LNP_0137","lnp_id",3
"PAIR_01774","VP_012","LNP_0018","lnp_id",1
"PAIR_01775","VP_011","LNP_0360","lnp_id",5
"PAIR_01776","VP_030","LNP_0488","lnp_id",4
"PAIR_01777","VP_139","LNP_0053","lnp_id",5
"PAIR_01778","VP_017","LNP_0252","lnp_id",3
"PAIR_01779","VP_151","LNP_0399","lnp_id",3
"PAIR_01780","VP_074","LNP_0374","lnp_id",2
"PAIR_01781","VP_054","LNP_0314","lnp_id",3
"PAIR_01782","VP_132","LNP_0358","lnp_id",4
"PAIR_01783","VP_070","LNP_0305","lnp_id",3
"PAIR_01784","VP_102","LNP_0383","lnp_id",1
"PAIR_01785","VP_169","LNP_0325","lnp_id",4
"PAIR_01786","VP_092","LNP_0263","lnp_id",2
"PAIR_01787","VP_124","LNP_0327","lnp_id",5
"PAIR_01788","VP_120","LNP_0219","lnp_id",3
"PAIR_01789","VP_048","LNP_0097","lnp_id",5
"PAIR_01790","VP_073","LNP_0117","lnp_id",3
"PAIR_01791","VP_007","LNP_0185","lnp_id",3
"PAIR_01792","VP_179","LNP_0441","lnp_id",1
"PAIR_01793","VP_152","LNP_0443","lnp_id",5
"PAIR_01794","VP_082","LNP_0333","lnp_id",2
"PAIR_01795","VP_088","LNP_0293","lnp_id",4
"PAIR_01796","VP_072","LNP_0043","lnp_id",3
"PAIR_01797","VP_192","LNP_0069","lnp_id",2
"PAIR_01798","VP_060","LNP_0408","lnp_id",4
"PAIR_01799","VP_016","LNP_0175","lnp_id",1
"PAIR_01800","VP_124","LNP_0152","lnp_id",4
"PAIR_01801","VP_047","LNP_0431","lnp_id",2
"PAIR_01802","VP_157","LNP_0445","lnp_id",1
"PAIR_01803","VP_061","LNP_0289","lnp_id",1
"PAIR_01804","VP_062","LNP_0341","lnp_id",5
"PAIR_01805","VP_153","LNP_0486","lnp_id",3
"PAIR_01806","VP_069","LNP_0186","lnp_id",2
"PAIR_01807","VP_023","LNP_0030","lnp_id",5
"PAIR_01808","VP_067","LNP_0051","lnp_id",1
"PAIR_01809","VP_070","LNP_0376","lnp_id",3
"PAIR_01810","VP_147","LNP_0346","lnp_id",3
"PAIR_01811","VP_011","LNP_0117","lnp_id",3
"PAIR_01812","VP_140","LNP_0401","lnp_id",5
"PAIR_01813","VP_190","LNP_0310","lnp_id",1
"PAIR_01814","VP_072","LNP_0009","lnp_id",5
"PAIR_01815","VP_071","LNP_0176","lnp_id",2
"PAIR_01816","VP_079","LNP_0394","lnp_id",2
"PAIR_01817","VP_099","LNP_0446","lnp_id",1
"PAIR_01818","VP_007","LNP_0497","lnp_id",5
"PAIR_01819","VP_013","LNP_0024","lnp_id",4
"PAIR_01820","VP_084","LNP_0011","lnp_id",5
"PAIR_01821","VP_140","LNP_0174","lnp_id",1
"PAIR_01822","VP_103","LNP_0127","lnp_id",1
"PAIR_01823","VP_073","LNP_0217","lnp_id",4
"PAIR_01824","VP_164","LNP_0454","lnp_id",5
"PAIR_01825","VP_034","LNP_0370","lnp_id",2
"PAIR_01826","VP_189","LNP_0108","lnp_id",2
"PAIR_01827","VP_184","LNP_0200","lnp_id",5
"PAIR_01828","VP_113","LNP_0037","lnp_id",5
"PAIR_01829","VP_076","LNP_0457","lnp_id",1
"PAIR_01830","VP_142","LNP_0295","lnp_id",4
"PAIR_01831","VP_074","LNP_0468","lnp_id",4
"PAIR_01832","VP_016","LNP_0039","lnp_id",1
"PAIR_01833","VP_098","LNP_0037","lnp_id",5
"PAIR_01834","VP_074","LNP_0342","lnp_id",4
"PAIR_01835","VP_194","LNP_0454","lnp_id",5
"PAIR_01836","VP_149","LNP_0421","lnp_id",4
"PAIR_01837","VP_136","LNP_0488","lnp_id",4
"PAIR_01838","VP_033","LNP_0441","lnp_id",1
"PAIR_01839","VP_097","LNP_0332","lnp_id",5
"PAIR_01840","VP_088","LNP_0404","lnp_id",3
"PAIR_01841","VP_146","LNP_0389","lnp_id",3
"PAIR_01842","VP_120","LNP_0405","lnp_id",4
"PAIR_01843","VP_016","LNP_0046","lnp_id",3
"PAIR_01844","VP_004","LNP_0480","lnp_id",2
"PAIR_01845","VP_167","LNP_0364","lnp_id",3
"PAIR_01846","VP_098","LNP_0306","lnp_id",2
"PAIR_01847","VP_190","LNP_0436","lnp_id",2
"PAIR_01848","VP_092","LNP_0162","lnp_id",2
"PAIR_01849","VP_164","LNP_0332","lnp_id",5
"PAIR_01850","VP_151","LNP_0275","lnp_id",2
"PAIR_01851","VP_200","LNP_0121","lnp_id",1
"PAIR_01852","VP_147","LNP_0211","lnp_id",5
"PAIR_01853","VP_071","LNP_0411","lnp_id",1
"PAIR_01854","VP_194","LNP_0087","lnp_id",2
"PAIR_01855","VP_146","LNP_0047","lnp_id",5
"PAIR_01856","VP_057","LNP_0275","lnp_id",2
"PAIR_01857","VP_176","LNP_0405","lnp_id",4
"PAIR_01858","VP_122","LNP_0157","lnp_id",3
"PAIR_01859","VP_023","LNP_0409","lnp_id",5
"PAIR_01860","VP_113","LNP_0325","lnp_id",4
"PAIR_01861","VP_139","LNP_0371","lnp_id",4
"PAIR_01862","VP_130","LNP_0160","lnp_id",4
"PAIR_01863","VP_046","LNP_0186","lnp_id",2
"PAIR_01864","VP_089","LNP_0302","lnp_id",4
"PAIR_01865","VP_089","LNP_0493","lnp_id",5
"PAIR_01866","VP_017","LNP_0272","lnp_id",1
"PAIR_01867","VP_022","LNP_0230","lnp_id",5
"PAIR_01868","VP_086","LNP_0377","lnp_id",4
"PAIR_01869","VP_025","LNP_0063","lnp_id",1
"PAIR_01870","VP_183","LNP_0217","lnp_id",4
"PAIR_01871","VP_060","LNP_0445","lnp_id",1
"PAIR_01872","VP_163","LNP_0216","lnp_id",1
"PAIR_01873","VP_122","LNP_0303","lnp_id",4
"PAIR_01874","VP_102","LNP_0013","lnp_id",2
"PAIR_01875","VP_170","LNP_0243","lnp_id",3
"PAIR_01876","VP_015","LNP_0035","lnp_id",5
"PAIR_01877","VP_143","LNP_0166","lnp_id",1
"PAIR_01878","VP_036","LNP_0351","lnp_id",2
"PAIR_01879","VP_025","LNP_0015","lnp_id",5
"PAIR_01880","VP_169","LNP_0200","lnp_id",5
"PAIR_01881","VP_005","LNP_0086","lnp_id",3
"PAIR_01882","VP_081","LNP_0071","lnp_id",5
"PAIR_01883","VP_130","LNP_0280","lnp_id",1
"PAIR_01884","VP_051","LNP_0388","lnp_id",5
"PAIR_01885","VP_101","LNP_0156","lnp_id",3
"PAIR_01886","VP_088","LNP_0427","lnp_id",5
"PAIR_01887","VP_075","LNP_0260","lnp_id",1
"PAIR_01888","VP_161","LNP_0063","lnp_id",1
"PAIR_01889","VP_135","LNP_0017","lnp_id",4
"PAIR_01890","VP_015","LNP_0130","lnp_id",4
"PAIR_01891","VP_087","LNP_0406","lnp_id",3
"PAIR_01892","VP_011","LNP_0428","lnp_id",1
"PAIR_01893","VP_048","LNP_0262","lnp_id",4
"PAIR_01894","VP_025","LNP_0066","lnp_id",2
"PAIR_01895","VP_138","LNP_0242","lnp_id",1
"PAIR_01896","VP_028","LNP_0245","lnp_id",5
"PAIR_01897","VP_134","LNP_0282","lnp_id",1
"PAIR_01898","VP_012","LNP_0408","lnp_id",4
"PAIR_01899","VP_147","LNP_0392","lnp_id",5
"PAIR_01900","VP_163","LNP_0043","lnp_id",3
"PAIR_01901","VP_008","LNP_0031","lnp_id",4
"PAIR_01902","VP_055","LNP_0068","lnp_id",2
"PAIR_01903","VP_092","LNP_0426","lnp_id",4
"PAIR_01904","VP_109","LNP_0058","lnp_id",3
"PAIR_01905","VP_048","LNP_0151","lnp_id",1
"PAIR_01906","VP_130","LNP_0345","lnp_id",3
"PAIR_01907","VP_077","LNP_0375","lnp_id",4
"PAIR_01908","VP_181","LNP_0011","lnp_id",5
"PAIR_01909","VP_102","LNP_0162","lnp_id",2
"PAIR_01910","VP_083","LNP_0188","lnp_id",5
"PAIR_01911","VP_031","LNP_0030","lnp_id",5
"PAIR_01912","VP_108","LNP_0028","lnp_id",5
"PAIR_01913","VP_157","LNP_0159","lnp_id",5
"PAIR_01914","VP_033","LNP_0398","lnp_id",5
"PAIR_01915","VP_155","LNP_0404","lnp_id",3
"PAIR_01916","VP_153","LNP_0153","lnp_id",2
"PAIR_01917","VP_072","LNP_0162","lnp_id",2
"PAIR_01918","VP_092","LNP_0375","lnp_id",4
"PAIR_01919","VP_056","LNP_0492","lnp_id",5
"PAIR_01920","VP_040","LNP_0208","lnp_id",5
"PAIR_01921","VP_063","LNP_0369","lnp_id",2
"PAIR_01922","VP_108","LNP_0046","lnp_id",3
"PAIR_01923","VP_072","LNP_0052","lnp_id",3
"PAIR_01924","VP_010","LNP_0338","lnp_id",2
"PAIR_01925","VP_015","LNP_0488","lnp_id",4
"PAIR_01926","VP_042","LNP_0372","lnp_id",4
"PAIR_01927","VP_152","LNP_0324","lnp_id",3
"PAIR_01928","VP_104","LNP_0201","lnp_id",3
"PAIR_01929","VP_092","LNP_0315","lnp_id",3
"PAIR_01930","VP_040","LNP_0068","lnp_id",2
"PAIR_01931","VP_130","LNP_0255","lnp_id",4
"PAIR_01932","VP_110","LNP_0369","lnp_id",2
"PAIR_01933","VP_146","LNP_0125","lnp_id",5
"PAIR_01934","VP_075","LNP_0435","lnp_id",1
"PAIR_01935","VP_130","LNP_0089","lnp_id",2
"PAIR_01936","VP_128","LNP_0231","lnp_id",2
"PAIR_01937","VP_188","LNP_0391","lnp_id",2
"PAIR_01938","VP_147","LNP_0489","lnp_id",2
"PAIR_01939","VP_194","LNP_0410","lnp_id",2
"PAIR_01940","VP_121","LNP_0141","lnp_id",5
"PAIR_01941","VP_041","LNP_0133","lnp_id",5
"PAIR_01942","VP_005","LNP_0336","lnp_id",4
"PAIR_01943","VP_122","LNP_0173","lnp_id",3
"PAIR_01944","VP_006","LNP_0450","lnp_id",1
"PAIR_01945","VP_114","LNP_0340","lnp_id",5
"PAIR_01946","VP_027","LNP_0239","lnp_id",4
"PAIR_01947","VP_140","LNP_0273","lnp_id",3
"PAIR_01948","VP_098","LNP_0373","lnp_id",4
"PAIR_01949","VP_142","LNP_0348","lnp_id",4
"PAIR_01950","VP_130","LNP_0384","lnp_id",3
"PAIR_01951","VP_080","LNP_0448","lnp_id",3
"PAIR_01952","VP_143","LNP_0209","lnp_id",4
"PAIR_01953","VP_061","LNP_0218","lnp_id",3
"PAIR_01954","VP_123","LNP_0454","lnp_id",5
"PAIR_01955","VP_117","LNP_0387","lnp_id",2
"PAIR_01956","VP_152","LNP_0289","lnp_id",1
"PAIR_01957","VP_131","LNP_0424","lnp_id",1
"PAIR_01958","VP_034","LNP_0420","lnp_id",4
"PAIR_01959","VP_043","LNP_0387","lnp_id",2
"PAIR_01960","VP_168","LNP_0125","lnp_id",5
"PAIR_01961","VP_059","LNP_0337","lnp_id",3
"PAIR_01962","VP_030","LNP_0401","lnp_id",5
"PAIR_01963","VP_144","LNP_0165","lnp_id",3
"PAIR_01964","VP_137","LNP_0216","lnp_id",1
"PAIR_01965","VP_057","LNP_0193","lnp_id",1
"PAIR_01966","VP_064","LNP_0026","lnp_id",1
"PAIR_01967","VP_175","LNP_0353","lnp_id",3
"PAIR_01968","VP_183","LNP_0174","lnp_id",1
"PAIR_01969","VP_091","LNP_0316","lnp_id",5
"PAIR_01970","VP_111","LNP_0381","lnp_id",4
"PAIR_01971","VP_044","LNP_0023","lnp_id",1
"PAIR_01972","VP_117","LNP_0032","lnp_id",2
"PAIR_01973","VP_058","LNP_0496","lnp_id",5
"PAIR_01974","VP_176","LNP_0164","lnp_id",4
"PAIR_01975","VP_197","LNP_0327","lnp_id",5
"PAIR_01976","VP_040","LNP_0225","lnp_id",1
"PAIR_01977","VP_062","LNP_0458","lnp_id",4
"PAIR_01978","VP_134","LNP_0338","lnp_id",2
"PAIR_01979","VP_104","LNP_0496","lnp_id",5
"PAIR_01980","VP_022","LNP_0451","lnp_id",4
"PAIR_01981","VP_090","LNP_0255","lnp_id",4
"PAIR_01982","VP_166","LNP_0225","lnp_id",1
"PAIR_01983","VP_036","LNP_0061","lnp_id",1
"PAIR_01984","VP_015","LNP_0003","lnp_id",4
"PAIR_01985","VP_177","LNP_0250","lnp_id",5
"PAIR_01986","VP_155","LNP_0477","lnp_id",5
"PAIR_01987","VP_072","LNP_0351","lnp_id",2
"PAIR_01988","VP_057","LNP_0186","lnp_id",2
"PAIR_01989","VP_086","LNP_0115","lnp_id",4
"PAIR_01990","VP_107","LNP_0070","lnp_id",4
"PAIR_01991","VP_142","LNP_0146","lnp_id",1
"PAIR_01992","VP_072","LNP_0293","lnp_id",4
"PAIR_01993","VP_003","LNP_0267","lnp_id",5
"PAIR_01994","VP_064","LNP_0265","lnp_id",3
"PAIR_01995","VP_170","LNP_0194","lnp_id",4
"PAIR_01996","VP_019","LNP_0234","lnp_id",3
"PAIR_01997","VP_159","LNP_0123","lnp_id",2
"PAIR_01998","VP_172","LNP_0467","lnp_id",3
"PAIR_01999","VP_121","LNP_0392","lnp_id",5
"PAIR_02000","VP_109","LNP_0056","lnp_id",1
"PAIR_02001","VP_198","LNP_0040","lnp_id",3
"PAIR_02002","VP_154","LNP_0420","lnp_id",4
"PAIR_02003","VP_157","LNP_0250","lnp_id",5
"PAIR_02004","VP_039","LNP_0317","lnp_id",4
"PAIR_02005","VP_149","LNP_0046","lnp_id",3
"PAIR_02006","VP_185","LNP_0372","lnp_id",4
"PAIR_02007","VP_117","LNP_0410","lnp_id",2
"PAIR_02008","VP_004","LNP_0378","lnp_id",5
"PAIR_02009","VP_010","LNP_0181","lnp_id",3
"PAIR_02010","VP_183","LNP_0065","lnp_id",5
"PAIR_02011","VP_035","LNP_0447","lnp_id",2
"PAIR_02012","VP_115","LNP_0487","lnp_id",5
"PAIR_02013","VP_115","LNP_0283","lnp_id",1
"PAIR_02014","VP_167","LNP_0353","lnp_id",3
"PAIR_02015","VP_030","LNP_0201","lnp_id",3
"PAIR_02016","VP_021","LNP_0026","lnp_id",1
"PAIR_02017","VP_038","LNP_0109","lnp_id",3
"PAIR_02018","VP_125","LNP_0148","lnp_id",2
"PAIR_02019","VP_130","LNP_0459","lnp_id",4
"PAIR_02020","VP_046","LNP_0180","lnp_id",4
"PAIR_02021","VP_036","LNP_0438","lnp_id",5
"PAIR_02022","VP_182","LNP_0200","lnp_id",5
"PAIR_02023","VP_010","LNP_0218","lnp_id",3
"PAIR_02024","VP_037","LNP_0257","lnp_id",3
"PAIR_02025","VP_172","LNP_0057","lnp_id",5
"PAIR_02026","VP_196","LNP_0490","lnp_id",5
"PAIR_02027","VP_099","LNP_0499","lnp_id",3
"PAIR_02028","VP_135","LNP_0007","lnp_id",3
"PAIR_02029","VP_011","LNP_0127","lnp_id",1
"PAIR_02030","VP_118","LNP_0021","lnp_id",2
"PAIR_02031","VP_130","LNP_0397","lnp_id",2
"PAIR_02032","VP_105","LNP_0187","lnp_id",2
"PAIR_02033","VP_013","LNP_0378","lnp_id",5
"PAIR_02034","VP_160","LNP_0304","lnp_id",2
"PAIR_02035","VP_139","LNP_0083","lnp_id",1
"PAIR_02036","VP_087","LNP_0313","lnp_id",5
"PAIR_02037","VP_040","LNP_0109","lnp_id",3
"PAIR_02038","VP_168","LNP_0337","lnp_id",3
"PAIR_02039","VP_123","LNP_0367","lnp_id",3
"PAIR_02040","VP_006","LNP_0410","lnp_id",2
"PAIR_02041","VP_005","LNP_0209","lnp_id",4
"PAIR_02042","VP_157","LNP_0277","lnp_id",2
"PAIR_02043","VP_101","LNP_0355","lnp_id",1
"PAIR_02044","VP_176","LNP_0021","lnp_id",2
"PAIR_02045","VP_188","LNP_0060","lnp_id",3
"PAIR_02046","VP_193","LNP_0471","lnp_id",2
"PAIR_02047","VP_010","LNP_0088","lnp_id",1
"PAIR_02048","VP_130","LNP_0204","lnp_id",3
"PAIR_02049","VP_099","LNP_0263","lnp_id",2
"PAIR_02050","VP_109","LNP_0392","lnp_id",5
"PAIR_02051","VP_191","LNP_0052","lnp_id",3
"PAIR_02052","VP_118","LNP_0470","lnp_id",4
"PAIR_02053","VP_143","LNP_0352","lnp_id",4
"PAIR_02054","VP_198","LNP_0063","lnp_id",1
"PAIR_02055","VP_061","LNP_0291","lnp_id",5
"PAIR_02056","VP_015","LNP_0052","lnp_id",3
"PAIR_02057","VP_177","LNP_0489","lnp_id",2
"PAIR_02058","VP_163","LNP_0009","lnp_id",5
"PAIR_02059","VP_185","LNP_0212","lnp_id",4
"PAIR_02060","VP_050","LNP_0127","lnp_id",1
"PAIR_02061","VP_074","LNP_0214","lnp_id",3
"PAIR_02062","VP_136","LNP_0298","lnp_id",3
"PAIR_02063","VP_136","LNP_0258","lnp_id",5
"PAIR_02064","VP_105","LNP_0022","lnp_id",2
"PAIR_02065","VP_132","LNP_0443","lnp_id",5
"PAIR_02066","VP_116","LNP_0272","lnp_id",1
"PAIR_02067","VP_015","LNP_0319","lnp_id",3
"PAIR_02068","VP_081","LNP_0025","lnp_id",3
"PAIR_02069","VP_162","LNP_0155","lnp_id",5
"PAIR_02070","VP_155","LNP_0293","lnp_id",4
"PAIR_02071","VP_199","LNP_0358","lnp_id",4
"PAIR_02072","VP_013","LNP_0217","lnp_id",4
"PAIR_02073","VP_136","LNP_0262","lnp_id",4
"PAIR_02074","VP_025","LNP_0493","lnp_id",5
"PAIR_02075","VP_192","LNP_0045","lnp_id",2
"PAIR_02076","VP_181","LNP_0379","lnp_id",4
"PAIR_02077","VP_128","LNP_0231","lnp_id",2
"PAIR_02078","VP_181","LNP_0468","lnp_id",4
"PAIR_02079","VP_118","LNP_0293","lnp_id",4
"PAIR_02080","VP_026","LNP_0188","lnp_id",5
"PAIR_02081","VP_140","LNP_0400","lnp_id",3
"PAIR_02082","VP_045","LNP_0100","lnp_id",2
"PAIR_02083","VP_144","LNP_0385","lnp_id",5
"PAIR_02084","VP_138","LNP_0236","lnp_id",5
"PAIR_02085","VP_005","LNP_0428","lnp_id",1
"PAIR_02086","VP_175","LNP_0414","lnp_id",4
"PAIR_02087","VP_006","LNP_0475","lnp_id",1
"PAIR_02088","VP_149","LNP_0464","lnp_id",5
"PAIR_02089","VP_081","LNP_0392","lnp_id",5
"PAIR_02090","VP_026","LNP_0229","lnp_id",1
"PAIR_02091","VP_101","LNP_0201","lnp_id",3
"PAIR_02092","VP_107","LNP_0271","lnp_id",4
"PAIR_02093","VP_095","LNP_0374","lnp_id",2
"PAIR_02094","VP_076","LNP_0313","lnp_id",5
"PAIR_02095","VP_043","LNP_0460","lnp_id",3
"PAIR_02096","VP_024","LNP_0377","lnp_id",4
"PAIR_02097","VP_200","LNP_0091","lnp_id",3
"PAIR_02098","VP_065","LNP_0394","lnp_id",2
"PAIR_02099","VP_163","LNP_0276","lnp_id",5
"PAIR_02100","VP_062","LNP_0477","lnp_id",5
"PAIR_02101","VP_074","LNP_0070","lnp_id",4
"PAIR_02102","VP_156","LNP_0325","lnp_id",4
"PAIR_02103","VP_052","LNP_0493","lnp_id",5
"PAIR_02104","VP_151","LNP_0213","lnp_id",2
"PAIR_02105","VP_015","LNP_0260","lnp_id",1
"PAIR_02106","VP_167","LNP_0309","lnp_id",2
"PAIR_02107","VP_055","LNP_0228","lnp_id",1
"PAIR_02108","VP_086","LNP_0476","lnp_id",1
"PAIR_02109","VP_121","LNP_0282","lnp_id",1
"PAIR_02110","VP_144","LNP_0188","lnp_id",5
"PAIR_02111","VP_095","LNP_0128","lnp_id",1
"PAIR_02112","VP_020","LNP_0212","lnp_id",4
"PAIR_02113","VP_073","LNP_0067","lnp_id",2
"PAIR_02114","VP_156","LNP_0273","lnp_id",3
"PAIR_02115","VP_003","LNP_0365","lnp_id",2
"PAIR_02116","VP_115","LNP_0183","lnp_id",4
"PAIR_02117","VP_045","LNP_0456","lnp_id",2
"PAIR_02118","VP_061","LNP_0452","lnp_id",2
"PAIR_02119","VP_185","LNP_0321","lnp_id",2
"PAIR_02120","VP_060","LNP_0425","lnp_id",5
"PAIR_02121","VP_196","LNP_0442","lnp_id",5
"PAIR_02122","VP_005","LNP_0296","lnp_id",4
"PAIR_02123","VP_012","LNP_0084","lnp_id",1
"PAIR_02124","VP_133","LNP_0426","lnp_id",4
"PAIR_02125","VP_088","LNP_0015","lnp_id",5
"PAIR_02126","VP_062","LNP_0277","lnp_id",2
"PAIR_02127","VP_068","LNP_0023","lnp_id",1
"PAIR_02128","VP_124","LNP_0264","lnp_id",1
"PAIR_02129","VP_098","LNP_0407","lnp_id",4
"PAIR_02130","VP_096","LNP_0213","lnp_id",2
"PAIR_02131","VP_193","LNP_0318","lnp_id",3
"PAIR_02132","VP_083","LNP_0382","lnp_id",3
"PAIR_02133","VP_139","LNP_0034","lnp_id",5
"PAIR_02134","VP_039","LNP_0233","lnp_id",2
"PAIR_02135","VP_029","LNP_0244","lnp_id",4
"PAIR_02136","VP_005","LNP_0231","lnp_id",2
"PAIR_02137","VP_194","LNP_0453","lnp_id",4
"PAIR_02138","VP_169","LNP_0203","lnp_id",4
"PAIR_02139","VP_026","LNP_0030","lnp_id",5
"PAIR_02140","VP_028","LNP_0275","lnp_id",2
"PAIR_02141","VP_047","LNP_0055","lnp_id",1
"PAIR_02142","VP_070","LNP_0274","lnp_id",4
"PAIR_02143","VP_070","LNP_0223","lnp_id",4
"PAIR_02144","VP_119","LNP_0266","lnp_id",2
"PAIR_02145","VP_004","LNP_0473","lnp_id",1
"PAIR_02146","VP_192","LNP_0463","lnp_id",5
"PAIR_02147","VP_022","LNP_0068","lnp_id",2
"PAIR_02148","VP_079","LNP_0326","lnp_id",2
"PAIR_02149","VP_006","LNP_0173","lnp_id",3
"PAIR_02150","VP_123","LNP_0226","lnp_id",2
"PAIR_02151","VP_057","LNP_0108","lnp_id",2
"PAIR_02152","VP_067","LNP_0040","lnp_id",3
"PAIR_02153","VP_125","LNP_0355","lnp_id",1
"PAIR_02154","VP_074","LNP_0291","lnp_id",5
"PAIR_02155","VP_101","LNP_0420","lnp_id",4
"PAIR_02156","VP_102","LNP_0060","lnp_id",3
"PAIR_02157","VP_092","LNP_0458","lnp_id",4
"PAIR_02158","VP_065","LNP_0233","lnp_id",2
"PAIR_02159","VP_163","LNP_0381","lnp_id",4
"PAIR_02160","VP_040","LNP_0323","lnp_id",5
"PAIR_02161","VP_002","LNP_0438","lnp_id",5
"PAIR_02162","VP_174","LNP_0307","lnp_id",1
"PAIR_02163","VP_019","LNP_0064","lnp_id",5
"PAIR_02164","VP_090","LNP_0274","lnp_id",4
"PAIR_02165","VP_033","LNP_0320","lnp_id",2
"PAIR_02166","VP_087","LNP_0093","lnp_id",3
"PAIR_02167","VP_131","LNP_0350","lnp_id",5
"PAIR_02168","VP_165","LNP_0248","lnp_id",2
"PAIR_02169","VP_192","LNP_0397","lnp_id",2
"PAIR_02170","VP_061","LNP_0146","lnp_id",1
"PAIR_02171","VP_059","LNP_0381","lnp_id",4
"PAIR_02172","VP_064","LNP_0081","lnp_id",2
"PAIR_02173","VP_013","LNP_0296","lnp_id",4
"PAIR_02174","VP_073","LNP_0157","lnp_id",3
"PAIR_02175","VP_017","LNP_0498","lnp_id",4
"PAIR_02176","VP_113","LNP_0364","lnp_id",3
"PAIR_02177","VP_095","LNP_0388","lnp_id",5
"PAIR_02178","VP_181","LNP_0246","lnp_id",2
"PAIR_02179","VP_008","LNP_0331","lnp_id",1
"PAIR_02180","VP_165","LNP_0149","lnp_id",1
"PAIR_02181","VP_012","LNP_0328","lnp_id",3
"PAIR_02182","VP_084","LNP_0361","lnp_id",4
"PAIR_02183","VP_005","LNP_0223","lnp_id",4
"PAIR_02184","VP_057","LNP_0404","lnp_id",3
"PAIR_02185","VP_050","LNP_0127","lnp_id",1
"PAIR_02186","VP_179","LNP_0023","lnp_id",1
"PAIR_02187","VP_163","LNP_0463","lnp_id",5
"PAIR_02188","VP_133","LNP_0428","lnp_id",1
"PAIR_02189","VP_200","LNP_0079","lnp_id",2
"PAIR_02190","VP_108","LNP_0408","lnp_id",4
"PAIR_02191","VP_037","LNP_0406","lnp_id",3
"PAIR_02192","VP_183","LNP_0014","lnp_id",5
"PAIR_02193","VP_154","LNP_0397","lnp_id",2
"PAIR_02194","VP_060","LNP_0492","lnp_id",5
"PAIR_02195","VP_111","LNP_0090","lnp_id",5
"PAIR_02196","VP_184","LNP_0016","lnp_id",5
"PAIR_02197","VP_031","LNP_0414","lnp_id",4
"PAIR_02198","VP_118","LNP_0482","lnp_id",3
"PAIR_02199","VP_052","LNP_0127","lnp_id",1
"PAIR_02200","VP_137","LNP_0040","lnp_id",3
"PAIR_02201","VP_009","LNP_0315","lnp_id",3
"PAIR_02202","VP_181","LNP_0272","lnp_id",1
"PAIR_02203","VP_017","LNP_0347","lnp_id",4
"PAIR_02204","VP_105","LNP_0085","lnp_id",4
"PAIR_02205","VP_106","LNP_0282","lnp_id",1
"PAIR_02206","VP_152","LNP_0483","lnp_id",3
"PAIR_02207","VP_101","LNP_0242","lnp_id",1
"PAIR_02208","VP_063","LNP_0147","lnp_id",1
"PAIR_02209","VP_189","LNP_0299","lnp_id",3
"PAIR_02210","VP_096","LNP_0425","lnp_id",5
"PAIR_02211","VP_155","LNP_0097","lnp_id",5
"PAIR_02212","VP_028","LNP_0465","lnp_id",2
"PAIR_02213","VP_121","LNP_0155","lnp_id",5
"PAIR_02214","VP_014","LNP_0025","lnp_id",3
"PAIR_02215","VP_141","LNP_0010","lnp_id",4
"PAIR_02216","VP_047","LNP_0483","lnp_id",3
"PAIR_02217","VP_014","LNP_0436","lnp_id",2
"PAIR_02218","VP_093","LNP_0057","lnp_id",5
"PAIR_02219","VP_009","LNP_0422","lnp_id",3
"PAIR_02220","VP_078","LNP_0181","lnp_id",3
"PAIR_02221","VP_048","LNP_0333","lnp_id",2
"PAIR_02222","VP_069","LNP_0039","lnp_id",1
"PAIR_02223","VP_090","LNP_0073","lnp_id",3
"PAIR_02224","VP_078","LNP_0164","lnp_id",4
"PAIR_02225","VP_200","LNP_0030","lnp_id",5
"PAIR_02226","VP_071","LNP_0098","lnp_id",4
"PAIR_02227","VP_059","LNP_0235","lnp_id",2
"PAIR_02228","VP_064","LNP_0306","lnp_id",2
"PAIR_02229","VP_045","LNP_0085","lnp_id",4
"PAIR_02230","VP_057","LNP_0080","lnp_id",4
"PAIR_02231","VP_046","LNP_0334","lnp_id",4
"PAIR_02232","VP_077","LNP_0421","lnp_id",4
"PAIR_02233","VP_126","LNP_0142","lnp_id",4
"PAIR_02234","VP_185","LNP_0167","lnp_id",5
"PAIR_02235","VP_117","LNP_0381","lnp_id",4
"PAIR_02236","VP_173","LNP_0298","lnp_id",3
"PAIR_02237","VP_148","LNP_0341","lnp_id",5
"PAIR_02238","VP_116","LNP_0500","lnp_id",2
"PAIR_02239","VP_171","LNP_0278","lnp_id",4
"PAIR_02240","VP_200","LNP_0320","lnp_id",2
"PAIR_02241","VP_111","LNP_0407","lnp_id",4
"PAIR_02242","VP_136","LNP_0049","lnp_id",3
"PAIR_02243","VP_143","LNP_0184","lnp_id",5
"PAIR_02244","VP_097","LNP_0125","lnp_id",5
"PAIR_02245","VP_021","LNP_0219","lnp_id",3
"PAIR_02246","VP_178","LNP_0196","lnp_id",2
"PAIR_02247","VP_105","LNP_0091","lnp_id",3
"PAIR_02248","VP_081","LNP_0350","lnp_id",5
"PAIR_02249","VP_112","LNP_0488","lnp_id",4
"PAIR_02250","VP_186","LNP_0149","lnp_id",1
"PAIR_02251","VP_061","LNP_0350","lnp_id",5
"PAIR_02252","VP_033","LNP_0495","lnp_id",2
"PAIR_02253","VP_061","LNP_0260","lnp_id",1
"PAIR_02254","VP_151","LNP_0210","lnp_id",2
"PAIR_02255","VP_198","LNP_0191","lnp_id",3
"PAIR_02256","VP_081","LNP_0347","lnp_id",4
"PAIR_02257","VP_028","LNP_0238","lnp_id",4
"PAIR_02258","VP_102","LNP_0329","lnp_id",3
"PAIR_02259","VP_132","LNP_0005","lnp_id",5
"PAIR_02260","VP_010","LNP_0198","lnp_id",2
"PAIR_02261","VP_157","LNP_0243","lnp_id",3
"PAIR_02262","VP_175","LNP_0031","lnp_id",4
"PAIR_02263","VP_002","LNP_0079","lnp_id",2
"PAIR_02264","VP_135","LNP_0235","lnp_id",2
"PAIR_02265","VP_082","LNP_0318","lnp_id",3
"PAIR_02266","VP_041","LNP_0351","lnp_id",2
"PAIR_02267","VP_001","LNP_0480","lnp_id",2
"PAIR_02268","VP_011","LNP_0232","lnp_id",4
"PAIR_02269","VP_200","LNP_0194","lnp_id",4
"PAIR_02270","VP_114","LNP_0171","lnp_id",3
"PAIR_02271","VP_014","LNP_0341","lnp_id",5
"PAIR_02272","VP_008","LNP_0180","lnp_id",4
"PAIR_02273","VP_008","LNP_0361","lnp_id",4
"PAIR_02274","VP_199","LNP_0405","lnp_id",4
"PAIR_02275","VP_191","LNP_0210","lnp_id",2
"PAIR_02276","VP_063","LNP_0380","lnp_id",5
"PAIR_02277","VP_178","LNP_0002","lnp_id",4
"PAIR_02278","VP_136","LNP_0258","lnp_id",5
"PAIR_02279","VP_073","LNP_0110","lnp_id",2
"PAIR_02280","VP_166","LNP_0416","lnp_id",1
"PAIR_02281","VP_061","LNP_0371","lnp_id",4
"PAIR_02282","VP_176","LNP_0214","lnp_id",3
"PAIR_02283","VP_187","LNP_0054","lnp_id",2
"PAIR_02284","VP_106","LNP_0243","lnp_id",3
"PAIR_02285","VP_037","LNP_0325","lnp_id",4
"PAIR_02286","VP_056","LNP_0335","lnp_id",1
"PAIR_02287","VP_125","LNP_0133","lnp_id",5
"PAIR_02288","VP_052","LNP_0287","lnp_id",5
"PAIR_02289","VP_073","LNP_0296","lnp_id",4
"PAIR_02290","VP_128","LNP_0123","lnp_id",2
"PAIR_02291","VP_131","LNP_0433","lnp_id",1
"PAIR_02292","VP_034","LNP_0499","lnp_id",3
"PAIR_02293","VP_099","LNP_0083","lnp_id",1
"PAIR_02294","VP_001","LNP_0265","lnp_id",3
"PAIR_02295","VP_123","LNP_0009","lnp_id",5
"PAIR_02296","VP_168","LNP_0048","lnp_id",1
"PAIR_02297","VP_186","LNP_0087","lnp_id",2
"PAIR_02298","VP_131","LNP_0118","lnp_id",1
"PAIR_02299","VP_096","LNP_0075","lnp_id",5
"PAIR_02300","VP_006","LNP_0038","lnp_id",4
"PAIR_02301","VP_104","LNP_0123","lnp_id",2
"PAIR_02302","VP_081","LNP_0481","lnp_id",1
"PAIR_02303","VP_020","LNP_0462","lnp_id",4
"PAIR_02304","VP_147","LNP_0445","lnp_id",1
"PAIR_02305","VP_146","LNP_0154","lnp_id",1
"PAIR_02306","VP_099","LNP_0252","lnp_id",3
"PAIR_02307","VP_119","LNP_0188","lnp_id",5
"PAIR_02308","VP_144","LNP_0491","lnp_id",5
"PAIR_02309","VP_093","LNP_0014","lnp_id",5
"PAIR_02310","VP_139","LNP_0003","lnp_id",4
"PAIR_02311","VP_069","LNP_0177","lnp_id",4
"PAIR_02312","VP_067","LNP_0293","lnp_id",4
"PAIR_02313","VP_038","LNP_0229","lnp_id",1
"PAIR_02314","VP_036","LNP_0239","lnp_id",4
"PAIR_02315","VP_094","LNP_0038","lnp_id",4
"PAIR_02316","VP_028","LNP_0285","lnp_id",1
"PAIR_02317","VP_055","LNP_0151","lnp_id",1
"PAIR_02318","VP_189","LNP_0333","lnp_id",2
"PAIR_02319","VP_021","LNP_0091","lnp_id",3
"PAIR_02320","VP_096","LNP_0277","lnp_id",2
"PAIR_02321","VP_127","LNP_0332","lnp_id",5
"PAIR_02322","VP_138","LNP_0361","lnp_id",4
"PAIR_02323","VP_020","LNP_0156","lnp_id",3
"PAIR_02324","VP_169","LNP_0480","lnp_id",2
"PAIR_02325","VP_047","LNP_0322","lnp_id",5
"PAIR_02326","VP_106","LNP_0085","lnp_id",4
"PAIR_02327","VP_030","LNP_0328","lnp_id",3
"PAIR_02328","VP_178","LNP_0431","lnp_id",2
"PAIR_02329","VP_075","LNP_0451","lnp_id",4
"PAIR_02330","VP_028","LNP_0396","lnp_id",3
"PAIR_02331","VP_082","LNP_0042","lnp_id",4
"PAIR_02332","VP_194","LNP_0255","lnp_id",4
"PAIR_02333","VP_021","LNP_0132","lnp_id",4
"PAIR_02334","VP_101","LNP_0214","lnp_id",3
"PAIR_02335","VP_186","LNP_0360","lnp_id",5
"PAIR_02336","VP_183","LNP_0437","lnp_id",1
"PAIR_02337","VP_147","LNP_0290","lnp_id",4
"PAIR_02338","VP_143","LNP_0046","lnp_id",3
"PAIR_02339","VP_088","LNP_0478","lnp_id",5
"PAIR_02340","VP_170","LNP_0116","lnp_id",1
"PAIR_02341","VP_053","LNP_0140","lnp_id",4
"PAIR_02342","VP_069","LNP_0299","lnp_id",3
"PAIR_02343","VP_146","LNP_0118","lnp_id",1
"PAIR_02344","VP_041","LNP_0274","lnp_id",4
"PAIR_02345","VP_075","LNP_0228","lnp_id",1
"PAIR_02346","VP_093","LNP_0470","lnp_id",4
"PAIR_02347","VP_065","LNP_0227","lnp_id",1
"PAIR_02348","VP_007","LNP_0167","lnp_id",5
"PAIR_02349","VP_046","LNP_0038","lnp_id",4
"PAIR_02350","VP_163","LNP_0313","lnp_id",5
"PAIR_02351","VP_013","LNP_0045","lnp_id",2
"PAIR_02352","VP_080","LNP_0497","lnp_id",5
"PAIR_02353","VP_124","LNP_0100","lnp_id",2
"PAIR_02354","VP_028","LNP_0463","lnp_id",5
"PAIR_02355","VP_097","LNP_0159","lnp_id",5
"PAIR_02356","VP_113","LNP_0144","lnp_id",5
"PAIR_02357","VP_008","LNP_0203","lnp_id",4
"PAIR_02358","VP_051","LNP_0500","lnp_id",2
"PAIR_02359","VP_068","LNP_0420","lnp_id",4
"PAIR_02360","VP_108","LNP_0162","lnp_id",2
"PAIR_02361","VP_043","LNP_0462","lnp_id",4
"PAIR_02362","VP_184","LNP_0156","lnp_id",3
"PAIR_02363","VP_011","LNP_0419","lnp_id",4
"PAIR_02364","VP_010","LNP_0387","lnp_id",2
"PAIR_02365","VP_199","LNP_0173","lnp_id",3
"PAIR_02366","VP_085","LNP_0379","lnp_id",4
"PAIR_02367","VP_113","LNP_0129","lnp_id",3
"PAIR_02368","VP_192","LNP_0175","lnp_id",1
"PAIR_02369","VP_174","LNP_0009","lnp_id",5
"PAIR_02370","VP_117","LNP_0096","lnp_id",2
"PAIR_02371","VP_002","LNP_0380","lnp_id",5
"PAIR_02372","VP_077","LNP_0318","lnp_id",3
"PAIR_02373","VP_059","LNP_0461","lnp_id",3
"PAIR_02374","VP_125","LNP_0058","lnp_id",3
"PAIR_02375","VP_153","LNP_0245","lnp_id",5
"PAIR_02376","VP_151","LNP_0335","lnp_id",1
"PAIR_02377","VP_020","LNP_0065","lnp_id",5
"PAIR_02378","VP_196","LNP_0446","lnp_id",1
"PAIR_02379","VP_035","LNP_0368","lnp_id",5
"PAIR_02380","VP_180","LNP_0041","lnp_id",1
"PAIR_02381","VP_001","LNP_0120","lnp_id",4
"PAIR_02382","VP_084","LNP_0365","lnp_id",2
"PAIR_02383","VP_083","LNP_0153","lnp_id",2
"PAIR_02384","VP_167","LNP_0229","lnp_id",1
"PAIR_02385","VP_122","LNP_0156","lnp_id",3
"PAIR_02386","VP_039","LNP_0026","lnp_id",1
"PAIR_02387","VP_096","LNP_0260","lnp_id",1
"PAIR_02388","VP_096","LNP_0310","lnp_id",1
"PAIR_02389","VP_063","LNP_0167","lnp_id",5
"PAIR_02390","VP_037","LNP_0105","lnp_id",5
"PAIR_02391","VP_170","LNP_0383","lnp_id",1
"PAIR_02392","VP_059","LNP_0034","lnp_id",5
"PAIR_02393","VP_176","LNP_0083","lnp_id",1
"PAIR_02394","VP_031","LNP_0207","lnp_id",1
"PAIR_02395","VP_086","LNP_0045","lnp_id",2
"PAIR_02396","VP_187","LNP_0018","lnp_id",1
"PAIR_02397","VP_181","LNP_0246","lnp_id",2
"PAIR_02398","VP_085","LNP_0021","lnp_id",2
"PAIR_02399","VP_092","LNP_0419","lnp_id",4
"PAIR_02400","VP_175","LNP_0098","lnp_id",4
"PAIR_02401","VP_142","LNP_0158","lnp_id",5
"PAIR_02402","VP_089","LNP_0169","lnp_id",1
"PAIR_02403","VP_161","LNP_0481","lnp_id",1
"PAIR_02404","VP_165","LNP_0193","lnp_id",1
"PAIR_02405","VP_140","LNP_0327","lnp_id",5
"PAIR_02406","VP_084","LNP_0171","lnp_id",3
"PAIR_02407","VP_199","LNP_0265","lnp_id",3
"PAIR_02408","VP_092","LNP_0268","lnp_id",3
"PAIR_02409","VP_097","LNP_0049","lnp_id",3
"PAIR_02410","VP_105","LNP_0188","lnp_id",5
"PAIR_02411","VP_111","LNP_0412","lnp_id",3
"PAIR_02412","VP_150","LNP_0224","lnp_id",1
"PAIR_02413","VP_023","LNP_0361","lnp_id",4
"PAIR_02414","VP_122","LNP_0258","lnp_id",5
"PAIR_02415","VP_020","LNP_0184","lnp_id",5
"PAIR_02416","VP_108","LNP_0208","lnp_id",5
"PAIR_02417","VP_010","LNP_0040","lnp_id",3
"PAIR_02418","VP_195","LNP_0371","lnp_id",4
"PAIR_02419","VP_137","LNP_0380","lnp_id",5
"PAIR_02420","VP_027","LNP_0033","lnp_id",3
"PAIR_02421","VP_075","LNP_0154","lnp_id",1
"PAIR_02422","VP_103","LNP_0322","lnp_id",5
"PAIR_02423","VP_017","LNP_0201","lnp_id",3
"PAIR_02424","VP_068","LNP_0095","lnp_id",2
"PAIR_02425","VP_092","LNP_0217","lnp_id",4
"PAIR_02426","VP_063","LNP_0201","lnp_id",3
"PAIR_02427","VP_124","LNP_0490","lnp_id",5
"PAIR_02428","VP_161","LNP_0414","lnp_id",4
"PAIR_02429","VP_043","LNP_0234","lnp_id",3
"PAIR_02430","VP_094","LNP_0222","lnp_id",2
"PAIR_02431","VP_023","LNP_0162","lnp_id",2
"PAIR_02432","VP_101","LNP_0189","lnp_id",2
"PAIR_02433","VP_040","LNP_0051","lnp_id",1
"PAIR_02434","VP_017","LNP_0024","lnp_id",4
"PAIR_02435","VP_196","LNP_0383","lnp_id",1
"PAIR_02436","VP_087","LNP_0039","lnp_id",1
"PAIR_02437","VP_051","LNP_0090","lnp_id",5
"PAIR_02438","VP_023","LNP_0305","lnp_id",3
"PAIR_02439","VP_092","LNP_0030","lnp_id",5
"PAIR_02440","VP_016","LNP_0027","lnp_id",3
"PAIR_02441","VP_126","LNP_0128","lnp_id",1
"PAIR_02442","VP_140","LNP_0047","lnp_id",5
"PAIR_02443","VP_117","LNP_0425","lnp_id",5
"PAIR_02444","VP_118","LNP_0053","lnp_id",5
"PAIR_02445","VP_096","LNP_0128","lnp_id",1
"PAIR_02446","VP_054","LNP_0309","lnp_id",2
"PAIR_02447","VP_131","LNP_0037","lnp_id",5
"PAIR_02448","VP_135","LNP_0367","lnp_id",3
"PAIR_02449","VP_003","LNP_0169","lnp_id",1
"PAIR_02450","VP_053","LNP_0403","lnp_id",5
"PAIR_02451","VP_148","LNP_0285","lnp_id",1
"PAIR_02452","VP_019","LNP_0038","lnp_id",4
"PAIR_02453","VP_061","LNP_0090","lnp_id",5
"PAIR_02454","VP_132","LNP_0140","lnp_id",4
"PAIR_02455","VP_026","LNP_0021","lnp_id",2
"PAIR_02456","VP_136","LNP_0310","lnp_id",1
"PAIR_02457","VP_116","LNP_0211","lnp_id",5
"PAIR_02458","VP_177","LNP_0231","lnp_id",2
"PAIR_02459","VP_058","LNP_0275","lnp_id",2
"PAIR_02460","VP_143","LNP_0116","lnp_id",1
"PAIR_02461","VP_013","LNP_0185","lnp_id",3
"PAIR_02462","VP_117","LNP_0086","lnp_id",3
"PAIR_02463","VP_189","LNP_0186","lnp_id",2
"PAIR_02464","VP_031","LNP_0406","lnp_id",3
"PAIR_02465","VP_043","LNP_0050","lnp_id",5
"PAIR_02466","VP_119","LNP_0193","lnp_id",1
"PAIR_02467","VP_127","LNP_0039","lnp_id",1
"PAIR_02468","VP_005","LNP_0089","lnp_id",2
"PAIR_02469","VP_024","LNP_0359","lnp_id",2
"PAIR_02470","VP_086","LNP_0059","lnp_id",1
"PAIR_02471","VP_098","LNP_0186","lnp_id",2
"PAIR_02472","VP_164","LNP_0173","lnp_id",3
"PAIR_02473","VP_187","LNP_0288","lnp_id",1
"PAIR_02474","VP_166","LNP_0467","lnp_id",3
"PAIR_02475","VP_069","LNP_0199","lnp_id",1
"PAIR_02476","VP_091","LNP_0232","lnp_id",4
"PAIR_02477","VP_061","LNP_0023","lnp_id",1
"PAIR_02478","VP_019","LNP_0448","lnp_id",3
"PAIR_02479","VP_012","LNP_0489","lnp_id",2
"PAIR_02480","VP_033","LNP_0127","lnp_id",1
"PAIR_02481","VP_031","LNP_0173","lnp_id",3
"PAIR_02482","VP_036","LNP_0046","lnp_id",3
"PAIR_02483","VP_143","LNP_0382","lnp_id",3
"PAIR_02484","VP_028","LNP_0207","lnp_id",1
"PAIR_02485","VP_136","LNP_0205","lnp_id",3
"PAIR_02486","VP_086","LNP_0286","lnp_id",4
"PAIR_02487","VP_046","LNP_0257","lnp_id",3
"PAIR_02488","VP_123","LNP_0049","lnp_id",3
"PAIR_02489","VP_188","LNP_0255","lnp_id",4
"PAIR_02490","VP_072","LNP_0009","lnp_id",5
"PAIR_02491","VP_042","LNP_0146","lnp_id",1
"PAIR_02492","VP_070","LNP_0475","lnp_id",1
"PAIR_02493","VP_196","LNP_0468","lnp_id",4
"PAIR_02494","VP_043","LNP_0320","lnp_id",2
"PAIR_02495","VP_080","LNP_0100","lnp_id",2
"PAIR_02496","VP_103","LNP_0043","lnp_id",3
"PAIR_02497","VP_191","LNP_0029","lnp_id",1
"PAIR_02498","VP_168","LNP_0179","lnp_id",4
"PAIR_02499","VP_174","LNP_0335","lnp_id",1
"PAIR_02500","VP_020","LNP_0249","lnp_id",1
"PAIR_02501","VP_007","LNP_0402","lnp_id",1
"PAIR_02502","VP_181","LNP_0435","lnp_id",1
"PAIR_02503","VP_108","LNP_0091","lnp_id",3
"PAIR_02504","VP_011","LNP_0484","lnp_id",3
"PAIR_02505","VP_049","LNP_0114","lnp_id",2
"PAIR_02506","VP_002","LNP_0108","lnp_id",2
"PAIR_02507","VP_104","LNP_0181","lnp_id",3
"PAIR_02508","VP_029","LNP_0451","lnp_id",4
"PAIR_02509","VP_165","LNP_0167","lnp_id",5
"PAIR_02510","VP_085","LNP_0252","lnp_id",3
"PAIR_02511","VP_030","LNP_0105","lnp_id",5
"PAIR_02512","VP_180","LNP_0101","lnp_id",2
"PAIR_02513","VP_134","LNP_0489","lnp_id",2
"PAIR_02514","VP_191","LNP_0462","lnp_id",4
"PAIR_02515","VP_055","LNP_0104","lnp_id",5
"PAIR_02516","VP_163","LNP_0404","lnp_id",3
"PAIR_02517","VP_027","LNP_0103","lnp_id",5
"PAIR_02518","VP_041","LNP_0344","lnp_id",5
"PAIR_02519","VP_060","LNP_0367","lnp_id",3
"PAIR_02520","VP_032","LNP_0485","lnp_id",3
"PAIR_02521","VP_060","LNP_0114","lnp_id",2
"PAIR_02522","VP_084","LNP_0335","lnp_id",1
"PAIR_02523","VP_086","LNP_0228","lnp_id",1
"PAIR_02524","VP_004","LNP_0401","lnp_id",5
"PAIR_02525","VP_103","LNP_0178","lnp_id",4
"PAIR_02526","VP_179","LNP_0356","lnp_id",5
"PAIR_02527","VP_094","LNP_0356","lnp_id",5
"PAIR_02528","VP_168","LNP_0396","lnp_id",3
"PAIR_02529","VP_166","LNP_0451","lnp_id",4
"PAIR_02530","VP_162","LNP_0257","lnp_id",3
"PAIR_02531","VP_018","LNP_0151","lnp_id",1
"PAIR_02532","VP_086","LNP_0191","lnp_id",3
"PAIR_02533","VP_103","LNP_0043","lnp_id",3
"PAIR_02534","VP_035","LNP_0058","lnp_id",3
"PAIR_02535","VP_030","LNP_0017","lnp_id",4
"PAIR_02536","VP_003","LNP_0032","lnp_id",2
"PAIR_02537","VP_072","LNP_0172","lnp_id",1
"PAIR_02538","VP_073","LNP_0337","lnp_id",3
"PAIR_02539","VP_032","LNP_0486","lnp_id",3
"PAIR_02540","VP_030","LNP_0041","lnp_id",1
"PAIR_02541","VP_153","LNP_0392","lnp_id",5
"PAIR_02542","VP_044","LNP_0139","lnp_id",4
"PAIR_02543","VP_019","LNP_0296","lnp_id",4
"PAIR_02544","VP_066","LNP_0286","lnp_id",4
"PAIR_02545","VP_044","LNP_0067","lnp_id",2
"PAIR_02546","VP_103","LNP_0049","lnp_id",3
"PAIR_02547","VP_018","LNP_0018","lnp_id",1
"PAIR_02548","VP_074","LNP_0428","lnp_id",1
"PAIR_02549","VP_051","LNP_0316","lnp_id",5
"PAIR_02550","VP_114","LNP_0078","lnp_id",1
"PAIR_02551","VP_112","LNP_0463","lnp_id",5
"PAIR_02552","VP_047","LNP_0070","lnp_id",4
"PAIR_02553","VP_047","LNP_0418","lnp_id",1
"PAIR_02554","VP_131","LNP_0445","lnp_id",1
"PAIR_02555","VP_198","LNP_0295","lnp_id",4
"PAIR_02556","VP_176","LNP_0181","lnp_id",3
"PAIR_02557","VP_183","LNP_0121","lnp_id",1
"PAIR_02558","VP_118","LNP_0052","lnp_id",3
"PAIR_02559","VP_172","LNP_0425","lnp_id",5
"PAIR_02560","VP_031","LNP_0450","lnp_id",1
"PAIR_02561","VP_175","LNP_0477","lnp_id",5
"PAIR_02562","VP_180","LNP_0440","lnp_id",3
"PAIR_02563","VP_097","LNP_0194","lnp_id",4
"PAIR_02564","VP_189","LNP_0293","lnp_id",4
"PAIR_02565","VP_020","LNP_0397","lnp_id",2
"PAIR_02566","VP_070","LNP_0311","lnp_id",1
"PAIR_02567","VP_179","LNP_0159","lnp_id",5
"PAIR_02568","VP_184","LNP_0082","lnp_id",2
"PAIR_02569","VP_086","LNP_0383","lnp_id",1
"PAIR_02570","VP_116","LNP_0402","lnp_id",1
"PAIR_02571","VP_044","LNP_0019","lnp_id",4
"PAIR_02572","VP_172","LNP_0032","lnp_id",2
"PAIR_02573","VP_058","LNP_0472","lnp_id",1
"PAIR_02574","VP_162","LNP_0325","lnp_id",4
"PAIR_02575","VP_070","LNP_0036","lnp_id",2
"PAIR_02576","VP_074","LNP_0085","lnp_id",4
"PAIR_02577","VP_106","LNP_0153","lnp_id",2
"PAIR_02578","VP_135","LNP_0268","lnp_id",3
"PAIR_02579","VP_107","LNP_0493","lnp_id",5
"PAIR_02580","VP_017","LNP_0047","lnp_id",5
"PAIR_02581","VP_040","LNP_0358","lnp_id",4
"PAIR_02582","VP_181","LNP_0359","lnp_id",2
"PAIR_02583","VP_165","LNP_0025","lnp_id",3
"PAIR_02584","VP_143","LNP_0149","lnp_id",1
"PAIR_02585","VP_173","LNP_0093","lnp_id",3
"PAIR_02586","VP_049","LNP_0448","lnp_id",3
"PAIR_02587","VP_081","LNP_0406","lnp_id",3
"PAIR_02588","VP_149","LNP_0134","lnp_id",1
"PAIR_02589","VP_158","LNP_0231","lnp_id",2
"PAIR_02590","VP_164","LNP_0109","lnp_id",3
"PAIR_02591","VP_126","LNP_0207","lnp_id",1
"PAIR_02592","VP_182","LNP_0378","lnp_id",5
"PAIR_02593","VP_066","LNP_0301","lnp_id",1
"PAIR_02594","VP_012","LNP_0142","lnp_id",4
"PAIR_02595","VP_027","LNP_0488","lnp_id",4
"PAIR_02596","VP_067","LNP_0131","lnp_id",1
"PAIR_02597","VP_019","LNP_0314","lnp_id",3
"PAIR_02598","VP_162","LNP_0219","lnp_id",3
"PAIR_02599","VP_024","LNP_0341","lnp_id",5
"PAIR_02600","VP_164","LNP_0425","lnp_id",5
"PAIR_02601","VP_155","LNP_0400","lnp_id",3
"PAIR_02602","VP_078","LNP_0105","lnp_id",5
"PAIR_02603","VP_040","LNP_0057","lnp_id",5
"PAIR_02604","VP_177","LNP_0291","lnp_id",5
"PAIR_02605","VP_085","LNP_0032","lnp_id",2
"PAIR_02606","VP_190","LNP_0086","lnp_id",3
"PAIR_02607","VP_150","LNP_0294","lnp_id",4
"PAIR_02608","VP_117","LNP_0425","lnp_id",5
"PAIR_02609","VP_152","LNP_0224","lnp_id",1
"PAIR_02610","VP_037","LNP_0415","lnp_id",2
"PAIR_02611","VP_099","LNP_0217","lnp_id",4
"PAIR_02612","VP_101","LNP_0305","lnp_id",3
"PAIR_02613","VP_036","LNP_0343","lnp_id",2
"PAIR_02614","VP_045","LNP_0227","lnp_id",1
"PAIR_02615","VP_187","LNP_0013","lnp_id",2
"PAIR_02616","VP_118","LNP_0028","lnp_id",5
"PAIR_02617","VP_176","LNP_0227","lnp_id",1
"PAIR_02618","VP_077","LNP_0112","lnp_id",3
"PAIR_02619","VP_132","LNP_0234","lnp_id",3
"PAIR_02620","VP_191","LNP_0262","lnp_id",4
"PAIR_02621","VP_016","LNP_0027","lnp_id",3
"PAIR_02622","VP_120","LNP_0472","lnp_id",1
"PAIR_02623","VP_190","LNP_0398","lnp_id",5
"PAIR_02624","VP_151","LNP_0396","lnp_id",3
"PAIR_02625","VP_032","LNP_0245","lnp_id",5
"PAIR_02626","VP_023","LNP_0176","lnp_id",2
"PAIR_02627","VP_197","LNP_0320","lnp_id",2
"PAIR_02628","VP_076","LNP_0452","lnp_id",2
"PAIR_02629","VP_122","LNP_0078","lnp_id",1
"PAIR_02630","VP_182","LNP_0237","lnp_id",4
"PAIR_02631","VP_083","LNP_0041","lnp_id",1
"PAIR_02632","VP_058","LNP_0063","lnp_id",1
"PAIR_02633","VP_103","LNP_0463","lnp_id",5
"PAIR_02634","VP_016","LNP_0453","lnp_id",4
"PAIR_02635","VP_172","LNP_0137","lnp_id",3
"PAIR_02636","VP_010","LNP_0282","lnp_id",1
"PAIR_02637","VP_059","LNP_0420","lnp_id",4
"PAIR_02638","VP_136","LNP_0061","lnp_id",1
"PAIR_02639","VP_063","LNP_0497","lnp_id",5
"PAIR_02640","VP_148","LNP_0243","lnp_id",3
"PAIR_02641","VP_018","LNP_0306","lnp_id",2
"PAIR_02642","VP_038","LNP_0025","lnp_id",3
"PAIR_02643","VP_128","LNP_0206","lnp_id",5
"PAIR_02644","VP_031","LNP_0446","lnp_id",1
"PAIR_02645","VP_034","LNP_0464","lnp_id",5
"PAIR_02646","VP_117","LNP_0224","lnp_id",1
"PAIR_02647","VP_177","LNP_0286","lnp_id",4
"PAIR_02648","VP_187","LNP_0261","lnp_id",1
"PAIR_02649","VP_076","LNP_0209","lnp_id",4
"PAIR_02650","VP_077","LNP_0312","lnp_id",2
"PAIR_02651","VP_028","LNP_0447","lnp_id",2
"PAIR_02652","VP_178","LNP_0399","lnp_id",3
"PAIR_02653","VP_156","LNP_0119","lnp_id",5
"PAIR_02654","VP_126","LNP_0010","lnp_id",4
"PAIR_02655","VP_172","LNP_0491","lnp_id",5
"PAIR_02656","VP_007","LNP_0171","lnp_id",3
"PAIR_02657","VP_093","LNP_0018","lnp_id",1
"PAIR_02658","VP_074","LNP_0215","lnp_id",1
"PAIR_02659","VP_072","LNP_0254","lnp_id",2
"PAIR_02660","VP_046","LNP_0224","lnp_id",1
"PAIR_02661","VP_032","LNP_0087","lnp_id",2
"PAIR_02662","VP_085","LNP_0167","lnp_id",5
"PAIR_02663","VP_095","LNP_0467","lnp_id",3
"PAIR_02664","VP_186","LNP_0139","lnp_id",4
"PAIR_02665","VP_147","LNP_0395","lnp_id",1
"PAIR_02666","VP_088","LNP_0132","lnp_id",4
"PAIR_02667","VP_073","LNP_0078","lnp_id",1
"PAIR_02668","VP_136","LNP_0088","lnp_id",1
"PAIR_02669","VP_098","LNP_0184","lnp_id",5
"PAIR_02670","VP_041","LNP_0414","lnp_id",4
"PAIR_02671","VP_042","LNP_0305","lnp_id",3
"PAIR_02672","VP_112","LNP_0497","lnp_id",5
"PAIR_02673","VP_039","LNP_0339","lnp_id",2
"PAIR_02674","VP_023","LNP_0319","lnp_id",3
"PAIR_02675","VP_155","LNP_0494","lnp_id",4
"PAIR_02676","VP_004","LNP_0007","lnp_id",3
"PAIR_02677","VP_034","LNP_0107","lnp_id",1
"PAIR_02678","VP_154","LNP_0397","lnp_id",2
"PAIR_02679","VP_047","LNP_0043","lnp_id",3
"PAIR_02680","VP_192","LNP_0047","lnp_id",5
"PAIR_02681","VP_065","LNP_0165","lnp_id",3
"PAIR_02682","VP_199","LNP_0051","lnp_id",1
"PAIR_02683","VP_145","LNP_0012","lnp_id",3
"PAIR_02684","VP_127","LNP_0086","lnp_id",3
"PAIR_02685","VP_171","LNP_0336","lnp_id",4
"PAIR_02686","VP_164","LNP_0025","lnp_id",3
"PAIR_02687","VP_166","LNP_0140","lnp_id",4
"PAIR_02688","VP_084","LNP_0105","lnp_id",5
"PAIR_02689","VP_060","LNP_0334","lnp_id",4
"PAIR_02690","VP_017","LNP_0415","lnp_id",2
"PAIR_02691","VP_192","LNP_0051","lnp_id",1
"PAIR_02692","VP_105","LNP_0126","lnp_id",1
"PAIR_02693","VP_059","LNP_0285","lnp_id",1
"PAIR_02694","VP_154","LNP_0077","lnp_id",3
"PAIR_02695","VP_081","LNP_0238","lnp_id",4
"PAIR_02696","VP_032","LNP_0278","lnp_id",4
"PAIR_02697","VP_071","LNP_0127","lnp_id",1
"PAIR_02698","VP_069","LNP_0258","lnp_id",5
"PAIR_02699","VP_113","LNP_0200","lnp_id",5
"PAIR_02700","VP_157","LNP_0490","lnp_id",5
"PAIR_02701","VP_088","LNP_0333","lnp_id",2
"PAIR_02702","VP_128","LNP_0310","lnp_id",1
"PAIR_02703","VP_021","LNP_0043","lnp_id",3
"PAIR_02704","VP_048","LNP_0479","lnp_id",5
"PAIR_02705","VP_085","LNP_0008","lnp_id",4
"PAIR_02706","VP_165","LNP_0003","lnp_id",4
"PAIR_02707","VP_139","LNP_0488","lnp_id",4
"PAIR_02708","VP_186","LNP_0405","lnp_id",4
"PAIR_02709","VP_011","LNP_0449","lnp_id",3
"PAIR_02710","VP_087","LNP_0474","lnp_id",5
"PAIR_02711","VP_150","LNP_0173","lnp_id",3
"PAIR_02712","VP_092","LNP_0213","lnp_id",2
"PAIR_02713","VP_017","LNP_0274","lnp_id",4
"PAIR_02714","VP_079","LNP_0109","lnp_id",3
"PAIR_02715","VP_034","LNP_0442","lnp_id",5
"PAIR_02716","VP_097","LNP_0258","lnp_id",5
"PAIR_02717","VP_073","LNP_0308","lnp_id",5
"PAIR_02718","VP_035","LNP_0074","lnp_id",2
"PAIR_02719","VP_004","LNP_0352","lnp_id",4
"PAIR_02720","VP_118","LNP_0361","lnp_id",4
"PAIR_02721","VP_041","LNP_0275","lnp_id",2
"PAIR_02722","VP_121","LNP_0148","lnp_id",2
"PAIR_02723","VP_075","LNP_0151","lnp_id",1
"PAIR_02724","VP_041","LNP_0271","lnp_id",4
"PAIR_02725","VP_170","LNP_0139","lnp_id",4
"PAIR_02726","VP_016","LNP_0433","lnp_id",1
"PAIR_02727","VP_108","LNP_0437","lnp_id",1
"PAIR_02728","VP_013","LNP_0435","lnp_id",1
"PAIR_02729","VP_152","LNP_0113","lnp_id",3
"PAIR_02730","VP_086","LNP_0028","lnp_id",5
"PAIR_02731","VP_124","LNP_0338","lnp_id",2
"PAIR_02732","VP_175","LNP_0317","lnp_id",4
"PAIR_02733","VP_004","LNP_0421","lnp_id",4
"PAIR_02734","VP_200","LNP_0151","lnp_id",1
"PAIR_02735","VP_126","LNP_0037","lnp_id",5
"PAIR_02736","VP_138","LNP_0026","lnp_id",1
"PAIR_02737","VP_127","LNP_0413","lnp_id",5
"PAIR_02738","VP_037","LNP_0232","lnp_id",4
"PAIR_02739","VP_018","LNP_0029","lnp_id",1
"PAIR_02740","VP_078","LNP_0038","lnp_id",4
"PAIR_02741","VP_102","LNP_0271","lnp_id",4
"PAIR_02742","VP_150","LNP_0336","lnp_id",4
"PAIR_02743","VP_093","LNP_0428","lnp_id",1
"PAIR_02744","VP_147","LNP_0060","lnp_id",3
"PAIR_02745","VP_120","LNP_0344","lnp_id",5
"PAIR_02746","VP_178","LNP_0389","lnp_id",3
"PAIR_02747","VP_038","LNP_0267","lnp_id",5
"PAIR_02748","VP_168","LNP_0248","lnp_id",2
"PAIR_02749","VP_135","LNP_0221","lnp_id",3
"PAIR_02750","VP_095","LNP_0214","lnp_id",3
"PAIR_02751","VP_036","LNP_0136","lnp_id",2
"PAIR_02752","VP_012","LNP_0128","lnp_id",1
"PAIR_02753","VP_113","LNP_0287","lnp_id",5
"PAIR_02754","VP_138","LNP_0285","lnp_id",1
"PAIR_02755","VP_188","LNP_0054","lnp_id",2
"PAIR_02756","VP_138","LNP_0218","lnp_id",3
"PAIR_02757","VP_074","LNP_0323","lnp_id",5
"PAIR_02758","VP_093","LNP_0107","lnp_id",1
"PAIR_02759","VP_075","LNP_0042","lnp_id",4
"PAIR_02760","VP_116","LNP_0134","lnp_id",1
"PAIR_02761","VP_172","LNP_0321","lnp_id",2
"PAIR_02762","VP_061","LNP_0273","lnp_id",3
"PAIR_02763","VP_125","LNP_0206","lnp_id",5
"PAIR_02764","VP_054","LNP_0105","lnp_id",5
"PAIR_02765","VP_194","LNP_0111","lnp_id",4
"PAIR_02766","VP_161","LNP_0228","lnp_id",1
"PAIR_02767","VP_021","LNP_0204","lnp_id",3
"PAIR_02768","VP_147","LNP_0476","lnp_id",1
"PAIR_02769","VP_045","LNP_0032","lnp_id",2
"PAIR_02770","VP_134","LNP_0283","lnp_id",1
"PAIR_02771","VP_195","LNP_0077","lnp_id",3
"PAIR_02772","VP_090","LNP_0117","lnp_id",3
"PAIR_02773","VP_121","LNP_0424","lnp_id",1
"PAIR_02774","VP_164","LNP_0363","lnp_id",2
"PAIR_02775","VP_074","LNP_0278","lnp_id",4
"PAIR_02776","VP_067","LNP_0299","lnp_id",3
"PAIR_02777","VP_004","LNP_0414","lnp_id",4
"PAIR_02778","VP_038","LNP_0238","lnp_id",4
"PAIR_02779","VP_079","LNP_0189","lnp_id",2
"PAIR_02780","VP_167","LNP_0400","lnp_id",3
"PAIR_02781","VP_194","LNP_0156","lnp_id",3
"PAIR_02782","VP_113","LNP_0446","lnp_id",1
"PAIR_02783","VP_013","LNP_0215","lnp_id",1
"PAIR_02784","VP_063","LNP_0329","lnp_id",3
"PAIR_02785","VP_095","LNP_0261","lnp_id",1
"PAIR_02786","VP_152","LNP_0067","lnp_id",2
"PAIR_02787","VP_070","LNP_0444","lnp_id",3
"PAIR_02788","VP_066","LNP_0176","lnp_id",2
"PAIR_02789","VP_158","LNP_0113","lnp_id",3
"PAIR_02790","VP_140","LNP_0068","lnp_id",2
"PAIR_02791","VP_090","LNP_0078","lnp_id",1
"PAIR_02792","VP_041","LNP_0126","lnp_id",1
"PAIR_02793","VP_128","LNP_0182","lnp_id",2
"PAIR_02794","VP_187","LNP_0476","lnp_id",1
"PAIR_02795","VP_044","LNP_0235","lnp_id",2
"PAIR_02796","VP_115","LNP_0460","lnp_id",3
"PAIR_02797","VP_130","LNP_0046","lnp_id",3
"PAIR_02798","VP_102","LNP_0249","lnp_id",1
"PAIR_02799","VP_188","LNP_0060","lnp_id",3
"PAIR_02800","VP_171","LNP_0362","lnp_id",4
"PAIR_02801","VP_169","LNP_0288","lnp_id",1
"PAIR_02802","VP_115","LNP_0164","lnp_id",4
"PAIR_02803","VP_110","LNP_0257","lnp_id",3
"PAIR_02804","VP_184","LNP_0486","lnp_id",3
"PAIR_02805","VP_076","LNP_0032","lnp_id",2
"PAIR_02806","VP_065","LNP_0018","lnp_id",1
"PAIR_02807","VP_155","LNP_0188","lnp_id",5
"PAIR_02808","VP_162","LNP_0316","lnp_id",5
"PAIR_02809","VP_178","LNP_0240","lnp_id",2
"PAIR_02810","VP_039","LNP_0391","lnp_id",2
"PAIR_02811","VP_156","LNP_0498","lnp_id",4
"PAIR_02812","VP_069","LNP_0217","lnp_id",4
"PAIR_02813","VP_175","LNP_0359","lnp_id",2
"PAIR_02814","VP_157","LNP_0405","lnp_id",4
"PAIR_02815","VP_182","LNP_0037","lnp_id",5
"PAIR_02816","VP_021","LNP_0403","lnp_id",5
"PAIR_02817","VP_197","LNP_0450","lnp_id",1
"PAIR_02818","VP_012","LNP_0145","lnp_id",3
"PAIR_02819","VP_036","LNP_0145","lnp_id",3
"PAIR_02820","VP_093","LNP_0385","lnp_id",5
"PAIR_02821","VP_196","LNP_0329","lnp_id",3
"PAIR_02822","VP_153","LNP_0417","lnp_id",2
"PAIR_02823","VP_129","LNP_0170","lnp_id",5
"PAIR_02824","VP_154","LNP_0301","lnp_id",1
"PAIR_02825","VP_052","LNP_0194","lnp_id",4
"PAIR_02826","VP_192","LNP_0434","lnp_id",3
"PAIR_02827","VP_079","LNP_0212","lnp_id",4
"PAIR_02828","VP_142","LNP_0049","lnp_id",3
"PAIR_02829","VP_092","LNP_0380","lnp_id",5
"PAIR_02830","VP_176","LNP_0159","lnp_id",5
"PAIR_02831","VP_014","LNP_0406","lnp_id",3
"PAIR_02832","VP_061","LNP_0393","lnp_id",4
"PAIR_02833","VP_008","LNP_0103","lnp_id",5
"PAIR_02834","VP_091","LNP_0282","lnp_id",1
"PAIR_02835","VP_018","LNP_0164","lnp_id",4
"PAIR_02836","VP_015","LNP_0028","lnp_id",5
"PAIR_02837","VP_055","LNP_0173","lnp_id",3
"PAIR_02838","VP_162","LNP_0279","lnp_id",5
"PAIR_02839","VP_025","LNP_0180","lnp_id",4
"PAIR_02840","VP_122","LNP_0098","lnp_id",4
"PAIR_02841","VP_186","LNP_0269","lnp_id",5
"PAIR_02842","VP_001","LNP_0085","lnp_id",4
"PAIR_02843","VP_054","LNP_0358","lnp_id",4
"PAIR_02844","VP_040","LNP_0039","lnp_id",1
"PAIR_02845","VP_072","LNP_0298","lnp_id",3
"PAIR_02846","VP_018","LNP_0073","lnp_id",3
"PAIR_02847","VP_167","LNP_0390","lnp_id",3
"PAIR_02848","VP_173","LNP_0489","lnp_id",2
"PAIR_02849","VP_079","LNP_0349","lnp_id",5
"PAIR_02850","VP_104","LNP_0113","lnp_id",3
"PAIR_02851","VP_090","LNP_0204","lnp_id",3
"PAIR_02852","VP_080","LNP_0062","lnp_id",2
"PAIR_02853","VP_024","LNP_0207","lnp_id",1
"PAIR_02854","VP_112","LNP_0376","lnp_id",3
"PAIR_02855","VP_172","LNP_0281","lnp_id",3
"PAIR_02856","VP_096","LNP_0132","lnp_id",4
"PAIR_02857","VP_080","LNP_0192","lnp_id",1
"PAIR_02858","VP_171","LNP_0348","lnp_id",4
"PAIR_02859","VP_197","LNP_0157","lnp_id",3
"PAIR_02860","VP_132","LNP_0318","lnp_id",3
"PAIR_02861","VP_154","LNP_0245","lnp_id",5
"PAIR_02862","VP_185","LNP_0009","lnp_id",5
"PAIR_02863","VP_078","LNP_0025","lnp_id",3
"PAIR_02864","VP_200","LNP_0165","lnp_id",3
"PAIR_02865","VP_158","LNP_0092","lnp_id",3
"PAIR_02866","VP_171","LNP_0128","lnp_id",1
"PAIR_02867","VP_056","LNP_0440","lnp_id",3
"PAIR_02868","VP_095","LNP_0216","lnp_id",1
"PAIR_02869","VP_180","LNP_0424","lnp_id",1
"PAIR_02870","VP_074","LNP_0236","lnp_id",5
"PAIR_02871","VP_083","LNP_0494","lnp_id",4
"PAIR_02872","VP_096","LNP_0320","lnp_id",2
"PAIR_02873","VP_133","LNP_0168","lnp_id",3
"PAIR_02874","VP_129","LNP_0129","lnp_id",3
"PAIR_02875","VP_076","LNP_0436","lnp_id",2
"PAIR_02876","VP_146","LNP_0374","lnp_id",2
"PAIR_02877","VP_134","LNP_0256","lnp_id",2
"PAIR_02878","VP_064","LNP_0118","lnp_id",1
"PAIR_02879","VP_095","LNP_0110","lnp_id",2
"PAIR_02880","VP_178","LNP_0128","lnp_id",1
"PAIR_02881","VP_170","LNP_0205","lnp_id",3
"PAIR_02882","VP_161","LNP_0200","lnp_id",5
"PAIR_02883","VP_122","LNP_0487","lnp_id",5
"PAIR_02884","VP_094","LNP_0053","lnp_id",5
"PAIR_02885","VP_029","LNP_0463","lnp_id",5
"PAIR_02886","VP_190","LNP_0126","lnp_id",1
"PAIR_02887","VP_006","LNP_0242","lnp_id",1
"PAIR_02888","VP_059","LNP_0257","lnp_id",3
"PAIR_02889","VP_149","LNP_0241","lnp_id",1
"PAIR_02890","VP_025","LNP_0253","lnp_id",2
"PAIR_02891","VP_105","LNP_0050","lnp_id",5
"PAIR_02892","VP_114","LNP_0469","lnp_id",3
"PAIR_02893","VP_015","LNP_0079","lnp_id",2
"PAIR_02894","VP_072","LNP_0441","lnp_id",1
"PAIR_02895","VP_022","LNP_0368","lnp_id",5
"PAIR_02896","VP_165","LNP_0378","lnp_id",5
"PAIR_02897","VP_060","LNP_0093","lnp_id",3
"PAIR_02898","VP_050","LNP_0355","lnp_id",1
"PAIR_02899","VP_008","LNP_0125","lnp_id",5
"PAIR_02900","VP_116","LNP_0358","lnp_id",4
"PAIR_02901","VP_036","LNP_0134","lnp_id",1
"PAIR_02902","VP_169","LNP_0001","lnp_id",1
"PAIR_02903","VP_075","LNP_0187","lnp_id",2
"PAIR_02904","VP_056","LNP_0354","lnp_id",4
"PAIR_02905","VP_159","LNP_0262","lnp_id",4
"PAIR_02906","VP_080","LNP_0299","lnp_id",3
"PAIR_02907","VP_010","LNP_0151","lnp_id",1
"PAIR_02908","VP_161","LNP_0143","lnp_id",4
"PAIR_02909","VP_139","LNP_0029","lnp_id",1
"PAIR_02910","VP_066","LNP_0109","lnp_id",3
"PAIR_02911","VP_136","LNP_0084","lnp_id",1
"PAIR_02912","VP_118","LNP_0234","lnp_id",3
"PAIR_02913","VP_023","LNP_0297","lnp_id",4
"PAIR_02914","VP_109","LNP_0335","lnp_id",1
"PAIR_02915","VP_042","LNP_0274","lnp_id",4
"PAIR_02916","VP_029","LNP_0294","lnp_id",4
"PAIR_02917","VP_127","LNP_0116","lnp_id",1
"PAIR_02918","VP_180","LNP_0227","lnp_id",1
"PAIR_02919","VP_128","LNP_0232","lnp_id",4
"PAIR_02920","VP_179","LNP_0095","lnp_id",2
"PAIR_02921","VP_004","LNP_0378","lnp_id",5
"PAIR_02922","VP_173","LNP_0005","lnp_id",5
"PAIR_02923","VP_015","LNP_0401","lnp_id",5
"PAIR_02924","VP_163","LNP_0324","lnp_id",3
"PAIR_02925","VP_178","LNP_0323","lnp_id",5
"PAIR_02926","VP_032","LNP_0310","lnp_id",1
"PAIR_02927","VP_196","LNP_0245","lnp_id",5
"PAIR_02928","VP_017","LNP_0429","lnp_id",2
"PAIR_02929","VP_084","LNP_0058","lnp_id",3
"PAIR_02930","VP_063","LNP_0018","lnp_id",1
"PAIR_02931","VP_144","LNP_0004","lnp_id",2
"PAIR_02932","VP_031","LNP_0166","lnp_id",1
"PAIR_02933","VP_100","LNP_0017","lnp_id",4
"PAIR_02934","VP_110","LNP_0406","lnp_id",3
"PAIR_02935","VP_070","LNP_0334","lnp_id",4
"PAIR_02936","VP_069","LNP_0082","lnp_id",2
"PAIR_02937","VP_034","LNP_0119","lnp_id",5
"PAIR_02938","VP_084","LNP_0312","lnp_id",2
"PAIR_02939","VP_150","LNP_0471","lnp_id",2
"PAIR_02940","VP_139","LNP_0367","lnp_id",3
"PAIR_02941","VP_130","LNP_0102","lnp_id",3
"PAIR_02942","VP_101","LNP_0192","lnp_id",1
"PAIR_02943","VP_157","LNP_0162","lnp_id",2
"PAIR_02944","VP_131","LNP_0471","lnp_id",2
"PAIR_02945","VP_121","LNP_0156","lnp_id",3
"PAIR_02946","VP_069","LNP_0229","lnp_id",1
"PAIR_02947","VP_132","LNP_0214","lnp_id",3
"PAIR_02948","VP_062","LNP_0440","lnp_id",3
"PAIR_02949","VP_147","LNP_0265","lnp_id",3
"PAIR_02950","VP_123","LNP_0140","lnp_id",4
"PAIR_02951","VP_111","LNP_0080","lnp_id",4
"PAIR_02952","VP_069","LNP_0258","lnp_id",5
"PAIR_02953","VP_018","LNP_0337","lnp_id",3
"PAIR_02954","VP_142","LNP_0030","lnp_id",5
"PAIR_02955","VP_120","LNP_0347","lnp_id",4
"PAIR_02956","VP_184","LNP_0088","lnp_id",1
"PAIR_02957","VP_139","LNP_0235","lnp_id",2
"PAIR_02958","VP_189","LNP_0284","lnp_id",2
"PAIR_02959","VP_163","LNP_0142","lnp_id",4
"PAIR_02960","VP_171","LNP_0257","lnp_id",3
"PAIR_02961","VP_114","LNP_0011","lnp_id",5
"PAIR_02962","VP_126","LNP_0285","lnp_id",1
"PAIR_02963","VP_180","LNP_0262","lnp_id",4
"PAIR_02964","VP_038","LNP_0063","lnp_id",1
"PAIR_02965","VP_193","LNP_0335","lnp_id",1
"PAIR_02966","VP_070","LNP_0202","lnp_id",1
"PAIR_02967","VP_026","LNP_0236","lnp_id",5
"PAIR_02968","VP_004","LNP_0163","lnp_id",1
"PAIR_02969","VP_082","LNP_0291","lnp_id",5
"PAIR_02970","VP_171","LNP_0068","lnp_id",2
"PAIR_02971","VP_116","LNP_0257","lnp_id",3
"PAIR_02972","VP_107","LNP_0192","lnp_id",1
"PAIR_02973","VP_046","LNP_0497","lnp_id",5
"PAIR_02974","VP_158","LNP_0256","lnp_id",2
"PAIR_02975","VP_070","LNP_0135","lnp_id",4
"PAIR_02976","VP_196","LNP_0266","lnp_id",2
"PAIR_02977","VP_012","LNP_0431","lnp_id",2
"PAIR_02978","VP_112","LNP_0115","lnp_id",4
"PAIR_02979","VP_181","LNP_0044","lnp_id",2
"PAIR_02980","VP_029","LNP_0323","lnp_id",5
"PAIR_02981","VP_042","LNP_0428","lnp_id",1
"PAIR_02982","VP_052","LNP_0077","lnp_id",3
"PAIR_02983","VP_135","LNP_0216","lnp_id",1
"PAIR_02984","VP_071","LNP_0497","lnp_id",5
"PAIR_02985","VP_103","LNP_0091","lnp_id",3
"PAIR_02986","VP_112","LNP_0041","lnp_id",1
"PAIR_02987","VP_104","LNP_0332","lnp_id",5
"PAIR_02988","VP_163","LNP_0389","lnp_id",3
"PAIR_02989","VP_134","LNP_0466","lnp_id",3
"PAIR_02990","VP_169","LNP_0049","lnp_id",3
"PAIR_02991","VP_031","LNP_0327","lnp_id",5
"PAIR_02992","VP_130","LNP_0184","lnp_id",5
"PAIR_02993","VP_123","LNP_0434","lnp_id",3
"PAIR_02994","VP_173","LNP_0320","lnp_id",2
"PAIR_02995","VP_120","LNP_0335","lnp_id",1
"PAIR_02996","VP_030","LNP_0305","lnp_id",3
"PAIR_02997","VP_127","LNP_0328","lnp_id",3
"PAIR_02998","VP_001","LNP_0386","lnp_id",1
"PAIR_02999","VP_111","LNP_0227","lnp_id",1
"PAIR_03000","VP_008","LNP_0274","lnp_id",4
"PAIR_03001","VP_062","LNP_0284","lnp_id",2
"PAIR_03002","VP_171","LNP_0353","lnp_id",3
"PAIR_03003","VP_173","LNP_0057","lnp_id",5
"PAIR_03004","VP_045","LNP_0095","lnp_id",2
"PAIR_03005","VP_105","LNP_0312","lnp_id",2
"PAIR_03006","VP_101","LNP_0425","lnp_id",5
"PAIR_03007","VP_116","LNP_0175","lnp_id",1
"PAIR_03008","VP_065","LNP_0070","lnp_id",4
"PAIR_03009","VP_137","LNP_0406","lnp_id",3
"PAIR_03010","VP_031","LNP_0433","lnp_id",1
"PAIR_03011","VP_006","LNP_0212","lnp_id",4
"PAIR_03012","VP_106","LNP_0044","lnp_id",2
"PAIR_03013","VP_070","LNP_0314","lnp_id",3
"PAIR_03014","VP_187","LNP_0299","lnp_id",3
"PAIR_03015","VP_132","LNP_0237","lnp_id",4
"PAIR_03016","VP_011","LNP_0286","lnp_id",4
"PAIR_03017","VP_140","LNP_0324","lnp_id",3
"PAIR_03018","VP_089","LNP_0188","lnp_id",5
"PAIR_03019","VP_091","LNP_0141","lnp_id",5
"PAIR_03020","VP_144","LNP_0106","lnp_id",4
"PAIR_03021","VP_021","LNP_0241","lnp_id",1
"PAIR_03022","VP_031","LNP_0298","lnp_id",3
"PAIR_03023","VP_146","LNP_0107","lnp_id",1
"PAIR_03024","VP_162","LNP_0429","lnp_id",2
"PAIR_03025","VP_146","LNP_0129","lnp_id",3
"PAIR_03026","VP_072","LNP_0103","lnp_id",5
"PAIR_03027","VP_157","LNP_0099","lnp_id",5
"PAIR_03028","VP_037","LNP_0369","lnp_id",2
"PAIR_03029","VP_191","LNP_0292","lnp_id",3
"PAIR_03030","VP_169","LNP_0289","lnp_id",1
"PAIR_03031","VP_099","LNP_0477","lnp_id",5
"PAIR_03032","VP_101","LNP_0333","lnp_id",2
"PAIR_03033","VP_034","LNP_0063","lnp_id",1
"PAIR_03034","VP_191","LNP_0305","lnp_id",3
"PAIR_03035","VP_091","LNP_0034","lnp_id",5
"PAIR_03036","VP_004","LNP_0306","lnp_id",2
"PAIR_03037","VP_094","LNP_0261","lnp_id",1
"PAIR_03038","VP_117","LNP_0391","lnp_id",2
"PAIR_03039","VP_001","LNP_0072","lnp_id",2
"PAIR_03040","VP_097","LNP_0254","lnp_id",2
"PAIR_03041","VP_160","LNP_0328","lnp_id",3
"PAIR_03042","VP_140","LNP_0338","lnp_id",2
"PAIR_03043","VP_075","LNP_0145","lnp_id",3
"PAIR_03044","VP_140","LNP_0467","lnp_id",3
"PAIR_03045","VP_128","LNP_0242","lnp_id",1
"PAIR_03046","VP_011","LNP_0225","lnp_id",1
"PAIR_03047","VP_015","LNP_0217","lnp_id",4
"PAIR_03048","VP_156","LNP_0224","lnp_id",1
"PAIR_03049","VP_126","LNP_0282","lnp_id",1
"PAIR_03050","VP_062","LNP_0257","lnp_id",3
"PAIR_03051","VP_187","LNP_0180","lnp_id",4
"PAIR_03052","VP_151","LNP_0164","lnp_id",4
"PAIR_03053","VP_197","LNP_0306","lnp_id",2
"PAIR_03054","VP_155","LNP_0429","lnp_id",2
"PAIR_03055","VP_183","LNP_0247","lnp_id",1
"PAIR_03056","VP_085","LNP_0104","lnp_id",5
"PAIR_03057","VP_020","LNP_0198","lnp_id",2
"PAIR_03058","VP_163","LNP_0141","lnp_id",5
"PAIR_03059","VP_115","LNP_0147","lnp_id",1
"PAIR_03060","VP_155","LNP_0112","lnp_id",3
"PAIR_03061","VP_067","LNP_0498","lnp_id",4
"PAIR_03062","VP_005","LNP_0096","lnp_id",2
"PAIR_03063","VP_018","LNP_0018","lnp_id",1
"PAIR_03064","VP_184","LNP_0454","lnp_id",5
"PAIR_03065","VP_158","LNP_0137","lnp_id",3
"PAIR_03066","VP_165","LNP_0300","lnp_id",2
"PAIR_03067","VP_195","LNP_0146","lnp_id",1
"PAIR_03068","VP_168","LNP_0239","lnp_id",4
"PAIR_03069","VP_117","LNP_0352","lnp_id",4
"PAIR_03070","VP_077","LNP_0184","lnp_id",5
"PAIR_03071","VP_083","LNP_0285","lnp_id",1
"PAIR_03072","VP_036","LNP_0413","lnp_id",5
"PAIR_03073","VP_059","LNP_0280","lnp_id",1
"PAIR_03074","VP_095","LNP_0171","lnp_id",3
"PAIR_03075","VP_017","LNP_0396","lnp_id",3
"PAIR_03076","VP_196","LNP_0014","lnp_id",5
"PAIR_03077","VP_087","LNP_0479","lnp_id",5
"PAIR_03078","VP_105","LNP_0238","lnp_id",4
"PAIR_03079","VP_142","LNP_0293","lnp_id",4
"PAIR_03080","VP_139","LNP_0273","lnp_id",3
"PAIR_03081","VP_054","LNP_0300","lnp_id",2
"PAIR_03082","VP_133","LNP_0271","lnp_id",4
"PAIR_03083","VP_126","LNP_0347","lnp_id",4
"PAIR_03084","VP_043","LNP_0445","lnp_id",1
"PAIR_03085","VP_012","LNP_0226","lnp_id",2
"PAIR_03086","VP_070","LNP_0342","lnp_id",4
"PAIR_03087","VP_163","LNP_0004","lnp_id",2
"PAIR_03088","VP_015","LNP_0479","lnp_id",5
"PAIR_03089","VP_017","LNP_0245","lnp_id",5
"PAIR_03090","VP_071","LNP_0274","lnp_id",4
"PAIR_03091","VP_193","LNP_0325","lnp_id",4
"PAIR_03092","VP_122","LNP_0375","lnp_id",4
"PAIR_03093","VP_146","LNP_0051","lnp_id",1
"PAIR_03094","VP_067","LNP_0321","lnp_id",2
"PAIR_03095","VP_009","LNP_0111","lnp_id",4
"PAIR_03096","VP_011","LNP_0410","lnp_id",2
"PAIR_03097","VP_148","LNP_0383","lnp_id",1
"PAIR_03098","VP_177","LNP_0162","lnp_id",2
"PAIR_03099","VP_151","LNP_0058","lnp_id",3
"PAIR_03100","VP_123","LNP_0001","lnp_id",1
"PAIR_03101","VP_175","LNP_0219","lnp_id",3
"PAIR_03102","VP_114","LNP_0247","lnp_id",1
"PAIR_03103","VP_154","LNP_0257","lnp_id",3
"PAIR_03104","VP_164","LNP_0345","lnp_id",3
"PAIR_03105","VP_011","LNP_0051","lnp_id",1
"PAIR_03106","VP_172","LNP_0246","lnp_id",2
"PAIR_03107","VP_077","LNP_0009","lnp_id",5
"PAIR_03108","VP_107","LNP_0217","lnp_id",4
"PAIR_03109","VP_200","LNP_0158","lnp_id",5
"PAIR_03110","VP_179","LNP_0039","lnp_id",1
"PAIR_03111","VP_080","LNP_0479","lnp_id",5
"PAIR_03112","VP_079","LNP_0101","lnp_id",2
"PAIR_03113","VP_149","LNP_0341","lnp_id",5
"PAIR_03114","VP_095","LNP_0092","lnp_id",3
"PAIR_03115","VP_052","LNP_0278","lnp_id",4
"PAIR_03116","VP_165","LNP_0347","lnp_id",4
"PAIR_03117","VP_071","LNP_0320","lnp_id",2
"PAIR_03118","VP_031","LNP_0157","lnp_id",3
"PAIR_03119","VP_125","LNP_0128","lnp_id",1
"PAIR_03120","VP_031","LNP_0209","lnp_id",4
"PAIR_03121","VP_178","LNP_0184","lnp_id",5
"PAIR_03122","VP_178","LNP_0455","lnp_id",2
"PAIR_03123","VP_016","LNP_0038","lnp_id",4
"PAIR_03124","VP_011","LNP_0179","lnp_id",4
"PAIR_03125","VP_137","LNP_0297","lnp_id",4
"PAIR_03126","VP_189","LNP_0438","lnp_id",5
"PAIR_03127","VP_001","LNP_0198","lnp_id",2
"PAIR_03128","VP_153","LNP_0464","lnp_id",5
"PAIR_03129","VP_178","LNP_0254","lnp_id",2
"PAIR_03130","VP_155","LNP_0017","lnp_id",4
"PAIR_03131","VP_064","LNP_0252","lnp_id",3
"PAIR_03132","VP_061","LNP_0402","lnp_id",1
"PAIR_03133","VP_156","LNP_0229","lnp_id",1
"PAIR_03134","VP_166","LNP_0446","lnp_id",1
"PAIR_03135","VP_162","LNP_0313","lnp_id",5
"PAIR_03136","VP_028","LNP_0127","lnp_id",1
"PAIR_03137","VP_133","LNP_0087","lnp_id",2
"PAIR_03138","VP_185","LNP_0233","lnp_id",2
"PAIR_03139","VP_116","LNP_0429","lnp_id",2
"PAIR_03140","VP_003","LNP_0166","lnp_id",1
"PAIR_03141","VP_133","LNP_0270","lnp_id",1
"PAIR_03142","VP_157","LNP_0428","lnp_id",1
"PAIR_03143","VP_200","LNP_0157","lnp_id",3
"PAIR_03144","VP_131","LNP_0119","lnp_id",5
"PAIR_03145","VP_046","LNP_0435","lnp_id",1
"PAIR_03146","VP_062","LNP_0300","lnp_id",2
"PAIR_03147","VP_014","LNP_0435","lnp_id",1
"PAIR_03148","VP_195","LNP_0003","lnp_id",4
"PAIR_03149","VP_082","LNP_0014","lnp_id",5
"PAIR_03150","VP_123","LNP_0485","lnp_id",3
"PAIR_03151","VP_077","LNP_0181","lnp_id",3
"PAIR_03152","VP_130","LNP_0270","lnp_id",1
"PAIR_03153","VP_046","LNP_0357","lnp_id",2
"PAIR_03154","VP_114","LNP_0292","lnp_id",3
"PAIR_03155","VP_058","LNP_0163","lnp_id",1
"PAIR_03156","VP_070","LNP_0422","lnp_id",3
"PAIR_03157","VP_016","LNP_0299","lnp_id",3
"PAIR_03158","VP_001","LNP_0082","lnp_id",2
"PAIR_03159","VP_035","LNP_0121","lnp_id",1
"PAIR_03160","VP_160","LNP_0344","lnp_id",5
"PAIR_03161","VP_029","LNP_0107","lnp_id",1
"PAIR_03162","VP_183","LNP_0397","lnp_id",2
"PAIR_03163","VP_119","LNP_0247","lnp_id",1
"PAIR_03164","VP_019","LNP_0021","lnp_id",2
"PAIR_03165","VP_186","LNP_0155","lnp_id",5
"PAIR_03166","VP_012","LNP_0169","lnp_id",1
"PAIR_03167","VP_082","LNP_0119","lnp_id",5
"PAIR_03168","VP_068","LNP_0374","lnp_id",2
"PAIR_03169","VP_149","LNP_0007","lnp_id",3
"PAIR_03170","VP_110","LNP_0155","lnp_id",5
"PAIR_03171","VP_107","LNP_0189","lnp_id",2
"PAIR_03172","VP_159","LNP_0477","lnp_id",5
"PAIR_03173","VP_061","LNP_0122","lnp_id",3
"PAIR_03174","VP_078","LNP_0429","lnp_id",2
"PAIR_03175","VP_200","LNP_0228","lnp_id",1
"PAIR_03176","VP_170","LNP_0066","lnp_id",2
"PAIR_03177","VP_046","LNP_0487","lnp_id",5
"PAIR_03178","VP_159","LNP_0255","lnp_id",4
"PAIR_03179","VP_179","LNP_0279","lnp_id",5
"PAIR_03180","VP_117","LNP_0319","lnp_id",3
"PAIR_03181","VP_056","LNP_0057","lnp_id",5
"PAIR_03182","VP_170","LNP_0391","lnp_id",2
"PAIR_03183","VP_147","LNP_0051","lnp_id",1
"PAIR_03184","VP_175","LNP_0060","lnp_id",3
"PAIR_03185","VP_017","LNP_0359","lnp_id",2
"PAIR_03186","VP_162","LNP_0392","lnp_id",5
"PAIR_03187","VP_186","LNP_0247","lnp_id",1
"PAIR_03188","VP_121","LNP_0181","lnp_id",3
"PAIR_03189","VP_106","LNP_0258","lnp_id",5
"PAIR_03190","VP_177","LNP_0479","lnp_id",5
"PAIR_03191","VP_018","LNP_0204","lnp_id",3
"PAIR_03192","VP_067","LNP_0074","lnp_id",2
"PAIR_03193","VP_186","LNP_0317","lnp_id",4
"PAIR_03194","VP_088","LNP_0499","lnp_id",3
"PAIR_03195","VP_066","LNP_0319","lnp_id",3
"PAIR_03196","VP_173","LNP_0078","lnp_id",1
"PAIR_03197","VP_067","LNP_0408","lnp_id",4
"PAIR_03198","VP_144","LNP_0137","lnp_id",3
"PAIR_03199","VP_149","LNP_0184","lnp_id",5
"PAIR_03200","VP_170","LNP_0187","lnp_id",2
"PAIR_03201","VP_090","LNP_0233","lnp_id",2
"PAIR_03202","VP_046","LNP_0142","lnp_id",4
"PAIR_03203","VP_035","LNP_0411","lnp_id",1
"PAIR_03204","VP_036","LNP_0059","lnp_id",1
"PAIR_03205","VP_065","LNP_0042","lnp_id",4
"PAIR_03206","VP_102","LNP_0152","lnp_id",4
"PAIR_03207","VP_103","LNP_0144","lnp_id",5
"PAIR_03208","VP_026","LNP_0272","lnp_id",1
"PAIR_03209","VP_094","LNP_0100","lnp_id",2
"PAIR_03210","VP_021","LNP_0196","lnp_id",2
"PAIR_03211","VP_164","LNP_0391","lnp_id",2
"PAIR_03212","VP_025","LNP_0306","lnp_id",2
"PAIR_03213","VP_087","LNP_0051","lnp_id",1
"PAIR_03214","VP_183","LNP_0286","lnp_id",4
"PAIR_03215","VP_076","LNP_0393","lnp_id",4
"PAIR_03216","VP_055","LNP_0483","lnp_id",3
"PAIR_03217","VP_007","LNP_0413","lnp_id",5
"PAIR_03218","VP_021","LNP_0079","lnp_id",2
"PAIR_03219","VP_089","LNP_0443","lnp_id",5
"PAIR_03220","VP_152","LNP_0219","lnp_id",3
"PAIR_03221","VP_057","LNP_0047","lnp_id",5
"PAIR_03222","VP_091","LNP_0365","lnp_id",2
"PAIR_03223","VP_111","LNP_0078","lnp_id",1
"PAIR_03224","VP_051","LNP_0244","lnp_id",4
"PAIR_03225","VP_038","LNP_0274","lnp_id",4
"PAIR_03226","VP_051","LNP_0481","lnp_id",1
"PAIR_03227","VP_187","LNP_0048","lnp_id",1
"PAIR_03228","VP_018","LNP_0066","lnp_id",2
"PAIR_03229","VP_142","LNP_0467","lnp_id",3
"PAIR_03230","VP_117","LNP_0023","lnp_id",1
"PAIR_03231","VP_102","LNP_0164","lnp_id",4
"PAIR_03232","VP_176","LNP_0415","lnp_id",2
"PAIR_03233","VP_043","LNP_0354","lnp_id",4
"PAIR_03234","VP_049","LNP_0245","lnp_id",5
"PAIR_03235","VP_168","LNP_0282","lnp_id",1
"PAIR_03236","VP_029","LNP_0107","lnp_id",1
"PAIR_03237","VP_151","LNP_0381","lnp_id",4
"PAIR_03238","VP_071","LNP_0276","lnp_id",5
"PAIR_03239","VP_132","LNP_0442","lnp_id",5
"PAIR_03240","VP_188","LNP_0416","lnp_id",1
"PAIR_03241","VP_154","LNP_0163","lnp_id",1
"PAIR_03242","VP_145","LNP_0005","lnp_id",5
"PAIR_03243","VP_188","LNP_0257","lnp_id",3
"PAIR_03244","VP_158","LNP_0025","lnp_id",3
"PAIR_03245","VP_161","LNP_0147","lnp_id",1
"PAIR_03246","VP_166","LNP_0187","lnp_id",2
"PAIR_03247","VP_162","LNP_0443","lnp_id",5
"PAIR_03248","VP_170","LNP_0359","lnp_id",2
"PAIR_03249","VP_122","LNP_0170","lnp_id",5
"PAIR_03250","VP_050","LNP_0318","lnp_id",3
"PAIR_03251","VP_097","LNP_0354","lnp_id",4
"PAIR_03252","VP_114","LNP_0257","lnp_id",3
"PAIR_03253","VP_162","LNP_0097","lnp_id",5
"PAIR_03254","VP_170","LNP_0293","lnp_id",4
"PAIR_03255","VP_075","LNP_0064","lnp_id",5
"PAIR_03256","VP_158","LNP_0446","lnp_id",1
"PAIR_03257","VP_136","LNP_0421","lnp_id",4
"PAIR_03258","VP_188","LNP_0155","lnp_id",5
"PAIR_03259","VP_183","LNP_0201","lnp_id",3
"PAIR_03260","VP_117","LNP_0338","lnp_id",2
"PAIR_03261","VP_078","LNP_0029","lnp_id",1
"PAIR_03262","VP_132","LNP_0008","lnp_id",4
"PAIR_03263","VP_026","LNP_0225","lnp_id",1
"PAIR_03264","VP_178","LNP_0059","lnp_id",1
"PAIR_03265","VP_108","LNP_0357","lnp_id",2
"PAIR_03266","VP_164","LNP_0485","lnp_id",3
"PAIR_03267","VP_125","LNP_0475","lnp_id",1
"PAIR_03268","VP_081","LNP_0274","lnp_id",4
"PAIR_03269","VP_010","LNP_0480","lnp_id",2
"PAIR_03270","VP_179","LNP_0213","lnp_id",2
"PAIR_03271","VP_122","LNP_0382","lnp_id",3
"PAIR_03272","VP_058","LNP_0257","lnp_id",3
"PAIR_03273","VP_065","LNP_0361","lnp_id",4
"PAIR_03274","VP_142","LNP_0433","lnp_id",1
"PAIR_03275","VP_197","LNP_0348","lnp_id",4
"PAIR_03276","VP_077","LNP_0371","lnp_id",4
"PAIR_03277","VP_079","LNP_0169","lnp_id",1
"PAIR_03278","VP_180","LNP_0378","lnp_id",5
"PAIR_03279","VP_188","LNP_0425","lnp_id",5
"PAIR_03280","VP_084","LNP_0446","lnp_id",1
"PAIR_03281","VP_105","LNP_0462","lnp_id",4
"PAIR_03282","VP_148","LNP_0246","lnp_id",2
"PAIR_03283","VP_199","LNP_0449","lnp_id",3
"PAIR_03284","VP_117","LNP_0168","lnp_id",3
"PAIR_03285","VP_032","LNP_0241","lnp_id",1
"PAIR_03286","VP_172","LNP_0485","lnp_id",3
"PAIR_03287","VP_021","LNP_0333","lnp_id",2
"PAIR_03288","VP_184","LNP_0019","lnp_id",4
"PAIR_03289","VP_160","LNP_0130","lnp_id",4
"PAIR_03290","VP_050","LNP_0294","lnp_id",4
"PAIR_03291","VP_108","LNP_0376","lnp_id",3
"PAIR_03292","VP_167","LNP_0495","lnp_id",2
"PAIR_03293","VP_036","LNP_0361","lnp_id",4
"PAIR_03294","VP_043","LNP_0416","lnp_id",1
"PAIR_03295","VP_034","LNP_0411","lnp_id",1
"PAIR_03296","VP_099","LNP_0306","lnp_id",2
"PAIR_03297","VP_099","LNP_0078","lnp_id",1
"PAIR_03298","VP_005","LNP_0309","lnp_id",2
"PAIR_03299","VP_037","LNP_0471","lnp_id",2
"PAIR_03300","VP_047","LNP_0179","lnp_id",4
"PAIR_03301","VP_004","LNP_0449","lnp_id",3
"PAIR_03302","VP_018","LNP_0139","lnp_id",4
"PAIR_03303","VP_166","LNP_0135","lnp_id",4
"PAIR_03304","VP_035","LNP_0233","lnp_id",2
"PAIR_03305","VP_118","LNP_0167","lnp_id",5
"PAIR_03306","VP_087","LNP_0331","lnp_id",1
"PAIR_03307","VP_106","LNP_0048","lnp_id",1
"PAIR_03308","VP_066","LNP_0165","lnp_id",3
"PAIR_03309","VP_055","LNP_0229","lnp_id",1
"PAIR_03310","VP_097","LNP_0192","lnp_id",1
"PAIR_03311","VP_200","LNP_0237","lnp_id",4
"PAIR_03312","VP_086","LNP_0146","lnp_id",1
"PAIR_03313","VP_082","LNP_0335","lnp_id",1
"PAIR_03314","VP_100","LNP_0418","lnp_id",1
"PAIR_03315","VP_006","LNP_0016","lnp_id",5
"PAIR_03316","VP_182","LNP_0410","lnp_id",2
"PAIR_03317","VP_169","LNP_0211","lnp_id",5
"PAIR_03318","VP_127","LNP_0317","lnp_id",4
"PAIR_03319","VP_077","LNP_0023","lnp_id",1
"PAIR_03320","VP_142","LNP_0266","lnp_id",2
"PAIR_03321","VP_077","LNP_0260","lnp_id",1
"PAIR_03322","VP_009","LNP_0413","lnp_id",5
"PAIR_03323","VP_105","LNP_0153","lnp_id",2
"PAIR_03324","VP_162","LNP_0042","lnp_id",4
"PAIR_03325","VP_076","LNP_0423","lnp_id",4
"PAIR_03326","VP_041","LNP_0048","lnp_id",1
"PAIR_03327","VP_137","LNP_0240","lnp_id",2
"PAIR_03328","VP_082","LNP_0204","lnp_id",3
"PAIR_03329","VP_159","LNP_0017","lnp_id",4
"PAIR_03330","VP_137","LNP_0113","lnp_id",3
"PAIR_03331","VP_104","LNP_0224","lnp_id",1
"PAIR_03332","VP_124","LNP_0068","lnp_id",2
"PAIR_03333","VP_186","LNP_0493","lnp_id",5
"PAIR_03334","VP_165","LNP_0184","lnp_id",5
"PAIR_03335","VP_106","LNP_0207","lnp_id",1
"PAIR_03336","VP_194","LNP_0008","lnp_id",4
"PAIR_03337","VP_020","LNP_0275","lnp_id",2
"PAIR_03338","VP_102","LNP_0337","lnp_id",3
"PAIR_03339","VP_063","LNP_0008","lnp_id",4
"PAIR_03340","VP_100","LNP_0379","lnp_id",4
"PAIR_03341","VP_040","LNP_0110","lnp_id",2
"PAIR_03342","VP_117","LNP_0435","lnp_id",1
"PAIR_03343","VP_016","LNP_0052","lnp_id",3
"PAIR_03344","VP_191","LNP_0004","lnp_id",2
"PAIR_03345","VP_002","LNP_0333","lnp_id",2
"PAIR_03346","VP_172","LNP_0419","lnp_id",4
"PAIR_03347","VP_016","LNP_0220","lnp_id",2
"PAIR_03348","VP_020","LNP_0498","lnp_id",4
"PAIR_03349","VP_065","LNP_0218","lnp_id",3
"PAIR_03350","VP_145","LNP_0153","lnp_id",2
"PAIR_03351","VP_114","LNP_0452","lnp_id",2
"PAIR_03352","VP_009","LNP_0490","lnp_id",5
"PAIR_03353","VP_166","LNP_0409","lnp_id",5
"PAIR_03354","VP_160","LNP_0294","lnp_id",4
"PAIR_03355","VP_089","LNP_0058","lnp_id",3
"PAIR_03356","VP_090","LNP_0447","lnp_id",2
"PAIR_03357","VP_176","LNP_0003","lnp_id",4
"PAIR_03358","VP_032","LNP_0386","lnp_id",1
"PAIR_03359","VP_019","LNP_0386","lnp_id",1
"PAIR_03360","VP_128","LNP_0206","lnp_id",5
"PAIR_03361","VP_079","LNP_0232","lnp_id",4
"PAIR_03362","VP_135","LNP_0288","lnp_id",1
"PAIR_03363","VP_092","LNP_0044","lnp_id",2
"PAIR_03364","VP_131","LNP_0087","lnp_id",2
"PAIR_03365","VP_188","LNP_0204","lnp_id",3
"PAIR_03366","VP_082","LNP_0442","lnp_id",5
"PAIR_03367","VP_051","LNP_0298","lnp_id",3
"PAIR_03368","VP_125","LNP_0146","lnp_id",1
"PAIR_03369","VP_146","LNP_0239","lnp_id",4
"PAIR_03370","VP_025","LNP_0048","lnp_id",1
"PAIR_03371","VP_018","LNP_0106","lnp_id",4
"PAIR_03372","VP_115","LNP_0448","lnp_id",3
"PAIR_03373","VP_127","LNP_0476","lnp_id",1
"PAIR_03374","VP_132","LNP_0117","lnp_id",3
"PAIR_03375","VP_138","LNP_0241","lnp_id",1
"PAIR_03376","VP_019","LNP_0007","lnp_id",3
"PAIR_03377","VP_166","LNP_0095","lnp_id",2
"PAIR_03378","VP_149","LNP_0364","lnp_id",3
"PAIR_03379","VP_164","LNP_0018","lnp_id",1
"PAIR_03380","VP_200","LNP_0211","lnp_id",5
"PAIR_03381","VP_116","LNP_0291","lnp_id",5
"PAIR_03382","VP_071","LNP_0327","lnp_id",5
"PAIR_03383","VP_033","LNP_0175","lnp_id",1
"PAIR_03384","VP_162","LNP_0370","lnp_id",2
"PAIR_03385","VP_013","LNP_0337","lnp_id",3
"PAIR_03386","VP_099","LNP_0023","lnp_id",1
"PAIR_03387","VP_112","LNP_0403","lnp_id",5
"PAIR_03388","VP_109","LNP_0219","lnp_id",3
"PAIR_03389","VP_032","LNP_0428","lnp_id",1
"PAIR_03390","VP_012","LNP_0450","lnp_id",1
"PAIR_03391","VP_004","LNP_0220","lnp_id",2
"PAIR_03392","VP_051","LNP_0073","lnp_id",3
"PAIR_03393","VP_076","LNP_0383","lnp_id",1
"PAIR_03394","VP_112","LNP_0062","lnp_id",2
"PAIR_03395","VP_129","LNP_0201","lnp_id",3
"PAIR_03396","VP_116","LNP_0374","lnp_id",2
"PAIR_03397","VP_089","LNP_0279","lnp_id",5
"PAIR_03398","VP_081","LNP_0078","lnp_id",1
"PAIR_03399","VP_016","LNP_0473","lnp_id",1
"PAIR_03400","VP_002","LNP_0360","lnp_id",5
"PAIR_03401","VP_071","LNP_0328","lnp_id",3
"PAIR_03402","VP_064","LNP_0234","lnp_id",3
"PAIR_03403","VP_031","LNP_0056","lnp_id",1
"PAIR_03404","VP_059","LNP_0224","lnp_id",1
"PAIR_03405","VP_174","LNP_0163","lnp_id",1
"PAIR_03406","VP_187","LNP_0016","lnp_id",5
"PAIR_03407","VP_143","LNP_0084","lnp_id",1
"PAIR_03408","VP_144","LNP_0071","lnp_id",5
"PAIR_03409","VP_039","LNP_0001","lnp_id",1
"PAIR_03410","VP_124","LNP_0365","lnp_id",2
"PAIR_03411","VP_100","LNP_0442","lnp_id",5
"PAIR_03412","VP_032","LNP_0374","lnp_id",2
"PAIR_03413","VP_196","LNP_0490","lnp_id",5
"PAIR_03414","VP_074","LNP_0435","lnp_id",1
"PAIR_03415","VP_010","LNP_0343","lnp_id",2
"PAIR_03416","VP_065","LNP_0206","lnp_id",5
"PAIR_03417","VP_174","LNP_0194","lnp_id",4
"PAIR_03418","VP_100","LNP_0421","lnp_id",4
"PAIR_03419","VP_040","LNP_0477","lnp_id",5
"PAIR_03420","VP_075","LNP_0258","lnp_id",5
"PAIR_03421","VP_006","LNP_0177","lnp_id",4
"PAIR_03422","VP_049","LNP_0493","lnp_id",5
"PAIR_03423","VP_140","LNP_0130","lnp_id",4
"PAIR_03424","VP_055","LNP_0249","lnp_id",1
"PAIR_03425","VP_029","LNP_0075","lnp_id",5
"PAIR_03426","VP_001","LNP_0301","lnp_id",1
"PAIR_03427","VP_195","LNP_0281","lnp_id",3
"PAIR_03428","VP_198","LNP_0474","lnp_id",5
"PAIR_03429","VP_002","LNP_0297","lnp_id",4
"PAIR_03430","VP_200","LNP_0468","lnp_id",4
"PAIR_03431","VP_180","LNP_0360","lnp_id",5
"PAIR_03432","VP_049","LNP_0316","lnp_id",5
"PAIR_03433","VP_064","LNP_0031","lnp_id",4
"PAIR_03434","VP_164","LNP_0251","lnp_id",3
"PAIR_03435","VP_071","LNP_0179","lnp_id",4
"PAIR_03436","VP_090","LNP_0304","lnp_id",2
"PAIR_03437","VP_191","LNP_0340","lnp_id",5
"PAIR_03438","VP_189","LNP_0372","lnp_id",4
"PAIR_03439","VP_178","LNP_0333","lnp_id",2
"PAIR_03440","VP_117","LNP_0434","lnp_id",3
"PAIR_03441","VP_016","LNP_0475","lnp_id",1
"PAIR_03442","VP_152","LNP_0482","lnp_id",3
"PAIR_03443","VP_129","LNP_0164","lnp_id",4
"PAIR_03444","VP_134","LNP_0368","lnp_id",5
"PAIR_03445","VP_200","LNP_0004","lnp_id",2
"PAIR_03446","VP_195","LNP_0186","lnp_id",2
"PAIR_03447","VP_070","LNP_0434","lnp_id",3
"PAIR_03448","VP_123","LNP_0124","lnp_id",3
"PAIR_03449","VP_144","LNP_0435","lnp_id",1
"PAIR_03450","VP_034","LNP_0158","lnp_id",5
"PAIR_03451","VP_014","LNP_0400","lnp_id",3
"PAIR_03452","VP_059","LNP_0058","lnp_id",3
"PAIR_03453","VP_198","LNP_0402","lnp_id",1
"PAIR_03454","VP_023","LNP_0412","lnp_id",3
"PAIR_03455","VP_129","LNP_0421","lnp_id",4
"PAIR_03456","VP_068","LNP_0424","lnp_id",1
"PAIR_03457","VP_155","LNP_0155","lnp_id",5
"PAIR_03458","VP_043","LNP_0140","lnp_id",4
"PAIR_03459","VP_094","LNP_0470","lnp_id",4
"PAIR_03460","VP_030","LNP_0398","lnp_id",5
"PAIR_03461","VP_194","LNP_0442","lnp_id",5
"PAIR_03462","VP_148","LNP_0299","lnp_id",3
"PAIR_03463","VP_020","LNP_0189","lnp_id",2
"PAIR_03464","VP_064","LNP_0062","lnp_id",2
"PAIR_03465","VP_001","LNP_0169","lnp_id",1
"PAIR_03466","VP_032","LNP_0422","lnp_id",3
"PAIR_03467","VP_074","LNP_0250","lnp_id",5
"PAIR_03468","VP_102","LNP_0398","lnp_id",5
"PAIR_03469","VP_185","LNP_0396","lnp_id",3
"PAIR_03470","VP_078","LNP_0368","lnp_id",5
"PAIR_03471","VP_065","LNP_0251","lnp_id",3
"PAIR_03472","VP_167","LNP_0320","lnp_id",2
"PAIR_03473","VP_139","LNP_0154","lnp_id",1
"PAIR_03474","VP_167","LNP_0277","lnp_id",2
"PAIR_03475","VP_029","LNP_0436","lnp_id",2
"PAIR_03476","VP_174","LNP_0078","lnp_id",1
"PAIR_03477","VP_189","LNP_0389","lnp_id",3
"PAIR_03478","VP_069","LNP_0492","lnp_id",5
"PAIR_03479","VP_186","LNP_0065","lnp_id",5
"PAIR_03480","VP_174","LNP_0121","lnp_id",1
"PAIR_03481","VP_044","LNP_0353","lnp_id",3
"PAIR_03482","VP_040","LNP_0362","lnp_id",4
"PAIR_03483","VP_160","LNP_0218","lnp_id",3
"PAIR_03484","VP_071","LNP_0114","lnp_id",2
"PAIR_03485","VP_100","LNP_0481","lnp_id",1
"PAIR_03486","VP_097","LNP_0417","lnp_id",2
"PAIR_03487","VP_162","LNP_0167","lnp_id",5
"PAIR_03488","VP_001","LNP_0007","lnp_id",3
"PAIR_03489","VP_011","LNP_0049","lnp_id",3
"PAIR_03490","VP_168","LNP_0018","lnp_id",1
"PAIR_03491","VP_048","LNP_0065","lnp_id",5
"PAIR_03492","VP_141","LNP_0325","lnp_id",4
"PAIR_03493","VP_017","LNP_0363","lnp_id",2
"PAIR_03494","VP_110","LNP_0015","lnp_id",5
"PAIR_03495","VP_139","LNP_0173","lnp_id",3
"PAIR_03496","VP_192","LNP_0131","lnp_id",1
"PAIR_03497","VP_058","LNP_0112","lnp_id",3
"PAIR_03498","VP_050","LNP_0005","lnp_id",5
"PAIR_03499","VP_142","LNP_0070","lnp_id",4
"PAIR_03500","VP_012","LNP_0389","lnp_id",3
"PAIR_03501","VP_132","LNP_0141","lnp_id",5
"PAIR_03502","VP_113","LNP_0197","lnp_id",5
"PAIR_03503","VP_059","LNP_0383","lnp_id",1
"PAIR_03504","VP_124","LNP_0194","lnp_id",4
"PAIR_03505","VP_043","LNP_0013","lnp_id",2
"PAIR_03506","VP_027","LNP_0115","lnp_id",4
"PAIR_03507","VP_050","LNP_0285","lnp_id",1
"PAIR_03508","VP_076","LNP_0022","lnp_id",2
"PAIR_03509","VP_009","LNP_0301","lnp_id",1
"PAIR_03510","VP_144","LNP_0330","lnp_id",5
"PAIR_03511","VP_126","LNP_0268","lnp_id",3
"PAIR_03512","VP_028","LNP_0205","lnp_id",3
"PAIR_03513","VP_092","LNP_0195","lnp_id",3
"PAIR_03514","VP_124","LNP_0353","lnp_id",3
"PAIR_03515","VP_077","LNP_0498","lnp_id",4
"PAIR_03516","VP_199","LNP_0374","lnp_id",2
"PAIR_03517","VP_118","LNP_0372","lnp_id",4
"PAIR_03518","VP_003","LNP_0016","lnp_id",5
"PAIR_03519","VP_012","LNP_0274","lnp_id",4
"PAIR_03520","VP_088","LNP_0017","lnp_id",4
"PAIR_03521","VP_020","LNP_0273","lnp_id",3
"PAIR_03522","VP_144","LNP_0378","lnp_id",5
"PAIR_03523","VP_033","LNP_0084","lnp_id",1
"PAIR_03524","VP_171","LNP_0286","lnp_id",4
"PAIR_03525","VP_193","LNP_0109","lnp_id",3
"PAIR_03526","VP_180","LNP_0312","lnp_id",2
"PAIR_03527","VP_144","LNP_0428","lnp_id",1
"PAIR_03528","VP_035","LNP_0353","lnp_id",3
"PAIR_03529","VP_015","LNP_0022","lnp_id",2
"PAIR_03530","VP_040","LNP_0350","lnp_id",5
"PAIR_03531","VP_017","LNP_0422","lnp_id",3
"PAIR_03532","VP_022","LNP_0357","lnp_id",2
"PAIR_03533","VP_158","LNP_0418","lnp_id",1
"PAIR_03534","VP_169","LNP_0144","lnp_id",5
"PAIR_03535","VP_106","LNP_0197","lnp_id",5
"PAIR_03536","VP_013","LNP_0348","lnp_id",4
"PAIR_03537","VP_057","LNP_0298","lnp_id",3
"PAIR_03538","VP_101","LNP_0236","lnp_id",5
"PAIR_03539","VP_001","LNP_0077","lnp_id",3
"PAIR_03540","VP_180","LNP_0025","lnp_id",3
"PAIR_03541","VP_031","LNP_0175","lnp_id",1
"PAIR_03542","VP_192","LNP_0481","lnp_id",1
"PAIR_03543","VP_162","LNP_0477","lnp_id",5
"PAIR_03544","VP_042","LNP_0383","lnp_id",1
"PAIR_03545","VP_126","LNP_0325","lnp_id",4
"PAIR_03546","VP_005","LNP_0343","lnp_id",2
"PAIR_03547","VP_131","LNP_0032","lnp_id",2
"PAIR_03548","VP_133","LNP_0178","lnp_id",4
"PAIR_03549","VP_109","LNP_0003","lnp_id",4
"PAIR_03550","VP_077","LNP_0332","lnp_id",5
"PAIR_03551","VP_006","LNP_0181","lnp_id",3
"PAIR_03552","VP_193","LNP_0422","lnp_id",3
"PAIR_03553","VP_074","LNP_0223","lnp_id",4
"PAIR_03554","VP_183","LNP_0286","lnp_id",4
"PAIR_03555","VP_114","LNP_0141","lnp_id",5
"PAIR_03556","VP_153","LNP_0001","lnp_id",1
"PAIR_03557","VP_043","LNP_0310","lnp_id",1
"PAIR_03558","VP_020","LNP_0033","lnp_id",3
"PAIR_03559","VP_143","LNP_0119","lnp_id",5
"PAIR_03560","VP_039","LNP_0226","lnp_id",2
"PAIR_03561","VP_131","LNP_0487","lnp_id",5
"PAIR_03562","VP_088","LNP_0177","lnp_id",4
"PAIR_03563","VP_061","LNP_0433","lnp_id",1
"PAIR_03564","VP_019","LNP_0197","lnp_id",5
"PAIR_03565","VP_165","LNP_0429","lnp_id",2
"PAIR_03566","VP_047","LNP_0189","lnp_id",2
"PAIR_03567","VP_054","LNP_0386","lnp_id",1
"PAIR_03568","VP_007","LNP_0233","lnp_id",2
"PAIR_03569","VP_016","LNP_0007","lnp_id",3
"PAIR_03570","VP_005","LNP_0148","lnp_id",2
"PAIR_03571","VP_152","LNP_0465","lnp_id",2
"PAIR_03572","VP_112","LNP_0207","lnp_id",1
"PAIR_03573","VP_184","LNP_0264","lnp_id",1
"PAIR_03574","VP_115","LNP_0190","lnp_id",4
"PAIR_03575","VP_170","LNP_0370","lnp_id",2
"PAIR_03576","VP_033","LNP_0312","lnp_id",2
"PAIR_03577","VP_116","LNP_0287","lnp_id",5
"PAIR_03578","VP_036","LNP_0207","lnp_id",1
"PAIR_03579","VP_027","LNP_0459","lnp_id",4
"PAIR_03580","VP_191","LNP_0064","lnp_id",5
"PAIR_03581","VP_020","LNP_0382","lnp_id",3
"PAIR_03582","VP_137","LNP_0296","lnp_id",4
"PAIR_03583","VP_069","LNP_0489","lnp_id",2
"PAIR_03584","VP_135","LNP_0382","lnp_id",3
"PAIR_03585","VP_181","LNP_0394","lnp_id",2
"PAIR_03586","VP_033","LNP_0340","lnp_id",5
"PAIR_03587","VP_052","LNP_0247","lnp_id",1
"PAIR_03588","VP_002","LNP_0240","lnp_id",2
"PAIR_03589","VP_107","LNP_0006","lnp_id",4
"PAIR_03590","VP_001","LNP_0222","lnp_id",2
"PAIR_03591","VP_109","LNP_0145","lnp_id",3
"PAIR_03592","VP_159","LNP_0224","lnp_id",1
"PAIR_03593","VP_170","LNP_0193","lnp_id",1
"PAIR_03594","VP_114","LNP_0067","lnp_id",2
"PAIR_03595","VP_004","LNP_0305","lnp_id",3
"PAIR_03596","VP_036","LNP_0374","lnp_id",2
"PAIR_03597","VP_192","LNP_0358","lnp_id",4
"PAIR_03598","VP_162","LNP_0024","lnp_id",4
"PAIR_03599","VP_144","LNP_0142","lnp_id",4
"PAIR_03600","VP_060","LNP_0098","lnp_id",4
"PAIR_03601","VP_144","LNP_0361","lnp_id",4
"PAIR_03602","VP_168","LNP_0237","lnp_id",4
"PAIR_03603","VP_118","LNP_0239","lnp_id",4
"PAIR_03604","VP_099","LNP_0073","lnp_id",3
"PAIR_03605","VP_114","LNP_0334","lnp_id",4
"PAIR_03606","VP_171","LNP_0448","lnp_id",3
"PAIR_03607","VP_145","LNP_0073","lnp_id",3
"PAIR_03608","VP_016","LNP_0036","lnp_id",2
"PAIR_03609","VP_162","LNP_0445","lnp_id",1
"PAIR_03610","VP_008","LNP_0212","lnp_id",4
"PAIR_03611","VP_197","LNP_0452","lnp_id",2
"PAIR_03612","VP_012","LNP_0395","lnp_id",1
"PAIR_03613","VP_187","LNP_0184","lnp_id",5
"PAIR_03614","VP_095","LNP_0233","lnp_id",2
"PAIR_03615","VP_151","LNP_0065","lnp_id",5
"PAIR_03616","VP_194","LNP_0313","lnp_id",5
"PAIR_03617","VP_015","LNP_0385","lnp_id",5
"PAIR_03618","VP_165","LNP_0496","lnp_id",5
"PAIR_03619","VP_041","LNP_0022","lnp_id",2
"PAIR_03620","VP_103","LNP_0065","lnp_id",5
"PAIR_03621","VP_105","LNP_0484","lnp_id",3
"PAIR_03622","VP_073","LNP_0414","lnp_id",4
"PAIR_03623","VP_049","LNP_0190","lnp_id",4
"PAIR_03624","VP_111","LNP_0450","lnp_id",1
"PAIR_03625","VP_039","LNP_0052","lnp_id",3
"PAIR_03626","VP_156","LNP_0199","lnp_id",1
"PAIR_03627","VP_145","LNP_0435","lnp_id",1
"PAIR_03628","VP_165","LNP_0469","lnp_id",3
"PAIR_03629","VP_163","LNP_0359","lnp_id",2
"PAIR_03630","VP_082","LNP_0362","lnp_id",4
"PAIR_03631","VP_189","LNP_0135","lnp_id",4
"PAIR_03632","VP_199","LNP_0351","lnp_id",2
"PAIR_03633","VP_045","LNP_0131","lnp_id",1
"PAIR_03634","VP_159","LNP_0256","lnp_id",2
"PAIR_03635","VP_131","LNP_0421","lnp_id",4
"PAIR_03636","VP_034","LNP_0433","lnp_id",1
"PAIR_03637","VP_025","LNP_0179","lnp_id",4
"PAIR_03638","VP_121","LNP_0455","lnp_id",2
"PAIR_03639","VP_185","LNP_0019","lnp_id",4
"PAIR_03640","VP_123","LNP_0229","lnp_id",1
"PAIR_03641","VP_122","LNP_0365","lnp_id",2
"PAIR_03642","VP_164","LNP_0129","lnp_id",3
"PAIR_03643","VP_135","LNP_0386","lnp_id",1
"PAIR_03644","VP_010","LNP_0353","lnp_id",3
"PAIR_03645","VP_020","LNP_0226","lnp_id",2
"PAIR_03646","VP_062","LNP_0341","lnp_id",5
"PAIR_03647","VP_145","LNP_0111","lnp_id",4
"PAIR_03648","VP_131","LNP_0312","lnp_id",2
"PAIR_03649","VP_180","LNP_0153","lnp_id",2
"PAIR_03650","VP_078","LNP_0244","lnp_id",4
"PAIR_03651","VP_113","LNP_0462","lnp_id",4
"PAIR_03652","VP_101","LNP_0294","lnp_id",4
"PAIR_03653","VP_030","LNP_0055","lnp_id",1
"PAIR_03654","VP_035","LNP_0179","lnp_id",4
"PAIR_03655","VP_017","LNP_0352","lnp_id",4
"PAIR_03656","VP_011","LNP_0406","lnp_id",3
"PAIR_03657","VP_001","LNP_0225","lnp_id",1
"PAIR_03658","VP_073","LNP_0278","lnp_id",4
"PAIR_03659","VP_059","LNP_0325","lnp_id",4
"PAIR_03660","VP_195","LNP_0258","lnp_id",5
"PAIR_03661","VP_180","LNP_0163","lnp_id",1
"PAIR_03662","VP_172","LNP_0003","lnp_id",4
"PAIR_03663","VP_150","LNP_0292","lnp_id",3
"PAIR_03664","VP_044","LNP_0123","lnp_id",2
"PAIR_03665","VP_176","LNP_0291","lnp_id",5
"PAIR_03666","VP_169","LNP_0246","lnp_id",2
"PAIR_03667","VP_094","LNP_0164","lnp_id",4
"PAIR_03668","VP_073","LNP_0219","lnp_id",3
"PAIR_03669","VP_015","LNP_0410","lnp_id",2
"PAIR_03670","VP_174","LNP_0415","lnp_id",2
"PAIR_03671","VP_035","LNP_0142","lnp_id",4
"PAIR_03672","VP_136","LNP_0135","lnp_id",4
"PAIR_03673","VP_048","LNP_0362","lnp_id",4
"PAIR_03674","VP_193","LNP_0406","lnp_id",3
"PAIR_03675","VP_090","LNP_0078","lnp_id",1
"PAIR_03676","VP_107","LNP_0402","lnp_id",1
"PAIR_03677","VP_001","LNP_0428","lnp_id",1
"PAIR_03678","VP_029","LNP_0427","lnp_id",5
"PAIR_03679","VP_062","LNP_0054","lnp_id",2
"PAIR_03680","VP_150","LNP_0137","lnp_id",3
"PAIR_03681","VP_151","LNP_0055","lnp_id",1
"PAIR_03682","VP_031","LNP_0371","lnp_id",4
"PAIR_03683","VP_011","LNP_0442","lnp_id",5
"PAIR_03684","VP_094","LNP_0448","lnp_id",3
"PAIR_03685","VP_037","LNP_0338","lnp_id",2
"PAIR_03686","VP_152","LNP_0222","lnp_id",2
"PAIR_03687","VP_026","LNP_0302","lnp_id",4
"PAIR_03688","VP_113","LNP_0356","lnp_id",5
"PAIR_03689","VP_090","LNP_0195","lnp_id",3
"PAIR_03690","VP_168","LNP_0062","lnp_id",2
"PAIR_03691","VP_003","LNP_0056","lnp_id",1
"PAIR_03692","VP_148","LNP_0028","lnp_id",5
"PAIR_03693","VP_104","LNP_0308","lnp_id",5
"PAIR_03694","VP_085","LNP_0102","lnp_id",3
"PAIR_03695","VP_142","LNP_0245","lnp_id",5
"PAIR_03696","VP_144","LNP_0431","lnp_id",2
"PAIR_03697","VP_091","LNP_0289","lnp_id",1
"PAIR_03698","VP_099","LNP_0467","lnp_id",3
"PAIR_03699","VP_142","LNP_0268","lnp_id",3
"PAIR_03700","VP_090","LNP_0437","lnp_id",1
"PAIR_03701","VP_081","LNP_0468","lnp_id",4
"PAIR_03702","VP_191","LNP_0223","lnp_id",4
"PAIR_03703","VP_159","LNP_0232","lnp_id",4
"PAIR_03704","VP_017","LNP_0104","lnp_id",5
"PAIR_03705","VP_066","LNP_0157","lnp_id",3
"PAIR_03706","VP_016","LNP_0277","lnp_id",2
"PAIR_03707","VP_014","LNP_0378","lnp_id",5
"PAIR_03708","VP_165","LNP_0299","lnp_id",3
"PAIR_03709","VP_126","LNP_0294","lnp_id",4
"PAIR_03710","VP_041","LNP_0107","lnp_id",1
"PAIR_03711","VP_024","LNP_0393","lnp_id",4
"PAIR_03712","VP_127","LNP_0216","lnp_id",1
"PAIR_03713","VP_029","LNP_0259","lnp_id",2
"PAIR_03714","VP_021","LNP_0240","lnp_id",2
"PAIR_03715","VP_091","LNP_0400","lnp_id",3
"PAIR_03716","VP_093","LNP_0148","lnp_id",2
"PAIR_03717","VP_156","LNP_0196","lnp_id",2
"PAIR_03718","VP_138","LNP_0268","lnp_id",3
"PAIR_03719","VP_093","LNP_0136","lnp_id",2
"PAIR_03720","VP_180","LNP_0233","lnp_id",2
"PAIR_03721","VP_146","LNP_0217","lnp_id",4
"PAIR_03722","VP_098","LNP_0258","lnp_id",5
"PAIR_03723","VP_132","LNP_0336","lnp_id",4
"PAIR_03724","VP_169","LNP_0375","lnp_id",4
"PAIR_03725","VP_047","LNP_0060","lnp_id",3
"PAIR_03726","VP_194","LNP_0478","lnp_id",5
"PAIR_03727","VP_068","LNP_0308","lnp_id",5
"PAIR_03728","VP_140","LNP_0446","lnp_id",1
"PAIR_03729","VP_029","LNP_0147","lnp_id",1
"PAIR_03730","VP_178","LNP_0019","lnp_id",4
"PAIR_03731","VP_122","LNP_0150","lnp_id",1
"PAIR_03732","VP_030","LNP_0145","lnp_id",3
"PAIR_03733","VP_068","LNP_0230","lnp_id",5
"PAIR_03734","VP_010","LNP_0440","lnp_id",3
"PAIR_03735","VP_087","LNP_0039","lnp_id",1
"PAIR_03736","VP_172","LNP_0329","lnp_id",3
"PAIR_03737","VP_112","LNP_0305","lnp_id",3
"PAIR_03738","VP_066","LNP_0366","lnp_id",3
"PAIR_03739","VP_032","LNP_0285","lnp_id",1
"PAIR_03740","VP_178","LNP_0332","lnp_id",5
"PAIR_03741","VP_172","LNP_0133","lnp_id",5
"PAIR_03742","VP_006","LNP_0249","lnp_id",1
"PAIR_03743","VP_106","LNP_0256","lnp_id",2
"PAIR_03744","VP_152","LNP_0172","lnp_id",1
"PAIR_03745","VP_128","LNP_0373","lnp_id",4
"PAIR_03746","VP_167","LNP_0222","lnp_id",2
"PAIR_03747","VP_090","LNP_0251","lnp_id",3
"PAIR_03748","VP_042","LNP_0324","lnp_id",3
"PAIR_03749","VP_047","LNP_0186","lnp_id",2
"PAIR_03750","VP_107","LNP_0355","lnp_id",1
"PAIR_03751","VP_138","LNP_0481","lnp_id",1
"PAIR_03752","VP_175","LNP_0412","lnp_id",3
"PAIR_03753","VP_114","LNP_0171","lnp_id",3
"PAIR_03754","VP_161","LNP_0413","lnp_id",5
"PAIR_03755","VP_023","LNP_0457","lnp_id",1
"PAIR_03756","VP_159","LNP_0060","lnp_id",3
"PAIR_03757","VP_150","LNP_0201","lnp_id",3
"PAIR_03758","VP_116","LNP_0354","lnp_id",4
"PAIR_03759","VP_157","LNP_0490","lnp_id",5
"PAIR_03760","VP_158","LNP_0254","lnp_id",2
"PAIR_03761","VP_057","LNP_0468","lnp_id",4
"PAIR_03762","VP_132","LNP_0488","lnp_id",4
"PAIR_03763","VP_071","LNP_0499","lnp_id",3
"PAIR_03764","VP_130","LNP_0132","lnp_id",4
"PAIR_03765","VP_154","LNP_0070","lnp_id",4
"PAIR_03766","VP_124","LNP_0271","lnp_id",4
"PAIR_03767","VP_144","LNP_0232","lnp_id",4
"PAIR_03768","VP_045","LNP_0247","lnp_id",1
"PAIR_03769","VP_052","LNP_0114","lnp_id",2
"PAIR_03770","VP_113","LNP_0224","lnp_id",1
"PAIR_03771","VP_039","LNP_0424","lnp_id",1
"PAIR_03772","VP_034","LNP_0139","lnp_id",4
"PAIR_03773","VP_054","LNP_0419","lnp_id",4
"PAIR_03774","VP_167","LNP_0209","lnp_id",4
"PAIR_03775","VP_036","LNP_0454","lnp_id",5
"PAIR_03776","VP_126","LNP_0489","lnp_id",2
"PAIR_03777","VP_163","LNP_0224","lnp_id",1
"PAIR_03778","VP_049","LNP_0088","lnp_id",1
"PAIR_03779","VP_045","LNP_0260","lnp_id",1
"PAIR_03780","VP_068","LNP_0020","lnp_id",1
"PAIR_03781","VP_192","LNP_0026","lnp_id",1
"PAIR_03782","VP_091","LNP_0258","lnp_id",5
"PAIR_03783","VP_072","LNP_0387","lnp_id",2
"PAIR_03784","VP_067","LNP_0494","lnp_id",4
"PAIR_03785","VP_149","LNP_0326","lnp_id",2
"PAIR_03786","VP_119","LNP_0358","lnp_id",4
"PAIR_03787","VP_158","LNP_0053","lnp_id",5
"PAIR_03788","VP_045","LNP_0111","lnp_id",4
"PAIR_03789","VP_074","LNP_0050","lnp_id",5
"PAIR_03790","VP_037","LNP_0108","lnp_id",2
"PAIR_03791","VP_187","LNP_0474","lnp_id",5
"PAIR_03792","VP_098","LNP_0235","lnp_id",2
"PAIR_03793","VP_004","LNP_0400","lnp_id",3
"PAIR_03794","VP_088","LNP_0189","lnp_id",2
"PAIR_03795","VP_148","LNP_0327","lnp_id",5
"PAIR_03796","VP_171","LNP_0364","lnp_id",3
"PAIR_03797","VP_130","LNP_0387","lnp_id",2
"PAIR_03798","VP_046","LNP_0384","lnp_id",3
"PAIR_03799","VP_100","LNP_0251","lnp_id",3
"PAIR_03800","VP_097","LNP_0006","lnp_id",4
"PAIR_03801","VP_014","LNP_0227","lnp_id",1
"PAIR_03802","VP_134","LNP_0091","lnp_id",3
"PAIR_03803","VP_181","LNP_0087","lnp_id",2
"PAIR_03804","VP_178","LNP_0488","lnp_id",4
"PAIR_03805","VP_191","LNP_0492","lnp_id",5
"PAIR_03806","VP_066","LNP_0268","lnp_id",3
"PAIR_03807","VP_036","LNP_0297","lnp_id",4
"PAIR_03808","VP_160","LNP_0264","lnp_id",1
"PAIR_03809","VP_081","LNP_0240","lnp_id",2
"PAIR_03810","VP_023","LNP_0493","lnp_id",5
"PAIR_03811","VP_108","LNP_0161","lnp_id",1
"PAIR_03812","VP_061","LNP_0231","lnp_id",2
"PAIR_03813","VP_136","LNP_0354","lnp_id",4
"PAIR_03814","VP_066","LNP_0006","lnp_id",4
"PAIR_03815","VP_035","LNP_0104","lnp_id",5
"PAIR_03816","VP_130","LNP_0232","lnp_id",4
"PAIR_03817","VP_107","LNP_0410","lnp_id",2
"PAIR_03818","VP_161","LNP_0468","lnp_id",4
"PAIR_03819","VP_138","LNP_0102","lnp_id",3
"PAIR_03820","VP_158","LNP_0424","lnp_id",1
"PAIR_03821","VP_058","LNP_0259","lnp_id",2
"PAIR_03822","VP_097","LNP_0114","lnp_id",2
"PAIR_03823","VP_111","LNP_0177","lnp_id",4
"PAIR_03824","VP_063","LNP_0368","lnp_id",5
"PAIR_03825","VP_146","LNP_0289","lnp_id",1
"PAIR_03826","VP_132","LNP_0458","lnp_id",4
"PAIR_03827","VP_190","LNP_0135","lnp_id",4
"PAIR_03828","VP_151","LNP_0080","lnp_id",4
"PAIR_03829","VP_002","LNP_0466","lnp_id",3
"PAIR_03830","VP_042","LNP_0403","lnp_id",5
"PAIR_03831","VP_160","LNP_0277","lnp_id",2
"PAIR_03832","VP_096","LNP_0228","lnp_id",1
"PAIR_03833","VP_001","LNP_0363","lnp_id",2
"PAIR_03834","VP_061","LNP_0222","lnp_id",2
"PAIR_03835","VP_193","LNP_0137","lnp_id",3
"PAIR_03836","VP_104","LNP_0234","lnp_id",3
"PAIR_03837","VP_083","LNP_0286","lnp_id",4
"PAIR_03838","VP_040","LNP_0236","lnp_id",5
"PAIR_03839","VP_092","LNP_0447","lnp_id",2
"PAIR_03840","VP_158","LNP_0259","lnp_id",2
"PAIR_03841","VP_033","LNP_0071","lnp_id",5
"PAIR_03842","VP_048","LNP_0244","lnp_id",4
"PAIR_03843","VP_071","LNP_0152","lnp_id",4
"PAIR_03844","VP_023","LNP_0068","lnp_id",2
"PAIR_03845","VP_086","LNP_0269","lnp_id",5
"PAIR_03846","VP_174","LNP_0449","lnp_id",3
"PAIR_03847","VP_185","LNP_0467","lnp_id",3
"PAIR_03848","VP_191","LNP_0189","lnp_id",2
"PAIR_03849","VP_074","LNP_0400","lnp_id",3
"PAIR_03850","VP_158","LNP_0395","lnp_id",1
"PAIR_03851","VP_100","LNP_0158","lnp_id",5
"PAIR_03852","VP_044","LNP_0074","lnp_id",2
"PAIR_03853","VP_140","LNP_0100","lnp_id",2
"PAIR_03854","VP_070","LNP_0247","lnp_id",1
"PAIR_03855","VP_069","LNP_0438","lnp_id",5
"PAIR_03856","VP_183","LNP_0347","lnp_id",4
"PAIR_03857","VP_144","LNP_0427","lnp_id",5
"PAIR_03858","VP_175","LNP_0339","lnp_id",2
"PAIR_03859","VP_125","LNP_0271","lnp_id",4
"PAIR_03860","VP_186","LNP_0059","lnp_id",1
"PAIR_03861","VP_051","LNP_0343","lnp_id",2
"PAIR_03862","VP_009","LNP_0313","lnp_id",5
"PAIR_03863","VP_028","LNP_0250","lnp_id",5
"PAIR_03864","VP_193","LNP_0137","lnp_id",3
"PAIR_03865","VP_050","LNP_0499","lnp_id",3
"PAIR_03866","VP_042","LNP_0078","lnp_id",1
"PAIR_03867","VP_145","LNP_0294","lnp_id",4
"PAIR_03868","VP_178","LNP_0183","lnp_id",4
"PAIR_03869","VP_166","LNP_0009","lnp_id",5
"PAIR_03870","VP_057","LNP_0297","lnp_id",4
"PAIR_03871","VP_075","LNP_0141","lnp_id",5
"PAIR_03872","VP_075","LNP_0016","lnp_id",5
"PAIR_03873","VP_020","LNP_0479","lnp_id",5
"PAIR_03874","VP_167","LNP_0360","lnp_id",5
"PAIR_03875","VP_078","LNP_0340","lnp_id",5
"PAIR_03876","VP_150","LNP_0122","lnp_id",3
"PAIR_03877","VP_150","LNP_0292","lnp_id",3
"PAIR_03878","VP_057","LNP_0262","lnp_id",4
"PAIR_03879","VP_198","LNP_0063","lnp_id",1
"PAIR_03880","VP_152","LNP_0246","lnp_id",2
"PAIR_03881","VP_051","LNP_0415","lnp_id",2
"PAIR_03882","VP_154","LNP_0022","lnp_id",2
"PAIR_03883","VP_130","LNP_0094","lnp_id",1
"PAIR_03884","VP_020","LNP_0382","lnp_id",3
"PAIR_03885","VP_141","LNP_0307","lnp_id",1
"PAIR_03886","VP_047","LNP_0240","lnp_id",2
"PAIR_03887","VP_098","LNP_0161","lnp_id",1
"PAIR_03888","VP_061","LNP_0011","lnp_id",5
"PAIR_03889","VP_188","LNP_0424","lnp_id",1
"PAIR_03890","VP_006","LNP_0290","lnp_id",4
"PAIR_03891","VP_080","LNP_0309","lnp_id",2
"PAIR_03892","VP_079","LNP_0101","lnp_id",2
"PAIR_03893","VP_041","LNP_0360","lnp_id",5
"PAIR_03894","VP_051","LNP_0340","lnp_id",5
"PAIR_03895","VP_098","LNP_0477","lnp_id",5
"PAIR_03896","VP_062","LNP_0156","lnp_id",3
"PAIR_03897","VP_008","LNP_0127","lnp_id",1
"PAIR_03898","VP_005","LNP_0224","lnp_id",1
"PAIR_03899","VP_181","LNP_0493","lnp_id",5
"PAIR_03900","VP_146","LNP_0155","lnp_id",5
"PAIR_03901","VP_094","LNP_0465","lnp_id",2
"PAIR_03902","VP_160","LNP_0206","lnp_id",5
"PAIR_03903","VP_148","LNP_0330","lnp_id",5
"PAIR_03904","VP_078","LNP_0259","lnp_id",2
"PAIR_03905","VP_148","LNP_0308","lnp_id",5
"PAIR_03906","VP_066","LNP_0408","lnp_id",4
"PAIR_03907","VP_117","LNP_0135","lnp_id",4
"PAIR_03908","VP_166","LNP_0133","lnp_id",5
"PAIR_03909","VP_189","LNP_0210","lnp_id",2
"PAIR_03910","VP_107","LNP_0355","lnp_id",1
"PAIR_03911","VP_189","LNP_0175","lnp_id",1
"PAIR_03912","VP_157","LNP_0162","lnp_id",2
"PAIR_03913","VP_071","LNP_0113","lnp_id",3
"PAIR_03914","VP_023","LNP_0418","lnp_id",1
"PAIR_03915","VP_103","LNP_0286","lnp_id",4
"PAIR_03916","VP_007","LNP_0194","lnp_id",4
"PAIR_03917","VP_019","LNP_0362","lnp_id",4
"PAIR_03918","VP_095","LNP_0428","lnp_id",1
"PAIR_03919","VP_042","LNP_0295","lnp_id",4
"PAIR_03920","VP_176","LNP_0482","lnp_id",3
"PAIR_03921","VP_158","LNP_0124","lnp_id",3
"PAIR_03922","VP_150","LNP_0025","lnp_id",3
"PAIR_03923","VP_092","LNP_0119","lnp_id",5
"PAIR_03924","VP_189","LNP_0162","lnp_id",2
"PAIR_03925","VP_001","LNP_0061","lnp_id",1
"PAIR_03926","VP_092","LNP_0045","lnp_id",2
"PAIR_03927","VP_001","LNP_0491","lnp_id",5
"PAIR_03928","VP_052","LNP_0378","lnp_id",5
"PAIR_03929","VP_081","LNP_0122","lnp_id",3
"PAIR_03930","VP_001","LNP_0015","lnp_id",5
"PAIR_03931","VP_066","LNP_0003","lnp_id",4
"PAIR_03932","VP_121","LNP_0311","lnp_id",1
"PAIR_03933","VP_160","LNP_0207","lnp_id",1
"PAIR_03934","VP_065","LNP_0324","lnp_id",3
"PAIR_03935","VP_159","LNP_0477","lnp_id",5
"PAIR_03936","VP_009","LNP_0144","lnp_id",5
"PAIR_03937","VP_127","LNP_0200","lnp_id",5
"PAIR_03938","VP_002","LNP_0381","lnp_id",4
"PAIR_03939","VP_057","LNP_0433","lnp_id",1
"PAIR_03940","VP_190","LNP_0486","lnp_id",3
"PAIR_03941","VP_170","LNP_0393","lnp_id",4
"PAIR_03942","VP_109","LNP_0083","lnp_id",1
"PAIR_03943","VP_066","LNP_0215","lnp_id",1
"PAIR_03944","VP_026","LNP_0101","lnp_id",2
"PAIR_03945","VP_119","LNP_0478","lnp_id",5
"PAIR_03946","VP_126","LNP_0340","lnp_id",5
"PAIR_03947","VP_109","LNP_0217","lnp_id",4
"PAIR_03948","VP_064","LNP_0488","lnp_id",4
"PAIR_03949","VP_059","LNP_0111","lnp_id",4
"PAIR_03950","VP_191","LNP_0116","lnp_id",1
"PAIR_03951","VP_045","LNP_0418","lnp_id",1
"PAIR_03952","VP_076","LNP_0070","lnp_id",4
"PAIR_03953","VP_163","LNP_0295","lnp_id",4
"PAIR_03954","VP_102","LNP_0107","lnp_id",1
"PAIR_03955","VP_030","LNP_0470","lnp_id",4
"PAIR_03956","VP_127","LNP_0186","lnp_id",2
"PAIR_03957","VP_030","LNP_0097","lnp_id",5
"PAIR_03958","VP_087","LNP_0090","lnp_id",5
"PAIR_03959","VP_112","LNP_0370","lnp_id",2
"PAIR_03960","VP_035","LNP_0454","lnp_id",5
"PAIR_03961","VP_087","LNP_0419","lnp_id",4
"PAIR_03962","VP_182","LNP_0432","lnp_id",5
"PAIR_03963","VP_174","LNP_0249","lnp_id",1
"PAIR_03964","VP_177","LNP_0172","lnp_id",1
"PAIR_03965","VP_105","LNP_0252","lnp_id",3
"PAIR_03966","VP_115","LNP_0141","lnp_id",5
"PAIR_03967","VP_031","LNP_0390","lnp_id",3
"PAIR_03968","VP_030","LNP_0327","lnp_id",5
"PAIR_03969","VP_028","LNP_0206","lnp_id",5
"PAIR_03970","VP_181","LNP_0484","lnp_id",3
"PAIR_03971","VP_022","LNP_0379","lnp_id",4
"PAIR_03972","VP_055","LNP_0257","lnp_id",3
"PAIR_03973","VP_149","LNP_0134","lnp_id",1
"PAIR_03974","VP_029","LNP_0402","lnp_id",1
"PAIR_03975","VP_160","LNP_0016","lnp_id",5
"PAIR_03976","VP_196","LNP_0469","lnp_id",3
"PAIR_03977","VP_062","LNP_0470","lnp_id",4
"PAIR_03978","VP_117","LNP_0329","lnp_id",3
"PAIR_03979","VP_195","LNP_0494","lnp_id",4
"PAIR_03980","VP_014","LNP_0045","lnp_id",2
"PAIR_03981","VP_054","LNP_0329","lnp_id",3
"PAIR_03982","VP_109","LNP_0231","lnp_id",2
"PAIR_03983","VP_014","LNP_0033","lnp_id",3
"PAIR_03984","VP_018","LNP_0440","lnp_id",3
"PAIR_03985","VP_180","LNP_0043","lnp_id",3
"PAIR_03986","VP_120","LNP_0209","lnp_id",4
"PAIR_03987","VP_010","LNP_0153","lnp_id",2
"PAIR_03988","VP_030","LNP_0348","lnp_id",4
"PAIR_03989","VP_114","LNP_0119","lnp_id",5
"PAIR_03990","VP_089","LNP_0052","lnp_id",3
"PAIR_03991","VP_080","LNP_0313","lnp_id",5
"PAIR_03992","VP_013","LNP_0076","lnp_id",1
"PAIR_03993","VP_172","LNP_0259","lnp_id",2
"PAIR_03994","VP_154","LNP_0466","lnp_id",3
"PAIR_03995","VP_117","LNP_0223","lnp_id",4
"PAIR_03996","VP_152","LNP_0387","lnp_id",2
"PAIR_03997","VP_095","LNP_0450","lnp_id",1
"PAIR_03998","VP_169","LNP_0416","lnp_id",1
"PAIR_03999","VP_160","LNP_0265","lnp_id",3
"PAIR_04000","VP_027","LNP_0223","lnp_id",4
"PAIR_04001","VP_138","LNP_0286","lnp_id",4
"PAIR_04002","VP_125","LNP_0096","lnp_id",2
"PAIR_04003","VP_138","LNP_0208","lnp_id",5
"PAIR_04004","VP_002","LNP_0002","lnp_id",4
"PAIR_04005","VP_070","LNP_0234","lnp_id",3
"PAIR_04006","VP_057","LNP_0454","lnp_id",5
"PAIR_04007","VP_194","LNP_0377","lnp_id",4
"PAIR_04008","VP_173","LNP_0130","lnp_id",4
"PAIR_04009","VP_111","LNP_0032","lnp_id",2
"PAIR_04010","VP_018","LNP_0349","lnp_id",5
"PAIR_04011","VP_075","LNP_0416","lnp_id",1
"PAIR_04012","VP_128","LNP_0139","lnp_id",4
"PAIR_04013","VP_007","LNP_0169","lnp_id",1
"PAIR_04014","VP_014","LNP_0111","lnp_id",4
"PAIR_04015","VP_056","LNP_0423","lnp_id",4
"PAIR_04016","VP_178","LNP_0240","lnp_id",2
"PAIR_04017","VP_102","LNP_0079","lnp_id",2
"PAIR_04018","VP_162","LNP_0148","lnp_id",2
"PAIR_04019","VP_048","LNP_0057","lnp_id",5
"PAIR_04020","VP_062","LNP_0073","lnp_id",3
"PAIR_04021","VP_118","LNP_0315","lnp_id",3
"PAIR_04022","VP_024","LNP_0322","lnp_id",5
"PAIR_04023","VP_041","LNP_0121","lnp_id",1
"PAIR_04024","VP_001","LNP_0420","lnp_id",4
"PAIR_04025","VP_064","LNP_0117","lnp_id",3
"PAIR_04026","VP_162","LNP_0082","lnp_id",2
"PAIR_04027","VP_189","LNP_0036","lnp_id",2
"PAIR_04028","VP_093","LNP_0318","lnp_id",3
"PAIR_04029","VP_090","LNP_0363","lnp_id",2
"PAIR_04030","VP_166","LNP_0088","lnp_id",1
"PAIR_04031","VP_178","LNP_0335","lnp_id",1
"PAIR_04032","VP_145","LNP_0429","lnp_id",2
"PAIR_04033","VP_098","LNP_0147","lnp_id",1
"PAIR_04034","VP_002","LNP_0413","lnp_id",5
"PAIR_04035","VP_166","LNP_0195","lnp_id",3
"PAIR_04036","VP_102","LNP_0476","lnp_id",1
"PAIR_04037","VP_096","LNP_0231","lnp_id",2
"PAIR_04038","VP_014","LNP_0191","lnp_id",3
"PAIR_04039","VP_129","LNP_0372","lnp_id",4
"PAIR_04040","VP_185","LNP_0243","lnp_id",3
"PAIR_04041","VP_191","LNP_0351","lnp_id",2
"PAIR_04042","VP_189","LNP_0198","lnp_id",2
"PAIR_04043","VP_100","LNP_0024","lnp_id",4
"PAIR_04044","VP_186","LNP_0190","lnp_id",4
"PAIR_04045","VP_020","LNP_0423","lnp_id",4
"PAIR_04046","VP_077","LNP_0447","lnp_id",2
"PAIR_04047","VP_047","LNP_0073","lnp_id",3
"PAIR_04048","VP_171","LNP_0133","lnp_id",5
"PAIR_04049","VP_039","LNP_0327","lnp_id",5
"PAIR_04050","VP_185","LNP_0125","lnp_id",5
"PAIR_04051","VP_119","LNP_0365","lnp_id",2
"PAIR_04052","VP_059","LNP_0078","lnp_id",1
"PAIR_04053","VP_186","LNP_0055","lnp_id",1
"PAIR_04054","VP_022","LNP_0168","lnp_id",3
"PAIR_04055","VP_044","LNP_0465","lnp_id",2
"PAIR_04056","VP_126","LNP_0197","lnp_id",5
"PAIR_04057","VP_185","LNP_0342","lnp_id",4
"PAIR_04058","VP_164","LNP_0291","lnp_id",5
"PAIR_04059","VP_081","LNP_0397","lnp_id",2
"PAIR_04060","VP_070","LNP_0173","lnp_id",3
"PAIR_04061","VP_162","LNP_0328","lnp_id",3
"PAIR_04062","VP_061","LNP_0150","lnp_id",1
"PAIR_04063","VP_166","LNP_0480","lnp_id",2
"PAIR_04064","VP_175","LNP_0198","lnp_id",2
"PAIR_04065","VP_078","LNP_0436","lnp_id",2
"PAIR_04066","VP_136","LNP_0275","lnp_id",2
"PAIR_04067","VP_035","LNP_0398","lnp_id",5
"PAIR_04068","VP_183","LNP_0472","lnp_id",1
"PAIR_04069","VP_168","LNP_0049","lnp_id",3
"PAIR_04070","VP_072","LNP_0405","lnp_id",4
"PAIR_04071","VP_134","LNP_0067","lnp_id",2
"PAIR_04072","VP_154","LNP_0383","lnp_id",1
"PAIR_04073","VP_180","LNP_0175","lnp_id",1
"PAIR_04074","VP_171","LNP_0082","lnp_id",2
"PAIR_04075","VP_004","LNP_0445","lnp_id",1
"PAIR_04076","VP_011","LNP_0324","lnp_id",3
"PAIR_04077","VP_121","LNP_0304","lnp_id",2
"PAIR_04078","VP_148","LNP_0455","lnp_id",2
"PAIR_04079","VP_152","LNP_0164","lnp_id",4
"PAIR_04080","VP_087","LNP_0400","lnp_id",3
"PAIR_04081","VP_122","LNP_0139","lnp_id",4
"PAIR_04082","VP_004","LNP_0312","lnp_id",2
"PAIR_04083","VP_132","LNP_0386","lnp_id",1
"PAIR_04084","VP_064","LNP_0347","lnp_id",4
"PAIR_04085","VP_099","LNP_0060","lnp_id",3
"PAIR_04086","VP_129","LNP_0091","lnp_id",3
"PAIR_04087","VP_015","LNP_0385","lnp_id",5
"PAIR_04088","VP_080","LNP_0061","lnp_id",1
"PAIR_04089","VP_082","LNP_0028","lnp_id",5
"PAIR_04090","VP_011","LNP_0115","lnp_id",4
"PAIR_04091","VP_057","LNP_0170","lnp_id",5
"PAIR_04092","VP_161","LNP_0020","lnp_id",1
"PAIR_04093","VP_141","LNP_0273","lnp_id",3
"PAIR_04094","VP_001","LNP_0039","lnp_id",1
"PAIR_04095","VP_191","LNP_0475","lnp_id",1
"PAIR_04096","VP_116","LNP_0247","lnp_id",1
"PAIR_04097","VP_064","LNP_0202","lnp_id",1
"PAIR_04098","VP_035","LNP_0202","lnp_id",1
"PAIR_04099","VP_020","LNP_0222","lnp_id",2
"PAIR_04100","VP_076","LNP_0101","lnp_id",2
"PAIR_04101","VP_080","LNP_0335","lnp_id",1
"PAIR_04102","VP_087","LNP_0045","lnp_id",2
"PAIR_04103","VP_130","LNP_0278","lnp_id",4
"PAIR_04104","VP_068","LNP_0297","lnp_id",4
"PAIR_04105","VP_182","LNP_0491","lnp_id",5
"PAIR_04106","VP_197","LNP_0360","lnp_id",5
"PAIR_04107","VP_083","LNP_0184","lnp_id",5
"PAIR_04108","VP_192","LNP_0497","lnp_id",5
"PAIR_04109","VP_063","LNP_0252","lnp_id",3
"PAIR_04110","VP_035","LNP_0453","lnp_id",4
"PAIR_04111","VP_034","LNP_0222","lnp_id",2
"PAIR_04112","VP_084","LNP_0010","lnp_id",4
"PAIR_04113","VP_154","LNP_0390","lnp_id",3
"PAIR_04114","VP_170","LNP_0209","lnp_id",4
"PAIR_04115","VP_191","LNP_0146","lnp_id",1
"PAIR_04116","VP_057","LNP_0399","lnp_id",3
"PAIR_04117","VP_119","LNP_0039","lnp_id",1
"PAIR_04118","VP_005","LNP_0407","lnp_id",4
"PAIR_04119","VP_179","LNP_0307","lnp_id",1
"PAIR_04120","VP_022","LNP_0053","lnp_id",5
"PAIR_04121","VP_004","LNP_0016","lnp_id",5
"PAIR_04122","VP_096","LNP_0220","lnp_id",2
"PAIR_04123","VP_143","LNP_0231","lnp_id",2
"PAIR_04124","VP_131","LNP_0041","lnp_id",1
"PAIR_04125","VP_079","LNP_0388","lnp_id",5
"PAIR_04126","VP_088","LNP_0324","lnp_id",3
"PAIR_04127","VP_171","LNP_0395","lnp_id",1
"PAIR_04128","VP_040","LNP_0475","lnp_id",1
"PAIR_04129","VP_034","LNP_0445","lnp_id",1
"PAIR_04130","VP_050","LNP_0285","lnp_id",1
"PAIR_04131","VP_147","LNP_0364","lnp_id",3
"PAIR_04132","VP_046","LNP_0495","lnp_id",2
"PAIR_04133","VP_170","LNP_0141","lnp_id",5
"PAIR_04134","VP_003","LNP_0268","lnp_id",3
"PAIR_04135","VP_130","LNP_0462","lnp_id",4
"PAIR_04136","VP_038","LNP_0456","lnp_id",2
"PAIR_04137","VP_160","LNP_0021","lnp_id",2
"PAIR_04138","VP_181","LNP_0294","lnp_id",4
"PAIR_04139","VP_075","LNP_0413","lnp_id",5
"PAIR_04140","VP_127","LNP_0393","lnp_id",4
"PAIR_04141","VP_128","LNP_0208","lnp_id",5
"PAIR_04142","VP_146","LNP_0047","lnp_id",5
"PAIR_04143","VP_030","LNP_0332","lnp_id",5
"PAIR_04144","VP_135","LNP_0209","lnp_id",4
"PAIR_04145","VP_013","LNP_0455","lnp_id",2
"PAIR_04146","VP_075","LNP_0018","lnp_id",1
"PAIR_04147","VP_077","LNP_0065","lnp_id",5
"PAIR_04148","VP_010","LNP_0115","lnp_id",4
"PAIR_04149","VP_144","LNP_0483","lnp_id",3
"PAIR_04150","VP_181","LNP_0237","lnp_id",4
"PAIR_04151","VP_129","LNP_0380","lnp_id",5
"PAIR_04152","VP_057","LNP_0290","lnp_id",4
"PAIR_04153","VP_007","LNP_0054","lnp_id",2
"PAIR_04154","VP_163","LNP_0007","lnp_id",3
"PAIR_04155","VP_094","LNP_0231","lnp_id",2
"PAIR_04156","VP_080","LNP_0450","lnp_id",1
"PAIR_04157","VP_074","LNP_0037","lnp_id",5
"PAIR_04158","VP_081","LNP_0279","lnp_id",5
"PAIR_04159","VP_065","LNP_0023","lnp_id",1
"PAIR_04160","VP_060","LNP_0033","lnp_id",3
"PAIR_04161","VP_060","LNP_0227","lnp_id",1
"PAIR_04162","VP_153","LNP_0323","lnp_id",5
"PAIR_04163","VP_186","LNP_0008","lnp_id",4
"PAIR_04164","VP_182","LNP_0120","lnp_id",4
"PAIR_04165","VP_130","LNP_0046","lnp_id",3
"PAIR_04166","VP_162","LNP_0423","lnp_id",4
"PAIR_04167","VP_037","LNP_0165","lnp_id",3
"PAIR_04168","VP_069","LNP_0422","lnp_id",3
"PAIR_04169","VP_115","LNP_0299","lnp_id",3
"PAIR_04170","VP_071","LNP_0483","lnp_id",3
"PAIR_04171","VP_034","LNP_0287","lnp_id",5
"PAIR_04172","VP_190","LNP_0404","lnp_id",3
"PAIR_04173","VP_036","LNP_0434","lnp_id",3
"PAIR_04174","VP_108","LNP_0087","lnp_id",2
"PAIR_04175","VP_048","LNP_0190","lnp_id",4
"PAIR_04176","VP_188","LNP_0129","lnp_id",3
"PAIR_04177","VP_147","LNP_0115","lnp_id",4
"PAIR_04178","VP_097","LNP_0202","lnp_id",1
"PAIR_04179","VP_020","LNP_0217","lnp_id",4
"PAIR_04180","VP_086","LNP_0352","lnp_id",4
"PAIR_04181","VP_015","LNP_0300","lnp_id",2
"PAIR_04182","VP_011","LNP_0231","lnp_id",2
"PAIR_04183","VP_050","LNP_0414","lnp_id",4
"PAIR_04184","VP_177","LNP_0001","lnp_id",1
"PAIR_04185","VP_067","LNP_0406","lnp_id",3
"PAIR_04186","VP_125","LNP_0078","lnp_id",1
"PAIR_04187","VP_024","LNP_0184","lnp_id",5
"PAIR_04188","VP_190","LNP_0475","lnp_id",1
"PAIR_04189","VP_068","LNP_0335","lnp_id",1
"PAIR_04190","VP_033","LNP_0059","lnp_id",1
"PAIR_04191","VP_141","LNP_0223","lnp_id",4
"PAIR_04192","VP_177","LNP_0485","lnp_id",3
"PAIR_04193","VP_117","LNP_0421","lnp_id",4
"PAIR_04194","VP_112","LNP_0472","lnp_id",1
"PAIR_04195","VP_053","LNP_0146","lnp_id",1
"PAIR_04196","VP_120","LNP_0321","lnp_id",2
"PAIR_04197","VP_095","LNP_0036","lnp_id",2
"PAIR_04198","VP_187","LNP_0212","lnp_id",4
"PAIR_04199","VP_070","LNP_0352","lnp_id",4
"PAIR_04200","VP_120","LNP_0022","lnp_id",2
"PAIR_04201","VP_135","LNP_0460","lnp_id",3
"PAIR_04202","VP_167","LNP_0486","lnp_id",3
"PAIR_04203","VP_188","LNP_0395","lnp_id",1
"PAIR_04204","VP_063","LNP_0296","lnp_id",4
"PAIR_04205","VP_060","LNP_0431","lnp_id",2
"PAIR_04206","VP_054","LNP_0421","lnp_id",4
"PAIR_04207","VP_149","LNP_0004","lnp_id",2
"PAIR_04208","VP_089","LNP_0079","lnp_id",2
"PAIR_04209","VP_084","LNP_0257","lnp_id",3
"PAIR_04210","VP_175","LNP_0263","lnp_id",2
"PAIR_04211","VP_005","LNP_0299","lnp_id",3
"PAIR_04212","VP_095","LNP_0194","lnp_id",4
"PAIR_04213","VP_048","LNP_0203","lnp_id",4
"PAIR_04214","VP_161","LNP_0135","lnp_id",4
"PAIR_04215","VP_010","LNP_0438","lnp_id",5
"PAIR_04216","VP_015","LNP_0126","lnp_id",1
"PAIR_04217","VP_051","LNP_0257","lnp_id",3
"PAIR_04218","VP_117","LNP_0146","lnp_id",1
"PAIR_04219","VP_126","LNP_0357","lnp_id",2
"PAIR_04220","VP_021","LNP_0375","lnp_id",4
"PAIR_04221","VP_004","LNP_0256","lnp_id",2
"PAIR_04222","VP_047","LNP_0384","lnp_id",3
"PAIR_04223","VP_117","LNP_0465","lnp_id",2
"PAIR_04224","VP_095","LNP_0135","lnp_id",4
"PAIR_04225","VP_146","LNP_0319","lnp_id",3
"PAIR_04226","VP_059","LNP_0316","lnp_id",5
"PAIR_04227","VP_009","LNP_0241","lnp_id",1
"PAIR_04228","VP_053","LNP_0132","lnp_id",4
"PAIR_04229","VP_097","LNP_0399","lnp_id",3
"PAIR_04230","VP_161","LNP_0331","lnp_id",1
"PAIR_04231","VP_091","LNP_0291","lnp_id",5
"PAIR_04232","VP_008","LNP_0420","lnp_id",4
"PAIR_04233","VP_113","LNP_0249","lnp_id",1
"PAIR_04234","VP_035","LNP_0427","lnp_id",5
"PAIR_04235","VP_028","LNP_0144","lnp_id",5
"PAIR_04236","VP_082","LNP_0279","lnp_id",5
"PAIR_04237","VP_152","LNP_0177","lnp_id",4
"PAIR_04238","VP_096","LNP_0013","lnp_id",2
"PAIR_04239","VP_115","LNP_0014","lnp_id",5
"PAIR_04240","VP_182","LNP_0074","lnp_id",2
"PAIR_04241","VP_165","LNP_0235","lnp_id",2
"PAIR_04242","VP_132","LNP_0089","lnp_id",2
"PAIR_04243","VP_104","LNP_0032","lnp_id",2
"PAIR_04244","VP_016","LNP_0465","lnp_id",2
"PAIR_04245","VP_030","LNP_0490","lnp_id",5
"PAIR_04246","VP_132","LNP_0134","lnp_id",1
"PAIR_04247","VP_138","LNP_0009","lnp_id",5
"PAIR_04248","VP_025","LNP_0406","lnp_id",3
"PAIR_04249","VP_019","LNP_0010","lnp_id",4
"PAIR_04250","VP_181","LNP_0224","lnp_id",1
"PAIR_04251","VP_103","LNP_0145","lnp_id",3
"PAIR_04252","VP_024","LNP_0142","lnp_id",4
"PAIR_04253","VP_057","LNP_0076","lnp_id",1
"PAIR_04254","VP_019","LNP_0347","lnp_id",4
"PAIR_04255","VP_128","LNP_0125","lnp_id",5
"PAIR_04256","VP_168","LNP_0045","lnp_id",2
"PAIR_04257","VP_050","LNP_0287","lnp_id",5
"PAIR_04258","VP_014","LNP_0001","lnp_id",1
"PAIR_04259","VP_178","LNP_0465","lnp_id",2
"PAIR_04260","VP_170","LNP_0404","lnp_id",3
"PAIR_04261","VP_140","LNP_0292","lnp_id",3
"PAIR_04262","VP_047","LNP_0429","lnp_id",2
"PAIR_04263","VP_121","LNP_0327","lnp_id",5
"PAIR_04264","VP_044","LNP_0292","lnp_id",3
"PAIR_04265","VP_134","LNP_0397","lnp_id",2
"PAIR_04266","VP_130","LNP_0277","lnp_id",2
"PAIR_04267","VP_107","LNP_0402","lnp_id",1
"PAIR_04268","VP_083","LNP_0244","lnp_id",4
"PAIR_04269","VP_110","LNP_0383","lnp_id",1
"PAIR_04270","VP_123","LNP_0222","lnp_id",2
"PAIR_04271","VP_178","LNP_0324","lnp_id",3
"PAIR_04272","VP_146","LNP_0332","lnp_id",5
"PAIR_04273","VP_182","LNP_0415","lnp_id",2
"PAIR_04274","VP_029","LNP_0254","lnp_id",2
"PAIR_04275","VP_113","LNP_0223","lnp_id",4
"PAIR_04276","VP_088","LNP_0294","lnp_id",4
"PAIR_04277","VP_085","LNP_0234","lnp_id",3
"PAIR_04278","VP_081","LNP_0431","lnp_id",2
"PAIR_04279","VP_139","LNP_0046","lnp_id",3
"PAIR_04280","VP_032","LNP_0228","lnp_id",1
"PAIR_04281","VP_104","LNP_0445","lnp_id",1
"PAIR_04282","VP_079","LNP_0043","lnp_id",3
"PAIR_04283","VP_079","LNP_0482","lnp_id",3
"PAIR_04284","VP_072","LNP_0073","lnp_id",3
"PAIR_04285","VP_154","LNP_0264","lnp_id",1
"PAIR_04286","VP_113","LNP_0249","lnp_id",1
"PAIR_04287","VP_185","LNP_0448","lnp_id",3
"PAIR_04288","VP_182","LNP_0487","lnp_id",5
"PAIR_04289","VP_018","LNP_0012","lnp_id",3
"PAIR_04290","VP_166","LNP_0364","lnp_id",3
"PAIR_04291","VP_148","LNP_0072","lnp_id",2
"PAIR_04292","VP_086","LNP_0382","lnp_id",3
"PAIR_04293","VP_174","LNP_0303","lnp_id",4
"PAIR_04294","VP_096","LNP_0293","lnp_id",4
"PAIR_04295","VP_134","LNP_0381","lnp_id",4
"PAIR_04296","VP_195","LNP_0325","lnp_id",4
"PAIR_04297","VP_002","LNP_0179","lnp_id",4
"PAIR_04298","VP_136","LNP_0393","lnp_id",4
"PAIR_04299","VP_159","LNP_0010","lnp_id",4
"PAIR_04300","VP_108","LNP_0416","lnp_id",1
"PAIR_04301","VP_052","LNP_0302","lnp_id",4
"PAIR_04302","VP_025","LNP_0301","lnp_id",1
"PAIR_04303","VP_118","LNP_0259","lnp_id",2
"PAIR_04304","VP_093","LNP_0446","lnp_id",1
"PAIR_04305","VP_028","LNP_0481","lnp_id",1
"PAIR_04306","VP_178","LNP_0300","lnp_id",2
"PAIR_04307","VP_093","LNP_0337","lnp_id",3
"PAIR_04308","VP_129","LNP_0496","lnp_id",5
"PAIR_04309","VP_031","LNP_0082","lnp_id",2
"PAIR_04310","VP_089","LNP_0435","lnp_id",1
"PAIR_04311","VP_104","LNP_0189","lnp_id",2
"PAIR_04312","VP_062","LNP_0280","lnp_id",1
"PAIR_04313","VP_006","LNP_0329","lnp_id",3
"PAIR_04314","VP_056","LNP_0258","lnp_id",5
"PAIR_04315","VP_020","LNP_0124","lnp_id",3
"PAIR_04316","VP_092","LNP_0348","lnp_id",4
"PAIR_04317","VP_050","LNP_0428","lnp_id",1
"PAIR_04318","VP_181","LNP_0131","lnp_id",1
"PAIR_04319","VP_005","LNP_0407","lnp_id",4
"PAIR_04320","VP_077","LNP_0289","lnp_id",1
"PAIR_04321","VP_009","LNP_0348","lnp_id",4
"PAIR_04322","VP_174","LNP_0216","lnp_id",1
"PAIR_04323","VP_093","LNP_0100","lnp_id",2
"PAIR_04324","VP_110","LNP_0300","lnp_id",2
"PAIR_04325","VP_076","LNP_0482","lnp_id",3
"PAIR_04326","VP_124","LNP_0221","lnp_id",3
"PAIR_04327","VP_187","LNP_0481","lnp_id",1
"PAIR_04328","VP_094","LNP_0261","lnp_id",1
"PAIR_04329","VP_074","LNP_0297","lnp_id",4
"PAIR_04330","VP_105","LNP_0002","lnp_id",4
"PAIR_04331","VP_010","LNP_0007","lnp_id",3
"PAIR_04332","VP_074","LNP_0153","lnp_id",2
"PAIR_04333","VP_062","LNP_0236","lnp_id",5
"PAIR_04334","VP_090","LNP_0443","lnp_id",5
"PAIR_04335","VP_199","LNP_0264","lnp_id",1
"PAIR_04336","VP_145","LNP_0216","lnp_id",1
"PAIR_04337","VP_095","LNP_0258","lnp_id",5
"PAIR_04338","VP_061","LNP_0190","lnp_id",4
"PAIR_04339","VP_049","LNP_0358","lnp_id",4
"PAIR_04340","VP_105","LNP_0439","lnp_id",1
"PAIR_04341","VP_127","LNP_0066","lnp_id",2
"PAIR_04342","VP_032","LNP_0315","lnp_id",3
"PAIR_04343","VP_125","LNP_0333","lnp_id",2
"PAIR_04344","VP_038","LNP_0184","lnp_id",5
"PAIR_04345","VP_163","LNP_0473","lnp_id",1
"PAIR_04346","VP_132","LNP_0178","lnp_id",4
"PAIR_04347","VP_167","LNP_0457","lnp_id",1
"PAIR_04348","VP_132","LNP_0282","lnp_id",1
"PAIR_04349","VP_151","LNP_0362","lnp_id",4
"PAIR_04350","VP_173","LNP_0155","lnp_id",5
"PAIR_04351","VP_127","LNP_0388","lnp_id",5
"PAIR_04352","VP_199","LNP_0229","lnp_id",1
"PAIR_04353","VP_168","LNP_0319","lnp_id",3
"PAIR_04354","VP_059","LNP_0494","lnp_id",4
"PAIR_04355","VP_174","LNP_0252","lnp_id",3
"PAIR_04356","VP_037","LNP_0320","lnp_id",2
"PAIR_04357","VP_129","LNP_0074","lnp_id",2
"PAIR_04358","VP_071","LNP_0281","lnp_id",3
"PAIR_04359","VP_129","LNP_0285","lnp_id",1
"PAIR_04360","VP_199","LNP_0146","lnp_id",1
"PAIR_04361","VP_104","LNP_0002","lnp_id",4
"PAIR_04362","VP_176","LNP_0247","lnp_id",1
"PAIR_04363","VP_077","LNP_0394","lnp_id",2
"PAIR_04364","VP_130","LNP_0142","lnp_id",4
"PAIR_04365","VP_086","LNP_0416","lnp_id",1
"PAIR_04366","VP_077","LNP_0278","lnp_id",4
"PAIR_04367","VP_058","LNP_0013","lnp_id",2
"PAIR_04368","VP_109","LNP_0153","lnp_id",2
"PAIR_04369","VP_039","LNP_0048","lnp_id",1
"PAIR_04370","VP_093","LNP_0026","lnp_id",1
"PAIR_04371","VP_065","LNP_0311","lnp_id",1
"PAIR_04372","VP_103","LNP_0374","lnp_id",2
"PAIR_04373","VP_014","LNP_0453","lnp_id",4
"PAIR_04374","VP_183","LNP_0219","lnp_id",3
"PAIR_04375","VP_060","LNP_0200","lnp_id",5
"PAIR_04376","VP_077","LNP_0360","lnp_id",5
"PAIR_04377","VP_112","LNP_0476","lnp_id",1
"PAIR_04378","VP_045","LNP_0163","lnp_id",1
"PAIR_04379","VP_195","LNP_0035","lnp_id",5
"PAIR_04380","VP_155","LNP_0056","lnp_id",1
"PAIR_04381","VP_152","LNP_0382","lnp_id",3
"PAIR_04382","VP_017","LNP_0186","lnp_id",2
"PAIR_04383","VP_147","LNP_0442","lnp_id",5
"PAIR_04384","VP_153","LNP_0277","lnp_id",2
"PAIR_04385","VP_020","LNP_0345","lnp_id",3
"PAIR_04386","VP_052","LNP_0222","lnp_id",2
"PAIR_04387","VP_120","LNP_0376","lnp_id",3
"PAIR_04388","VP_035","LNP_0215","lnp_id",1
"PAIR_04389","VP_078","LNP_0374","lnp_id",2
"PAIR_04390","VP_139","LNP_0272","lnp_id",1
"PAIR_04391","VP_132","LNP_0195","lnp_id",3
"PAIR_04392","VP_188","LNP_0015","lnp_id",5
"PAIR_04393","VP_082","LNP_0189","lnp_id",2
"PAIR_04394","VP_186","LNP_0348","lnp_id",4
"PAIR_04395","VP_119","LNP_0435","lnp_id",1
"PAIR_04396","VP_046","LNP_0049","lnp_id",3
"PAIR_04397","VP_109","LNP_0259","lnp_id",2
"PAIR_04398","VP_150","LNP_0275","lnp_id",2
"PAIR_04399","VP_036","LNP_0225","lnp_id",1
"PAIR_04400","VP_121","LNP_0105","lnp_id",5
"PAIR_04401","VP_067","LNP_0306","lnp_id",2
"PAIR_04402","VP_104","LNP_0283","lnp_id",1
"PAIR_04403","VP_128","LNP_0312","lnp_id",2
"PAIR_04404","VP_119","LNP_0276","lnp_id",5
"PAIR_04405","VP_087","LNP_0492","lnp_id",5
"PAIR_04406","VP_098","LNP_0184","lnp_id",5
"PAIR_04407","VP_192","LNP_0274","lnp_id",4
"PAIR_04408","VP_139","LNP_0481","lnp_id",1
"PAIR_04409","VP_071","LNP_0368","lnp_id",5
"PAIR_04410","VP_028","LNP_0319","lnp_id",3
"PAIR_04411","VP_181","LNP_0414","lnp_id",4
"PAIR_04412","VP_113","LNP_0335","lnp_id",1
"PAIR_04413","VP_128","LNP_0191","lnp_id",3
"PAIR_04414","VP_162","LNP_0265","lnp_id",3
"PAIR_04415","VP_181","LNP_0266","lnp_id",2
"PAIR_04416","VP_198","LNP_0399","lnp_id",3
"PAIR_04417","VP_054","LNP_0184","lnp_id",5
"PAIR_04418","VP_076","LNP_0354","lnp_id",4
"PAIR_04419","VP_013","LNP_0397","lnp_id",2
"PAIR_04420","VP_140","LNP_0018","lnp_id",1
"PAIR_04421","VP_013","LNP_0436","lnp_id",2
"PAIR_04422","VP_065","LNP_0063","lnp_id",1
"PAIR_04423","VP_124","LNP_0181","lnp_id",3
"PAIR_04424","VP_040","LNP_0363","lnp_id",2
"PAIR_04425","VP_168","LNP_0220","lnp_id",2
"PAIR_04426","VP_100","LNP_0422","lnp_id",3
"PAIR_04427","VP_089","LNP_0026","lnp_id",1
"PAIR_04428","VP_068","LNP_0212","lnp_id",4
"PAIR_04429","VP_175","LNP_0448","lnp_id",3
"PAIR_04430","VP_176","LNP_0308","lnp_id",5
"PAIR_04431","VP_051","LNP_0356","lnp_id",5
"PAIR_04432","VP_112","LNP_0453","lnp_id",4
"PAIR_04433","VP_115","LNP_0466","lnp_id",3
"PAIR_04434","VP_045","LNP_0444","lnp_id",3
"PAIR_04435","VP_150","LNP_0262","lnp_id",4
"PAIR_04436","VP_197","LNP_0178","lnp_id",4
"PAIR_04437","VP_063","LNP_0065","lnp_id",5
"PAIR_04438","VP_062","LNP_0158","lnp_id",5
"PAIR_04439","VP_011","LNP_0329","lnp_id",3
"PAIR_04440","VP_089","LNP_0149","lnp_id",1
"PAIR_04441","VP_027","LNP_0166","lnp_id",1
"PAIR_04442","VP_118","LNP_0185","lnp_id",3
"PAIR_04443","VP_106","LNP_0018","lnp_id",1
"PAIR_04444","VP_172","LNP_0039","lnp_id",1
"PAIR_04445","VP_090","LNP_0432","lnp_id",5
"PAIR_04446","VP_047","LNP_0077","lnp_id",3
"PAIR_04447","VP_122","LNP_0027","lnp_id",3
"PAIR_04448","VP_051","LNP_0169","lnp_id",1
"PAIR_04449","VP_035","LNP_0032","lnp_id",2
"PAIR_04450","VP_056","LNP_0164","lnp_id",4
"PAIR_04451","VP_100","LNP_0037","lnp_id",5
"PAIR_04452","VP_061","LNP_0288","lnp_id",1
"PAIR_04453","VP_039","LNP_0473","lnp_id",1
"PAIR_04454","VP_191","LNP_0061","lnp_id",1
"PAIR_04455","VP_197","LNP_0317","lnp_id",4
"PAIR_04456","VP_017","LNP_0006","lnp_id",4
"PAIR_04457","VP_164","LNP_0498","lnp_id",4
"PAIR_04458","VP_146","LNP_0340","lnp_id",5
"PAIR_04459","VP_125","LNP_0027","lnp_id",3
"PAIR_04460","VP_020","LNP_0400","lnp_id",3
"PAIR_04461","VP_063","LNP_0394","lnp_id",2
"PAIR_04462","VP_002","LNP_0391","lnp_id",2
"PAIR_04463","VP_108","LNP_0110","lnp_id",2
"PAIR_04464","VP_090","LNP_0393","lnp_id",4
"PAIR_04465","VP_003","LNP_0304","lnp_id",2
"PAIR_04466","VP_069","LNP_0062","lnp_id",2
"PAIR_04467","VP_150","LNP_0225","lnp_id",1
"PAIR_04468","VP_188","LNP_0239","lnp_id",4
"PAIR_04469","VP_187","LNP_0326","lnp_id",2
"PAIR_04470","VP_160","LNP_0220","lnp_id",2
"PAIR_04471","VP_090","LNP_0471","lnp_id",2
"PAIR_04472","VP_129","LNP_0138","lnp_id",5
"PAIR_04473","VP_198","LNP_0022","lnp_id",2
"PAIR_04474","VP_137","LNP_0291","lnp_id",5
"PAIR_04475","VP_110","LNP_0362","lnp_id",4
"PAIR_04476","VP_149","LNP_0306","lnp_id",2
"PAIR_04477","VP_110","LNP_0097","lnp_id",5
"PAIR_04478","VP_113","LNP_0010","lnp_id",4
"PAIR_04479","VP_086","LNP_0171","lnp_id",3
"PAIR_04480","VP_082","LNP_0057","lnp_id",5
"PAIR_04481","VP_025","LNP_0395","lnp_id",1
"PAIR_04482","VP_011","LNP_0047","lnp_id",5
"PAIR_04483","VP_116","LNP_0219","lnp_id",3
"PAIR_04484","VP_060","LNP_0023","lnp_id",1
"PAIR_04485","VP_009","LNP_0173","lnp_id",3
"PAIR_04486","VP_037","LNP_0447","lnp_id",2
"PAIR_04487","VP_010","LNP_0311","lnp_id",1
"PAIR_04488","VP_180","LNP_0168","lnp_id",3
"PAIR_04489","VP_164","LNP_0236","lnp_id",5
"PAIR_04490","VP_082","LNP_0153","lnp_id",2
"PAIR_04491","VP_099","LNP_0270","lnp_id",1
"PAIR_04492","VP_084","LNP_0473","lnp_id",1
"PAIR_04493","VP_117","LNP_0199","lnp_id",1
"PAIR_04494","VP_027","LNP_0310","lnp_id",1
"PAIR_04495","VP_081","LNP_0202","lnp_id",1
"PAIR_04496","VP_034","LNP_0384","lnp_id",3
"PAIR_04497","VP_147","LNP_0293","lnp_id",4
"PAIR_04498","VP_087","LNP_0063","lnp_id",1
"PAIR_04499","VP_035","LNP_0328","lnp_id",3
"PAIR_04500","VP_051","LNP_0171","lnp_id",3
"PAIR_04501","VP_157","LNP_0408","lnp_id",4
"PAIR_04502","VP_092","LNP_0228","lnp_id",1
"PAIR_04503","VP_127","LNP_0464","lnp_id",5
"PAIR_04504","VP_055","LNP_0277","lnp_id",2
"PAIR_04505","VP_170","LNP_0316","lnp_id",5
"PAIR_04506","VP_180","LNP_0197","lnp_id",5
"PAIR_04507","VP_184","LNP_0362","lnp_id",4
"PAIR_04508","VP_077","LNP_0226","lnp_id",2
"PAIR_04509","VP_113","LNP_0410","lnp_id",2
"PAIR_04510","VP_082","LNP_0089","lnp_id",2
"PAIR_04511","VP_148","LNP_0437","lnp_id",1
"PAIR_04512","VP_175","LNP_0411","lnp_id",1
"PAIR_04513","VP_154","LNP_0296","lnp_id",4
"PAIR_04514","VP_098","LNP_0055","lnp_id",1
"PAIR_04515","VP_099","LNP_0312","lnp_id",2
"PAIR_04516","VP_166","LNP_0410","lnp_id",2
"PAIR_04517","VP_006","LNP_0254","lnp_id",2
"PAIR_04518","VP_091","LNP_0140","lnp_id",4
"PAIR_04519","VP_114","LNP_0391","lnp_id",2
"PAIR_04520","VP_101","LNP_0179","lnp_id",4
"PAIR_04521","VP_014","LNP_0069","lnp_id",2
"PAIR_04522","VP_018","LNP_0183","lnp_id",4
"PAIR_04523","VP_117","LNP_0037","lnp_id",5
"PAIR_04524","VP_131","LNP_0391","lnp_id",2
"PAIR_04525","VP_196","LNP_0261","lnp_id",1
"PAIR_04526","VP_095","LNP_0124","lnp_id",3
"PAIR_04527","VP_017","LNP_0311","lnp_id",1
"PAIR_04528","VP_192","LNP_0119","lnp_id",5
"PAIR_04529","VP_144","LNP_0434","lnp_id",3
"PAIR_04530","VP_044","LNP_0471","lnp_id",2
"PAIR_04531","VP_150","LNP_0107","lnp_id",1
"PAIR_04532","VP_159","LNP_0373","lnp_id",4
"PAIR_04533","VP_083","LNP_0039","lnp_id",1
"PAIR_04534","VP_171","LNP_0047","lnp_id",5
"PAIR_04535","VP_128","LNP_0319","lnp_id",3
"PAIR_04536","VP_113","LNP_0013","lnp_id",2
"PAIR_04537","VP_128","LNP_0188","lnp_id",5
"PAIR_04538","VP_043","LNP_0229","lnp_id",1
"PAIR_04539","VP_123","LNP_0434","lnp_id",3
"PAIR_04540","VP_095","LNP_0373","lnp_id",4
"PAIR_04541","VP_035","LNP_0181","lnp_id",3
"PAIR_04542","VP_106","LNP_0018","lnp_id",1
"PAIR_04543","VP_108","LNP_0013","lnp_id",2
"PAIR_04544","VP_153","LNP_0030","lnp_id",5
"PAIR_04545","VP_078","LNP_0382","lnp_id",3
"PAIR_04546","VP_143","LNP_0193","lnp_id",1
"PAIR_04547","VP_114","LNP_0006","lnp_id",4
"PAIR_04548","VP_023","LNP_0437","lnp_id",1
"PAIR_04549","VP_162","LNP_0186","lnp_id",2
"PAIR_04550","VP_128","LNP_0054","lnp_id",2
"PAIR_04551","VP_184","LNP_0189","lnp_id",2
"PAIR_04552","VP_082","LNP_0133","lnp_id",5
"PAIR_04553","VP_043","LNP_0390","lnp_id",3
"PAIR_04554","VP_108","LNP_0310","lnp_id",1
"PAIR_04555","VP_005","LNP_0491","lnp_id",5
"PAIR_04556","VP_165","LNP_0033","lnp_id",3
"PAIR_04557","VP_157","LNP_0298","lnp_id",3
"PAIR_04558","VP_131","LNP_0147","lnp_id",1
"PAIR_04559","VP_043","LNP_0010","lnp_id",4
"PAIR_04560","VP_026","LNP_0335","lnp_id",1
"PAIR_04561","VP_078","LNP_0225","lnp_id",1
"PAIR_04562","VP_113","LNP_0032","lnp_id",2
"PAIR_04563","VP_140","LNP_0293","lnp_id",4
"PAIR_04564","VP_014","LNP_0267","lnp_id",5
"PAIR_04565","VP_021","LNP_0228","lnp_id",1
"PAIR_04566","VP_021","LNP_0234","lnp_id",3
"PAIR_04567","VP_069","LNP_0127","lnp_id",1
"PAIR_04568","VP_088","LNP_0496","lnp_id",5
"PAIR_04569","VP_082","LNP_0461","lnp_id",3
"PAIR_04570","VP_074","LNP_0428","lnp_id",1
"PAIR_04571","VP_118","LNP_0466","lnp_id",3
"PAIR_04572","VP_008","LNP_0048","lnp_id",1
"PAIR_04573","VP_032","LNP_0083","lnp_id",1
"PAIR_04574","VP_119","LNP_0019","lnp_id",4
"PAIR_04575","VP_069","LNP_0290","lnp_id",4
"PAIR_04576","VP_189","LNP_0144","lnp_id",5
"PAIR_04577","VP_040","LNP_0480","lnp_id",2
"PAIR_04578","VP_090","LNP_0382","lnp_id",3
"PAIR_04579","VP_112","LNP_0429","lnp_id",2
"PAIR_04580","VP_193","LNP_0453","lnp_id",4
"PAIR_04581","VP_050","LNP_0323","lnp_id",5
"PAIR_04582","VP_044","LNP_0050","lnp_id",5
"PAIR_04583","VP_170","LNP_0397","lnp_id",2
"PAIR_04584","VP_144","LNP_0019","lnp_id",4
"PAIR_04585","VP_191","LNP_0242","lnp_id",1
"PAIR_04586","VP_065","LNP_0180","lnp_id",4
"PAIR_04587","VP_077","LNP_0081","lnp_id",2
"PAIR_04588","VP_147","LNP_0234","lnp_id",3
"PAIR_04589","VP_051","LNP_0001","lnp_id",1
"PAIR_04590","VP_156","LNP_0087","lnp_id",2
"PAIR_04591","VP_098","LNP_0077","lnp_id",3
"PAIR_04592","VP_173","LNP_0018","lnp_id",1
"PAIR_04593","VP_012","LNP_0229","lnp_id",1
"PAIR_04594","VP_045","LNP_0067","lnp_id",2
"PAIR_04595","VP_154","LNP_0086","lnp_id",3
"PAIR_04596","VP_168","LNP_0493","lnp_id",5
"PAIR_04597","VP_045","LNP_0221","lnp_id",3
"PAIR_04598","VP_089","LNP_0237","lnp_id",4
"PAIR_04599","VP_157","LNP_0326","lnp_id",2
"PAIR_04600","VP_143","LNP_0094","lnp_id",1
"PAIR_04601","VP_003","LNP_0322","lnp_id",5
"PAIR_04602","VP_119","LNP_0331","lnp_id",1
"PAIR_04603","VP_072","LNP_0157","lnp_id",3
"PAIR_04604","VP_108","LNP_0148","lnp_id",2
"PAIR_04605","VP_117","LNP_0122","lnp_id",3
"PAIR_04606","VP_057","LNP_0178","lnp_id",4
"PAIR_04607","VP_120","LNP_0478","lnp_id",5
"PAIR_04608","VP_132","LNP_0459","lnp_id",4
"PAIR_04609","VP_182","LNP_0254","lnp_id",2
"PAIR_04610","VP_007","LNP_0259","lnp_id",2
"PAIR_04611","VP_059","LNP_0229","lnp_id",1
"PAIR_04612","VP_042","LNP_0121","lnp_id",1
"PAIR_04613","VP_096","LNP_0155","lnp_id",5
"PAIR_04614","VP_195","LNP_0448","lnp_id",3
"PAIR_04615","VP_011","LNP_0272","lnp_id",1
"PAIR_04616","VP_118","LNP_0414","lnp_id",4
"PAIR_04617","VP_003","LNP_0429","lnp_id",2
"PAIR_04618","VP_178","LNP_0500","lnp_id",2
"PAIR_04619","VP_124","LNP_0064","lnp_id",5
"PAIR_04620","VP_070","LNP_0217","lnp_id",4
"PAIR_04621","VP_081","LNP_0177","lnp_id",4
"PAIR_04622","VP_047","LNP_0012","lnp_id",3
"PAIR_04623","VP_112","LNP_0472","lnp_id",1
"PAIR_04624","VP_194","LNP_0429","lnp_id",2
"PAIR_04625","VP_075","LNP_0312","lnp_id",2
"PAIR_04626","VP_049","LNP_0153","lnp_id",2
"PAIR_04627","VP_112","LNP_0318","lnp_id",3
"PAIR_04628","VP_167","LNP_0214","lnp_id",3
"PAIR_04629","VP_175","LNP_0416","lnp_id",1
"PAIR_04630","VP_098","LNP_0249","lnp_id",1
"PAIR_04631","VP_034","LNP_0326","lnp_id",2
"PAIR_04632","VP_187","LNP_0392","lnp_id",5
"PAIR_04633","VP_028","LNP_0136","lnp_id",2
"PAIR_04634","VP_184","LNP_0435","lnp_id",1
"PAIR_04635","VP_137","LNP_0115","lnp_id",4
"PAIR_04636","VP_110","LNP_0101","lnp_id",2
"PAIR_04637","VP_185","LNP_0449","lnp_id",3
"PAIR_04638","VP_070","LNP_0066","lnp_id",2
"PAIR_04639","VP_132","LNP_0155","lnp_id",5
"PAIR_04640","VP_079","LNP_0398","lnp_id",5
"PAIR_04641","VP_051","LNP_0430","lnp_id",4
"PAIR_04642","VP_095","LNP_0267","lnp_id",5
"PAIR_04643","VP_138","LNP_0371","lnp_id",4
"PAIR_04644","VP_083","LNP_0250","lnp_id",5
"PAIR_04645","VP_126","LNP_0074","lnp_id",2
"PAIR_04646","VP_072","LNP_0036","lnp_id",2
"PAIR_04647","VP_047","LNP_0430","lnp_id",4
"PAIR_04648","VP_003","LNP_0324","lnp_id",3
"PAIR_04649","VP_135","LNP_0012","lnp_id",3
"PAIR_04650","VP_041","LNP_0301","lnp_id",1
"PAIR_04651","VP_195","LNP_0279","lnp_id",5
"PAIR_04652","VP_132","LNP_0489","lnp_id",2
"PAIR_04653","VP_179","LNP_0152","lnp_id",4
"PAIR_04654","VP_141","LNP_0243","lnp_id",3
"PAIR_04655","VP_128","LNP_0261","lnp_id",1
"PAIR_04656","VP_167","LNP_0283","lnp_id",1
"PAIR_04657","VP_012","LNP_0139","lnp_id",4
"PAIR_04658","VP_007","LNP_0402","lnp_id",1
"PAIR_04659","VP_013","LNP_0487","lnp_id",5
"PAIR_04660","VP_123","LNP_0456","lnp_id",2
"PAIR_04661","VP_135","LNP_0272","lnp_id",1
"PAIR_04662","VP_176","LNP_0061","lnp_id",1
"PAIR_04663","VP_070","LNP_0060","lnp_id",3
"PAIR_04664","VP_200","LNP_0430","lnp_id",4
"PAIR_04665","VP_181","LNP_0203","lnp_id",4
"PAIR_04666","VP_188","LNP_0389","lnp_id",3
"PAIR_04667","VP_030","LNP_0202","lnp_id",1
"PAIR_04668","VP_096","LNP_0100","lnp_id",2
"PAIR_04669","VP_132","LNP_0456","lnp_id",2
"PAIR_04670","VP_041","LNP_0048","lnp_id",1
"PAIR_04671","VP_050","LNP_0304","lnp_id",2
"PAIR_04672","VP_047","LNP_0044","lnp_id",2
"PAIR_04673","VP_007","LNP_0397","lnp_id",2
"PAIR_04674","VP_067","LNP_0018","lnp_id",1
"PAIR_04675","VP_156","LNP_0350","lnp_id",5
"PAIR_04676","VP_161","LNP_0073","lnp_id",3
"PAIR_04677","VP_091","LNP_0038","lnp_id",4
"PAIR_04678","VP_159","LNP_0041","lnp_id",1
"PAIR_04679","VP_044","LNP_0014","lnp_id",5
"PAIR_04680","VP_100","LNP_0293","lnp_id",4
"PAIR_04681","VP_169","LNP_0499","lnp_id",3
"PAIR_04682","VP_193","LNP_0334","lnp_id",4
"PAIR_04683","VP_050","LNP_0329","lnp_id",3
"PAIR_04684","VP_177","LNP_0310","lnp_id",1
"PAIR_04685","VP_187","LNP_0455","lnp_id",2
"PAIR_04686","VP_035","LNP_0110","lnp_id",2
"PAIR_04687","VP_167","LNP_0343","lnp_id",2
"PAIR_04688","VP_172","LNP_0065","lnp_id",5
"PAIR_04689","VP_100","LNP_0114","lnp_id",2
"PAIR_04690","VP_080","LNP_0445","lnp_id",1
"PAIR_04691","VP_114","LNP_0022","lnp_id",2
"PAIR_04692","VP_013","LNP_0217","lnp_id",4
"PAIR_04693","VP_038","LNP_0032","lnp_id",2
"PAIR_04694","VP_017","LNP_0107","lnp_id",1
"PAIR_04695","VP_189","LNP_0500","lnp_id",2
"PAIR_04696","VP_022","LNP_0291","lnp_id",5
"PAIR_04697","VP_163","LNP_0419","lnp_id",4
"PAIR_04698","VP_179","LNP_0184","lnp_id",5
"PAIR_04699","VP_175","LNP_0135","lnp_id",4
"PAIR_04700","VP_057","LNP_0180","lnp_id",4
"PAIR_04701","VP_053","LNP_0017","lnp_id",4
"PAIR_04702","VP_196","LNP_0114","lnp_id",2
"PAIR_04703","VP_109","LNP_0307","lnp_id",1
"PAIR_04704","VP_064","LNP_0145","lnp_id",3
"PAIR_04705","VP_131","LNP_0478","lnp_id",5
"PAIR_04706","VP_037","LNP_0143","lnp_id",4
"PAIR_04707","VP_035","LNP_0260","lnp_id",1
"PAIR_04708","VP_195","LNP_0410","lnp_id",2
"PAIR_04709","VP_012","LNP_0092","lnp_id",3
"PAIR_04710","VP_115","LNP_0066","lnp_id",2
"PAIR_04711","VP_160","LNP_0195","lnp_id",3
"PAIR_04712","VP_036","LNP_0167","lnp_id",5
"PAIR_04713","VP_022","LNP_0492","lnp_id",5
"PAIR_04714","VP_139","LNP_0385","lnp_id",5
"PAIR_04715","VP_149","LNP_0466","lnp_id",3
"PAIR_04716","VP_010","LNP_0354","lnp_id",4
"PAIR_04717","VP_199","LNP_0038","lnp_id",4
"PAIR_04718","VP_126","LNP_0046","lnp_id",3
"PAIR_04719","VP_098","LNP_0137","lnp_id",3
"PAIR_04720","VP_077","LNP_0292","lnp_id",3
"PAIR_04721","VP_056","LNP_0228","lnp_id",1
"PAIR_04722","VP_154","LNP_0492","lnp_id",5
"PAIR_04723","VP_001","LNP_0271","lnp_id",4
"PAIR_04724","VP_042","LNP_0004","lnp_id",2
"PAIR_04725","VP_021","LNP_0119","lnp_id",5
"PAIR_04726","VP_044","LNP_0078","lnp_id",1
"PAIR_04727","VP_141","LNP_0323","lnp_id",5
"PAIR_04728","VP_062","LNP_0475","lnp_id",1
"PAIR_04729","VP_110","LNP_0242","lnp_id",1
"PAIR_04730","VP_079","LNP_0498","lnp_id",4
"PAIR_04731","VP_105","LNP_0292","lnp_id",3
"PAIR_04732","VP_088","LNP_0186","lnp_id",2
"PAIR_04733","VP_016","LNP_0314","lnp_id",3
"PAIR_04734","VP_090","LNP_0038","lnp_id",4
"PAIR_04735","VP_182","LNP_0416","lnp_id",1
"PAIR_04736","VP_188","LNP_0353","lnp_id",3
"PAIR_04737","VP_141","LNP_0395","lnp_id",1
"PAIR_04738","VP_055","LNP_0070","lnp_id",4
"PAIR_04739","VP_200","LNP_0151","lnp_id",1
"PAIR_04740","VP_105","LNP_0412","lnp_id",3
"PAIR_04741","VP_071","LNP_0166","lnp_id",1
"PAIR_04742","VP_038","LNP_0085","lnp_id",4
"PAIR_04743","VP_193","LNP_0207","lnp_id",1
"PAIR_04744","VP_172","LNP_0076","lnp_id",1
"PAIR_04745","VP_101","LNP_0111","lnp_id",4
"PAIR_04746","VP_072","LNP_0331","lnp_id",1
"PAIR_04747","VP_088","LNP_0204","lnp_id",3
"PAIR_04748","VP_020","LNP_0425","lnp_id",5
"PAIR_04749","VP_009","LNP_0364","lnp_id",3
"PAIR_04750","VP_065","LNP_0267","lnp_id",5
"PAIR_04751","VP_194","LNP_0136","lnp_id",2
"PAIR_04752","VP_180","LNP_0282","lnp_id",1
"PAIR_04753","VP_129","LNP_0218","lnp_id",3
"PAIR_04754","VP_149","LNP_0478","lnp_id",5
"PAIR_04755","VP_200","LNP_0331","lnp_id",1
"PAIR_04756","VP_136","LNP_0463","lnp_id",5
"PAIR_04757","VP_071","LNP_0387","lnp_id",2
"PAIR_04758","VP_047","LNP_0494","lnp_id",4
"PAIR_04759","VP_167","LNP_0339","lnp_id",2
"PAIR_04760","VP_140","LNP_0211","lnp_id",5
"PAIR_04761","VP_193","LNP_0139","lnp_id",4
"PAIR_04762","VP_193","LNP_0496","lnp_id",5
"PAIR_04763","VP_116","LNP_0381","lnp_id",4
"PAIR_04764","VP_094","LNP_0081","lnp_id",2
"PAIR_04765","VP_129","LNP_0328","lnp_id",3
"PAIR_04766","VP_005","LNP_0312","lnp_id",2
"PAIR_04767","VP_129","LNP_0157","lnp_id",3
"PAIR_04768","VP_132","LNP_0078","lnp_id",1
"PAIR_04769","VP_022","LNP_0090","lnp_id",5
"PAIR_04770","VP_196","LNP_0321","lnp_id",2
"PAIR_04771","VP_150","LNP_0047","lnp_id",5
"PAIR_04772","VP_174","LNP_0250","lnp_id",5
"PAIR_04773","VP_025","LNP_0392","lnp_id",5
"PAIR_04774","VP_084","LNP_0378","lnp_id",5
"PAIR_04775","VP_164","LNP_0187","lnp_id",2
"PAIR_04776","VP_118","LNP_0048","lnp_id",1
"PAIR_04777","VP_010","LNP_0369","lnp_id",2
"PAIR_04778","VP_050","LNP_0269","lnp_id",5
"PAIR_04779","VP_184","LNP_0399","lnp_id",3
"PAIR_04780","VP_129","LNP_0270","lnp_id",1
"PAIR_04781","VP_021","LNP_0292","lnp_id",3
"PAIR_04782","VP_100","LNP_0489","lnp_id",2
"PAIR_04783","VP_190","LNP_0489","lnp_id",2
"PAIR_04784","VP_026","LNP_0026","lnp_id",1
"PAIR_04785","VP_080","LNP_0349","lnp_id",5
"PAIR_04786","VP_188","LNP_0315","lnp_id",3
"PAIR_04787","VP_178","LNP_0030","lnp_id",5
"PAIR_04788","VP_054","LNP_0287","lnp_id",5
"PAIR_04789","VP_190","LNP_0460","lnp_id",3
"PAIR_04790","VP_130","LNP_0193","lnp_id",1
"PAIR_04791","VP_026","LNP_0485","lnp_id",3
"PAIR_04792","VP_072","LNP_0018","lnp_id",1
"PAIR_04793","VP_061","LNP_0381","lnp_id",4
"PAIR_04794","VP_095","LNP_0105","lnp_id",5
"PAIR_04795","VP_051","LNP_0013","lnp_id",2
"PAIR_04796","VP_063","LNP_0249","lnp_id",1
"PAIR_04797","VP_142","LNP_0421","lnp_id",4
"PAIR_04798","VP_029","LNP_0384","lnp_id",3
"PAIR_04799","VP_146","LNP_0175","lnp_id",1
"PAIR_04800","VP_097","LNP_0290","lnp_id",4
"PAIR_04801","VP_024","LNP_0041","lnp_id",1
"PAIR_04802","VP_005","LNP_0093","lnp_id",3
"PAIR_04803","VP_151","LNP_0383","lnp_id",1
"PAIR_04804","VP_062","LNP_0232","lnp_id",4
"PAIR_04805","VP_190","LNP_0263","lnp_id",2
"PAIR_04806","VP_022","LNP_0116","lnp_id",1
"PAIR_04807","VP_152","LNP_0071","lnp_id",5
"PAIR_04808","VP_044","LNP_0046","lnp_id",3
"PAIR_04809","VP_154","LNP_0082","lnp_id",2
"PAIR_04810","VP_153","LNP_0147","lnp_id",1
"PAIR_04811","VP_053","LNP_0326","lnp_id",2
"PAIR_04812","VP_102","LNP_0160","lnp_id",4
"PAIR_04813","VP_151","LNP_0402","lnp_id",1
"PAIR_04814","VP_046","LNP_0312","lnp_id",2
"PAIR_04815","VP_017","LNP_0432","lnp_id",5
"PAIR_04816","VP_170","LNP_0171","lnp_id",3
"PAIR_04817","VP_169","LNP_0233","lnp_id",2
"PAIR_04818","VP_127","LNP_0499","lnp_id",3
"PAIR_04819","VP_200","LNP_0042","lnp_id",4
"PAIR_04820","VP_042","LNP_0383","lnp_id",1
"PAIR_04821","VP_083","LNP_0472","lnp_id",1
"PAIR_04822","VP_066","LNP_0469","lnp_id",3
"PAIR_04823","VP_179","LNP_0252","lnp_id",3
"PAIR_04824","VP_167","LNP_0263","lnp_id",2
"PAIR_04825","VP_198","LNP_0179","lnp_id",4
"PAIR_04826","VP_162","LNP_0500","lnp_id",2
"PAIR_04827","VP_103","LNP_0259","lnp_id",2
"PAIR_04828","VP_129","LNP_0313","lnp_id",5
"PAIR_04829","VP_126","LNP_0287","lnp_id",5
"PAIR_04830","VP_040","LNP_0038","lnp_id",4
"PAIR_04831","VP_125","LNP_0314","lnp_id",3
"PAIR_04832","VP_010","LNP_0063","lnp_id",1
"PAIR_04833","VP_043","LNP_0318","lnp_id",3
"PAIR_04834","VP_032","LNP_0179","lnp_id",4
"PAIR_04835","VP_188","LNP_0289","lnp_id",1
"PAIR_04836","VP_182","LNP_0236","lnp_id",5
"PAIR_04837","VP_077","LNP_0433","lnp_id",1
"PAIR_04838","VP_170","LNP_0429","lnp_id",2
"PAIR_04839","VP_019","LNP_0128","lnp_id",1
"PAIR_04840","VP_159","LNP_0472","lnp_id",1
"PAIR_04841","VP_194","LNP_0327","lnp_id",5
"PAIR_04842","VP_061","LNP_0163","lnp_id",1
"PAIR_04843","VP_087","LNP_0312","lnp_id",2
"PAIR_04844","VP_054","LNP_0352","lnp_id",4
"PAIR_04845","VP_181","LNP_0309","lnp_id",2
"PAIR_04846","VP_017","LNP_0352","lnp_id",4
"PAIR_04847","VP_132","LNP_0361","lnp_id",4
"PAIR_04848","VP_188","LNP_0308","lnp_id",5
"PAIR_04849","VP_082","LNP_0065","lnp_id",5
"PAIR_04850","VP_157","LNP_0294","lnp_id",4
"PAIR_04851","VP_142","LNP_0168","lnp_id",3
"PAIR_04852","VP_076","LNP_0427","lnp_id",5
"PAIR_04853","VP_146","LNP_0416","lnp_id",1
"PAIR_04854","VP_050","LNP_0253","lnp_id",2
"PAIR_04855","VP_001","LNP_0256","lnp_id",2
"PAIR_04856","VP_119","LNP_0325","lnp_id",4
"PAIR_04857","VP_047","LNP_0389","lnp_id",3
"PAIR_04858","VP_105","LNP_0462","lnp_id",4
"PAIR_04859","VP_039","LNP_0456","lnp_id",2
"PAIR_04860","VP_049","LNP_0409","lnp_id",5
"PAIR_04861","VP_063","LNP_0381","lnp_id",4
"PAIR_04862","VP_127","LNP_0471","lnp_id",2
"PAIR_04863","VP_007","LNP_0054","lnp_id",2
"PAIR_04864","VP_185","LNP_0116","lnp_id",1
"PAIR_04865","VP_051","LNP_0280","lnp_id",1
"PAIR_04866","VP_048","LNP_0276","lnp_id",5
"PAIR_04867","VP_033","LNP_0094","lnp_id",1
"PAIR_04868","VP_050","LNP_0272","lnp_id",1
"PAIR_04869","VP_141","LNP_0047","lnp_id",5
"PAIR_04870","VP_082","LNP_0433","lnp_id",1
"PAIR_04871","VP_123","LNP_0105","lnp_id",5
"PAIR_04872","VP_070","LNP_0453","lnp_id",4
"PAIR_04873","VP_101","LNP_0107","lnp_id",1
"PAIR_04874","VP_119","LNP_0439","lnp_id",1
"PAIR_04875","VP_119","LNP_0146","lnp_id",1
"PAIR_04876","VP_149","LNP_0371","lnp_id",4
"PAIR_04877","VP_082","LNP_0312","lnp_id",2
"PAIR_04878","VP_124","LNP_0208","lnp_id",5
"PAIR_04879","VP_060","LNP_0243","lnp_id",3
"PAIR_04880","VP_136","LNP_0485","lnp_id",3
"PAIR_04881","VP_155","LNP_0163","lnp_id",1
"PAIR_04882","VP_046","LNP_0363","lnp_id",2
"PAIR_04883","VP_185","LNP_0215","lnp_id",1
"PAIR_04884","VP_078","LNP_0457","lnp_id",1
"PAIR_04885","VP_059","LNP_0042","lnp_id",4
"PAIR_04886","VP_058","LNP_0213","lnp_id",2
"PAIR_04887","VP_111","LNP_0042","lnp_id",4
"PAIR_04888","VP_148","LNP_0420","lnp_id",4
"PAIR_04889","VP_121","LNP_0148","lnp_id",2
"PAIR_04890","VP_090","LNP_0328","lnp_id",3
"PAIR_04891","VP_018","LNP_0007","lnp_id",3
"PAIR_04892","VP_044","LNP_0406","lnp_id",3
"PAIR_04893","VP_022","LNP_0350","lnp_id",5
"PAIR_04894","VP_129","LNP_0404","lnp_id",3
"PAIR_04895","VP_063","LNP_0176","lnp_id",2
"PAIR_04896","VP_065","LNP_0246","lnp_id",2
"PAIR_04897","VP_174","LNP_0385","lnp_id",5
"PAIR_04898","VP_146","LNP_0431","lnp_id",2
"PAIR_04899","VP_065","LNP_0277","lnp_id",2
"PAIR_04900","VP_004","LNP_0442","lnp_id",5
"PAIR_04901","VP_011","LNP_0078","lnp_id",1
"PAIR_04902","VP_058","LNP_0459","lnp_id",4
"PAIR_04903","VP_013","LNP_0345","lnp_id",3
"PAIR_04904","VP_128","LNP_0395","lnp_id",1
"PAIR_04905","VP_034","LNP_0183","lnp_id",4
"PAIR_04906","VP_200","LNP_0277","lnp_id",2
"PAIR_04907","VP_176","LNP_0308","lnp_id",5
"PAIR_04908","VP_031","LNP_0382","lnp_id",3
"PAIR_04909","VP_133","LNP_0314","lnp_id",3
"PAIR_04910","VP_172","LNP_0281","lnp_id",3
"PAIR_04911","VP_063","LNP_0028","lnp_id",5
"PAIR_04912","VP_070","LNP_0020","lnp_id",1
"PAIR_04913","VP_101","LNP_0058","lnp_id",3
"PAIR_04914","VP_196","LNP_0490","lnp_id",5
"PAIR_04915","VP_080","LNP_0312","lnp_id",2
"PAIR_04916","VP_021","LNP_0070","lnp_id",4
"PAIR_04917","VP_055","LNP_0214","lnp_id",3
"PAIR_04918","VP_062","LNP_0439","lnp_id",1
"PAIR_04919","VP_055","LNP_0408","lnp_id",4
"PAIR_04920","VP_125","LNP_0408","lnp_id",4
"PAIR_04921","VP_154","LNP_0231","lnp_id",2
"PAIR_04922","VP_186","LNP_0034","lnp_id",5
"PAIR_04923","VP_162","LNP_0108","lnp_id",2
"PAIR_04924","VP_015","LNP_0244","lnp_id",4
"PAIR_04925","VP_142","LNP_0452","lnp_id",2
"PAIR_04926","VP_186","LNP_0275","lnp_id",2
"PAIR_04927","VP_029","LNP_0131","lnp_id",1
"PAIR_04928","VP_077","LNP_0064","lnp_id",5
"PAIR_04929","VP_016","LNP_0152","lnp_id",4
"PAIR_04930","VP_111","LNP_0411","lnp_id",1
"PAIR_04931","VP_176","LNP_0255","lnp_id",4
"PAIR_04932","VP_193","LNP_0134","lnp_id",1
"PAIR_04933","VP_166","LNP_0052","lnp_id",3
"PAIR_04934","VP_142","LNP_0480","lnp_id",2
"PAIR_04935","VP_182","LNP_0215","lnp_id",1
"PAIR_04936","VP_186","LNP_0330","lnp_id",5
"PAIR_04937","VP_158","LNP_0236","lnp_id",5
"PAIR_04938","VP_096","LNP_0022","lnp_id",2
"PAIR_04939","VP_063","LNP_0176","lnp_id",2
"PAIR_04940","VP_152","LNP_0277","lnp_id",2
"PAIR_04941","VP_108","LNP_0305","lnp_id",3
"PAIR_04942","VP_199","LNP_0376","lnp_id",3
"PAIR_04943","VP_130","LNP_0469","lnp_id",3
"PAIR_04944","VP_133","LNP_0463","lnp_id",5
"PAIR_04945","VP_049","LNP_0025","lnp_id",3
"PAIR_04946","VP_092","LNP_0391","lnp_id",2
"PAIR_04947","VP_178","LNP_0089","lnp_id",2
"PAIR_04948","VP_118","LNP_0364","lnp_id",3
"PAIR_04949","VP_014","LNP_0431","lnp_id",2
"PAIR_04950","VP_034","LNP_0176","lnp_id",2
"PAIR_04951","VP_170","LNP_0242","lnp_id",1
"PAIR_04952","VP_154","LNP_0072","lnp_id",2
"PAIR_04953","VP_009","LNP_0029","lnp_id",1
"PAIR_04954","VP_030","LNP_0385","lnp_id",5
"PAIR_04955","VP_144","LNP_0296","lnp_id",4
"PAIR_04956","VP_129","LNP_0039","lnp_id",1
"PAIR_04957","VP_060","LNP_0174","lnp_id",1
"PAIR_04958","VP_077","LNP_0238","lnp_id",4
"PAIR_04959","VP_192","LNP_0389","lnp_id",3
"PAIR_04960","VP_193","LNP_0323","lnp_id",5
"PAIR_04961","VP_140","LNP_0075","lnp_id",5
"PAIR_04962","VP_063","LNP_0293","lnp_id",4
"PAIR_04963","VP_024","LNP_0211","lnp_id",5
"PAIR_04964","VP_039","LNP_0251","lnp_id",3
"PAIR_04965","VP_120","LNP_0219","lnp_id",3
"PAIR_04966","VP_100","LNP_0312","lnp_id",2
"PAIR_04967","VP_179","LNP_0338","lnp_id",2
"PAIR_04968","VP_067","LNP_0339","lnp_id",2
"PAIR_04969","VP_119","LNP_0104","lnp_id",5
"PAIR_04970","VP_024","LNP_0486","lnp_id",3
"PAIR_04971","VP_058","LNP_0171","lnp_id",3
"PAIR_04972","VP_167","LNP_0299","lnp_id",3
"PAIR_04973","VP_199","LNP_0301","lnp_id",1
"PAIR_04974","VP_008","LNP_0465","lnp_id",2
"PAIR_04975","VP_018","LNP_0004","lnp_id",2
"PAIR_04976","VP_059","LNP_0146","lnp_id",1
"PAIR_04977","VP_117","LNP_0164","lnp_id",4
"PAIR_04978","VP_070","LNP_0499","lnp_id",3
"PAIR_04979","VP_095","LNP_0481","lnp_id",1
"PAIR_04980","VP_065","LNP_0156","lnp_id",3
"PAIR_04981","VP_141","LNP_0440","lnp_id",3
"PAIR_04982","VP_006","LNP_0101","lnp_id",2
"PAIR_04983","VP_010","LNP_0472","lnp_id",1
"PAIR_04984","VP_164","LNP_0177","lnp_id",4
"PAIR_04985","VP_053","LNP_0068","lnp_id",2
"PAIR_04986","VP_036","LNP_0033","lnp_id",3
"PAIR_04987","VP_156","LNP_0170","lnp_id",5
"PAIR_04988","VP_188","LNP_0461","lnp_id",3
"PAIR_04989","VP_155","LNP_0139","lnp_id",4
"PAIR_04990","VP_024","LNP_0436","lnp_id",2
"PAIR_04991","VP_090","LNP_0029","lnp_id",1
"PAIR_04992","VP_129","LNP_0181","lnp_id",3
"PAIR_04993","VP_005","LNP_0405","lnp_id",4
"PAIR_04994","VP_081","LNP_0218","lnp_id",3
"PAIR_04995","VP_185","LNP_0267","lnp_id",5
"PAIR_04996","VP_059","LNP_0477","lnp_id",5
"PAIR_04997","VP_098","LNP_0308","lnp_id",5
"PAIR_04998","VP_134","LNP_0232","lnp_id",4
"PAIR_04999","VP_020","LNP_0396","lnp_id",3
"PAIR_05000","VP_101","LNP_0232","lnp_id",4
"PAIR_05001","VP_081","LNP_0399","lnp_id",3
"PAIR_05002","VP_082","LNP_0129","lnp_id",3
"PAIR_05003","VP_184","LNP_0211","lnp_id",5
"PAIR_05004","VP_115","LNP_0170","lnp_id",5
"PAIR_05005","VP_013","LNP_0230","lnp_id",5
"PAIR_05006","VP_057","LNP_0483","lnp_id",3
"PAIR_05007","VP_164","LNP_0037","lnp_id",5
"PAIR_05008","VP_023","LNP_0177","lnp_id",4
"PAIR_05009","VP_194","LNP_0116","lnp_id",1
"PAIR_05010","VP_107","LNP_0405","lnp_id",4
"PAIR_05011","VP_012","LNP_0304","lnp_id",2
"PAIR_05012","VP_070","LNP_0123","lnp_id",2
"PAIR_05013","VP_193","LNP_0218","lnp_id",3
"PAIR_05014","VP_157","LNP_0149","lnp_id",1
"PAIR_05015","VP_040","LNP_0284","lnp_id",2
"PAIR_05016","VP_150","LNP_0020","lnp_id",1
"PAIR_05017","VP_177","LNP_0185","lnp_id",3
"PAIR_05018","VP_101","LNP_0067","lnp_id",2
"PAIR_05019","VP_164","LNP_0192","lnp_id",1
"PAIR_05020","VP_143","LNP_0173","lnp_id",3
"PAIR_05021","VP_165","LNP_0222","lnp_id",2
"PAIR_05022","VP_126","LNP_0211","lnp_id",5
"PAIR_05023","VP_164","LNP_0004","lnp_id",2
"PAIR_05024","VP_147","LNP_0096","lnp_id",2
"PAIR_05025","VP_189","LNP_0321","lnp_id",2
"PAIR_05026","VP_129","LNP_0226","lnp_id",2
"PAIR_05027","VP_179","LNP_0340","lnp_id",5
"PAIR_05028","VP_025","LNP_0245","lnp_id",5
"PAIR_05029","VP_143","LNP_0061","lnp_id",1
"PAIR_05030","VP_183","LNP_0067","lnp_id",2
"PAIR_05031","VP_050","LNP_0375","lnp_id",4
"PAIR_05032","VP_118","LNP_0320","lnp_id",2
"PAIR_05033","VP_174","LNP_0431","lnp_id",2
"PAIR_05034","VP_178","LNP_0203","lnp_id",4
"PAIR_05035","VP_105","LNP_0412","lnp_id",3
"PAIR_05036","VP_093","LNP_0233","lnp_id",2
"PAIR_05037","VP_079","LNP_0022","lnp_id",2
"PAIR_05038","VP_027","LNP_0385","lnp_id",5
"PAIR_05039","VP_139","LNP_0343","lnp_id",2
"PAIR_05040","VP_151","LNP_0157","lnp_id",3
"PAIR_05041","VP_185","LNP_0228","lnp_id",1
"PAIR_05042","VP_125","LNP_0169","lnp_id",1
"PAIR_05043","VP_062","LNP_0117","lnp_id",3
"PAIR_05044","VP_080","LNP_0018","lnp_id",1
"PAIR_05045","VP_055","LNP_0364","lnp_id",3
"PAIR_05046","VP_054","LNP_0037","lnp_id",5
"PAIR_05047","VP_013","LNP_0235","lnp_id",2
"PAIR_05048","VP_020","LNP_0279","lnp_id",5
"PAIR_05049","VP_147","LNP_0358","lnp_id",4
"PAIR_05050","VP_155","LNP_0127","lnp_id",1
"PAIR_05051","VP_104","LNP_0018","lnp_id",1
"PAIR_05052","VP_142","LNP_0423","lnp_id",4
"PAIR_05053","VP_033","LNP_0159","lnp_id",5
"PAIR_05054","VP_097","LNP_0047","lnp_id",5
"PAIR_05055","VP_169","LNP_0381","lnp_id",4
"PAIR_05056","VP_017","LNP_0056","lnp_id",1
"PAIR_05057","VP_189","LNP_0459","lnp_id",4
"PAIR_05058","VP_138","LNP_0221","lnp_id",3
"PAIR_05059","VP_088","LNP_0098","lnp_id",4
"PAIR_05060","VP_047","LNP_0298","lnp_id",3
"PAIR_05061","VP_166","LNP_0386","lnp_id",1
"PAIR_05062","VP_174","LNP_0208","lnp_id",5
"PAIR_05063","VP_153","LNP_0170","lnp_id",5
"PAIR_05064","VP_055","LNP_0368","lnp_id",5
"PAIR_05065","VP_124","LNP_0143","lnp_id",4
"PAIR_05066","VP_168","LNP_0318","lnp_id",3
"PAIR_05067","VP_146","LNP_0355","lnp_id",1
"PAIR_05068","VP_080","LNP_0306","lnp_id",2
"PAIR_05069","VP_128","LNP_0106","lnp_id",4
"PAIR_05070","VP_137","LNP_0058","lnp_id",3
"PAIR_05071","VP_134","LNP_0379","lnp_id",4
"PAIR_05072","VP_080","LNP_0169","lnp_id",1
"PAIR_05073","VP_119","LNP_0431","lnp_id",2
"PAIR_05074","VP_041","LNP_0122","lnp_id",3
"PAIR_05075","VP_056","LNP_0449","lnp_id",3
"PAIR_05076","VP_164","LNP_0357","lnp_id",2
"PAIR_05077","VP_172","LNP_0212","lnp_id",4
"PAIR_05078","VP_139","LNP_0337","lnp_id",3
"PAIR_05079","VP_002","LNP_0079","lnp_id",2
"PAIR_05080","VP_124","LNP_0225","lnp_id",1
"PAIR_05081","VP_165","LNP_0113","lnp_id",3
"PAIR_05082","VP_029","LNP_0243","lnp_id",3
"PAIR_05083","VP_156","LNP_0147","lnp_id",1
"PAIR_05084","VP_009","LNP_0285","lnp_id",1
"PAIR_05085","VP_127","LNP_0451","lnp_id",4
"PAIR_05086","VP_199","LNP_0277","lnp_id",2
"PAIR_05087","VP_156","LNP_0403","lnp_id",5
"PAIR_05088","VP_050","LNP_0179","lnp_id",4
"PAIR_05089","VP_013","LNP_0431","lnp_id",2
"PAIR_05090","VP_065","LNP_0138","lnp_id",5
"PAIR_05091","VP_034","LNP_0124","lnp_id",3
"PAIR_05092","VP_051","LNP_0168","lnp_id",3
"PAIR_05093","VP_058","LNP_0076","lnp_id",1
"PAIR_05094","VP_135","LNP_0488","lnp_id",4
"PAIR_05095","VP_126","LNP_0490","lnp_id",5
"PAIR_05096","VP_125","LNP_0076","lnp_id",1
"PAIR_05097","VP_196","LNP_0052","lnp_id",3
"PAIR_05098","VP_041","LNP_0185","lnp_id",3
"PAIR_05099","VP_195","LNP_0469","lnp_id",3
"PAIR_05100","VP_056","LNP_0412","lnp_id",3
"PAIR_05101","VP_103","LNP_0491","lnp_id",5
"PAIR_05102","VP_025","LNP_0100","lnp_id",2
"PAIR_05103","VP_182","LNP_0132","lnp_id",4
"PAIR_05104","VP_018","LNP_0392","lnp_id",5
"PAIR_05105","VP_007","LNP_0136","lnp_id",2
"PAIR_05106","VP_174","LNP_0491","lnp_id",5
"PAIR_05107","VP_198","LNP_0457","lnp_id",1
"PAIR_05108","VP_051","LNP_0394","lnp_id",2
"PAIR_05109","VP_174","LNP_0468","lnp_id",4
"PAIR_05110","VP_016","LNP_0145","lnp_id",3
"PAIR_05111","VP_002","LNP_0485","lnp_id",3
"PAIR_05112","VP_182","LNP_0473","lnp_id",1
"PAIR_05113","VP_155","LNP_0218","lnp_id",3
"PAIR_05114","VP_172","LNP_0027","lnp_id",3
"PAIR_05115","VP_177","LNP_0034","lnp_id",5
"PAIR_05116","VP_045","LNP_0207","lnp_id",1
"PAIR_05117","VP_069","LNP_0210","lnp_id",2
"PAIR_05118","VP_071","LNP_0054","lnp_id",2
"PAIR_05119","VP_091","LNP_0049","lnp_id",3
"PAIR_05120","VP_048","LNP_0441","lnp_id",1
"PAIR_05121","VP_089","LNP_0328","lnp_id",3
"PAIR_05122","VP_042","LNP_0023","lnp_id",1
"PAIR_05123","VP_078","LNP_0099","lnp_id",5
"PAIR_05124","VP_001","LNP_0080","lnp_id",4
"PAIR_05125","VP_072","LNP_0069","lnp_id",2
"PAIR_05126","VP_102","LNP_0137","lnp_id",3
"PAIR_05127","VP_105","LNP_0446","lnp_id",1
"PAIR_05128","VP_193","LNP_0432","lnp_id",5
"PAIR_05129","VP_008","LNP_0222","lnp_id",2
"PAIR_05130","VP_064","LNP_0274","lnp_id",4
"PAIR_05131","VP_083","LNP_0392","lnp_id",5
"PAIR_05132","VP_110","LNP_0096","lnp_id",2
"PAIR_05133","VP_106","LNP_0338","lnp_id",2
"PAIR_05134","VP_076","LNP_0125","lnp_id",5
"PAIR_05135","VP_037","LNP_0116","lnp_id",1
"PAIR_05136","VP_142","LNP_0379","lnp_id",4
"PAIR_05137","VP_177","LNP_0066","lnp_id",2
"PAIR_05138","VP_076","LNP_0121","lnp_id",1
"PAIR_05139","VP_177","LNP_0179","lnp_id",4
"PAIR_05140","VP_032","LNP_0226","lnp_id",2
"PAIR_05141","VP_101","LNP_0447","lnp_id",2
"PAIR_05142","VP_106","LNP_0289","lnp_id",1
"PAIR_05143","VP_055","LNP_0477","lnp_id",5
"PAIR_05144","VP_116","LNP_0009","lnp_id",5
"PAIR_05145","VP_043","LNP_0431","lnp_id",2
"PAIR_05146","VP_030","LNP_0423","lnp_id",4
"PAIR_05147","VP_047","LNP_0344","lnp_id",5
"PAIR_05148","VP_036","LNP_0445","lnp_id",1
"PAIR_05149","VP_096","LNP_0404","lnp_id",3
"PAIR_05150","VP_049","LNP_0171","lnp_id",3
"PAIR_05151","VP_087","LNP_0432","lnp_id",5
"PAIR_05152","VP_200","LNP_0154","lnp_id",1
"PAIR_05153","VP_055","LNP_0399","lnp_id",3
"PAIR_05154","VP_187","LNP_0090","lnp_id",5
"PAIR_05155","VP_199","LNP_0366","lnp_id",3
"PAIR_05156","VP_053","LNP_0066","lnp_id",2
"PAIR_05157","VP_021","LNP_0237","lnp_id",4
"PAIR_05158","VP_148","LNP_0174","lnp_id",1
"PAIR_05159","VP_020","LNP_0372","lnp_id",4
"PAIR_05160","VP_038","LNP_0206","lnp_id",5
"PAIR_05161","VP_050","LNP_0216","lnp_id",1
"PAIR_05162","VP_200","LNP_0270","lnp_id",1
"PAIR_05163","VP_108","LNP_0169","lnp_id",1
"PAIR_05164","VP_126","LNP_0070","lnp_id",4
"PAIR_05165","VP_138","LNP_0054","lnp_id",2
"PAIR_05166","VP_038","LNP_0174","lnp_id",1
"PAIR_05167","VP_094","LNP_0168","lnp_id",3
"PAIR_05168","VP_149","LNP_0056","lnp_id",1
"PAIR_05169","VP_156","LNP_0249","lnp_id",1
"PAIR_05170","VP_091","LNP_0378","lnp_id",5
"PAIR_05171","VP_085","LNP_0205","lnp_id",3
"PAIR_05172","VP_008","LNP_0320","lnp_id",2
"PAIR_05173","VP_017","LNP_0184","lnp_id",5
"PAIR_05174","VP_090","LNP_0423","lnp_id",4
"PAIR_05175","VP_040","LNP_0042","lnp_id",4
"PAIR_05176","VP_091","LNP_0253","lnp_id",2
"PAIR_05177","VP_108","LNP_0338","lnp_id",2
"PAIR_05178","VP_184","LNP_0070","lnp_id",4
"PAIR_05179","VP_124","LNP_0238","lnp_id",4
"PAIR_05180","VP_144","LNP_0100","lnp_id",2
"PAIR_05181","VP_158","LNP_0202","lnp_id",1
"PAIR_05182","VP_183","LNP_0033","lnp_id",3
"PAIR_05183","VP_097","LNP_0197","lnp_id",5
"PAIR_05184","VP_119","LNP_0174","lnp_id",1
"PAIR_05185","VP_046","LNP_0254","lnp_id",2
"PAIR_05186","VP_112","LNP_0043","lnp_id",3
"PAIR_05187","VP_170","LNP_0140","lnp_id",4
"PAIR_05188","VP_189","LNP_0450","lnp_id",1
"PAIR_05189","VP_175","LNP_0224","lnp_id",1
"PAIR_05190","VP_024","LNP_0236","lnp_id",5
"PAIR_05191","VP_123","LNP_0276","lnp_id",5
"PAIR_05192","VP_007","LNP_0093","lnp_id",3
"PAIR_05193","VP_068","LNP_0112","lnp_id",3
"PAIR_05194","VP_047","LNP_0262","lnp_id",4
"PAIR_05195","VP_013","LNP_0240","lnp_id",2
"PAIR_05196","VP_142","LNP_0213","lnp_id",2
"PAIR_05197","VP_147","LNP_0194","lnp_id",4
"PAIR_05198","VP_065","LNP_0303","lnp_id",4
"PAIR_05199","VP_159","LNP_0193","lnp_id",1
"PAIR_05200","VP_006","LNP_0215","lnp_id",1
"PAIR_05201","VP_177","LNP_0341","lnp_id",5
"PAIR_05202","VP_024","LNP_0275","lnp_id",2
"PAIR_05203","VP_035","LNP_0484","lnp_id",3
"PAIR_05204","VP_035","LNP_0223","lnp_id",4
"PAIR_05205","VP_191","LNP_0145","lnp_id",3
"PAIR_05206","VP_001","LNP_0463","lnp_id",5
"PAIR_05207","VP_192","LNP_0016","lnp_id",5
"PAIR_05208","VP_018","LNP_0151","lnp_id",1
"PAIR_05209","VP_078","LNP_0127","lnp_id",1
"PAIR_05210","VP_079","LNP_0148","lnp_id",2
"PAIR_05211","VP_077","LNP_0063","lnp_id",1
"PAIR_05212","VP_095","LNP_0210","lnp_id",2
"PAIR_05213","VP_081","LNP_0487","lnp_id",5
"PAIR_05214","VP_158","LNP_0020","lnp_id",1
"PAIR_05215","VP_169","LNP_0221","lnp_id",3
"PAIR_05216","VP_041","LNP_0102","lnp_id",3
"PAIR_05217","VP_104","LNP_0201","lnp_id",3
"PAIR_05218","VP_104","LNP_0106","lnp_id",4
"PAIR_05219","VP_112","LNP_0361","lnp_id",4
"PAIR_05220","VP_083","LNP_0087","lnp_id",2
"PAIR_05221","VP_044","LNP_0304","lnp_id",2
"PAIR_05222","VP_018","LNP_0487","lnp_id",5
"PAIR_05223","VP_032","LNP_0272","lnp_id",1
"PAIR_05224","VP_050","LNP_0043","lnp_id",3
"PAIR_05225","VP_178","LNP_0114","lnp_id",2
"PAIR_05226","VP_185","LNP_0189","lnp_id",2
"PAIR_05227","VP_140","LNP_0130","lnp_id",4
"PAIR_05228","VP_011","LNP_0074","lnp_id",2
"PAIR_05229","VP_065","LNP_0035","lnp_id",5
"PAIR_05230","VP_040","LNP_0355","lnp_id",1
"PAIR_05231","VP_186","LNP_0378","lnp_id",5
"PAIR_05232","VP_082","LNP_0437","lnp_id",1
"PAIR_05233","VP_035","LNP_0261","lnp_id",1
"PAIR_05234","VP_145","LNP_0482","lnp_id",3
"PAIR_05235","VP_064","LNP_0251","lnp_id",3
"PAIR_05236","VP_167","LNP_0216","lnp_id",1
"PAIR_05237","VP_079","LNP_0344","lnp_id",5
"PAIR_05238","VP_154","LNP_0345","lnp_id",3
"PAIR_05239","VP_045","LNP_0151","lnp_id",1
"PAIR_05240","VP_021","LNP_0065","lnp_id",5
"PAIR_05241","VP_117","LNP_0492","lnp_id",5
"PAIR_05242","VP_114","LNP_0282","lnp_id",1
"PAIR_05243","VP_025","LNP_0461","lnp_id",3
"PAIR_05244","VP_122","LNP_0142","lnp_id",4
"PAIR_05245","VP_107","LNP_0464","lnp_id",5
"PAIR_05246","VP_158","LNP_0349","lnp_id",5
"PAIR_05247","VP_127","LNP_0092","lnp_id",3
"PAIR_05248","VP_154","LNP_0229","lnp_id",1
"PAIR_05249","VP_193","LNP_0477","lnp_id",5
"PAIR_05250","VP_026","LNP_0172","lnp_id",1
"PAIR_05251","VP_196","LNP_0180","lnp_id",4
"PAIR_05252","VP_044","LNP_0481","lnp_id",1
"PAIR_05253","VP_039","LNP_0172","lnp_id",1
"PAIR_05254","VP_030","LNP_0140","lnp_id",4
"PAIR_05255","VP_068","LNP_0322","lnp_id",5
"PAIR_05256","VP_193","LNP_0291","lnp_id",5
"PAIR_05257","VP_070","LNP_0345","lnp_id",3
"PAIR_05258","VP_063","LNP_0421","lnp_id",4
"PAIR_05259","VP_021","LNP_0104","lnp_id",5
"PAIR_05260","VP_063","LNP_0426","lnp_id",4
"PAIR_05261","VP_129","LNP_0234","lnp_id",3
"PAIR_05262","VP_056","LNP_0221","lnp_id",3
"PAIR_05263","VP_088","LNP_0173","lnp_id",3
"PAIR_05264","VP_165","LNP_0227","lnp_id",1
"PAIR_05265","VP_097","LNP_0061","lnp_id",1
"PAIR_05266","VP_077","LNP_0136","lnp_id",2
"PAIR_05267","VP_103","LNP_0015","lnp_id",5
"PAIR_05268","VP_014","LNP_0444","lnp_id",3
"PAIR_05269","VP_040","LNP_0221","lnp_id",3
"PAIR_05270","VP_196","LNP_0368","lnp_id",5
"PAIR_05271","VP_083","LNP_0032","lnp_id",2
"PAIR_05272","VP_130","LNP_0447","lnp_id",2
"PAIR_05273","VP_055","LNP_0484","lnp_id",3
"PAIR_05274","VP_137","LNP_0203","lnp_id",4
"PAIR_05275","VP_001","LNP_0488","lnp_id",4
"PAIR_05276","VP_049","LNP_0423","lnp_id",4
"PAIR_05277","VP_076","LNP_0158","lnp_id",5
"PAIR_05278","VP_112","LNP_0412","lnp_id",3
"PAIR_05279","VP_147","LNP_0374","lnp_id",2
"PAIR_05280","VP_041","LNP_0152","lnp_id",4
"PAIR_05281","VP_008","LNP_0130","lnp_id",4
"PAIR_05282","VP_080","LNP_0212","lnp_id",4
"PAIR_05283","VP_016","LNP_0436","lnp_id",2
"PAIR_05284","VP_063","LNP_0457","lnp_id",1
"PAIR_05285","VP_048","LNP_0494","lnp_id",4
"PAIR_05286","VP_023","LNP_0279","lnp_id",5
"PAIR_05287","VP_084","LNP_0073","lnp_id",3
"PAIR_05288","VP_164","LNP_0223","lnp_id",4
"PAIR_05289","VP_093","LNP_0313","lnp_id",5
"PAIR_05290","VP_047","LNP_0067","lnp_id",2
"PAIR_05291","VP_067","LNP_0295","lnp_id",4
"PAIR_05292","VP_006","LNP_0306","lnp_id",2
"PAIR_05293","VP_084","LNP_0491","lnp_id",5
"PAIR_05294","VP_032","LNP_0142","lnp_id",4
"PAIR_05295","VP_139","LNP_0396","lnp_id",3
"PAIR_05296","VP_010","LNP_0125","lnp_id",5
"PAIR_05297","VP_185","LNP_0423","lnp_id",4
"PAIR_05298","VP_070","LNP_0026","lnp_id",1
"PAIR_05299","VP_044","LNP_0254","lnp_id",2
"PAIR_05300","VP_124","LNP_0054","lnp_id",2
"PAIR_05301","VP_019","LNP_0095","lnp_id",2
"PAIR_05302","VP_046","LNP_0147","lnp_id",1
"PAIR_05303","VP_160","LNP_0348","lnp_id",4
"PAIR_05304","VP_142","LNP_0128","lnp_id",1
"PAIR_05305","VP_059","LNP_0351","lnp_id",2
"PAIR_05306","VP_153","LNP_0333","lnp_id",2
"PAIR_05307","VP_143","LNP_0048","lnp_id",1
"PAIR_05308","VP_180","LNP_0053","lnp_id",5
"PAIR_05309","VP_048","LNP_0213","lnp_id",2
"PAIR_05310","VP_181","LNP_0268","lnp_id",3
"PAIR_05311","VP_041","LNP_0470","lnp_id",4
"PAIR_05312","VP_184","LNP_0073","lnp_id",3
"PAIR_05313","VP_184","LNP_0417","lnp_id",2
"PAIR_05314","VP_089","LNP_0409","lnp_id",5
"PAIR_05315","VP_037","LNP_0259","lnp_id",2
"PAIR_05316","VP_135","LNP_0145","lnp_id",3
"PAIR_05317","VP_018","LNP_0282","lnp_id",1
"PAIR_05318","VP_154","LNP_0051","lnp_id",1
"PAIR_05319","VP_035","LNP_0053","lnp_id",5
"PAIR_05320","VP_098","LNP_0278","lnp_id",4
"PAIR_05321","VP_186","LNP_0216","lnp_id",1
"PAIR_05322","VP_057","LNP_0439","lnp_id",1
"PAIR_05323","VP_151","LNP_0387","lnp_id",2
"PAIR_05324","VP_008","LNP_0343","lnp_id",2
"PAIR_05325","VP_139","LNP_0428","lnp_id",1
"PAIR_05326","VP_074","LNP_0403","lnp_id",5
"PAIR_05327","VP_106","LNP_0132","lnp_id",4
"PAIR_05328","VP_132","LNP_0183","lnp_id",4
"PAIR_05329","VP_181","LNP_0185","lnp_id",3
"PAIR_05330","VP_001","LNP_0104","lnp_id",5
"PAIR_05331","VP_155","LNP_0262","lnp_id",4
"PAIR_05332","VP_032","LNP_0257","lnp_id",3
"PAIR_05333","VP_149","LNP_0485","lnp_id",3
"PAIR_05334","VP_187","LNP_0070","lnp_id",4
"PAIR_05335","VP_058","LNP_0404","lnp_id",3
"PAIR_05336","VP_013","LNP_0346","lnp_id",3
"PAIR_05337","VP_093","LNP_0089","lnp_id",2
"PAIR_05338","VP_031","LNP_0442","lnp_id",5
"PAIR_05339","VP_005","LNP_0184","lnp_id",5
"PAIR_05340","VP_015","LNP_0306","lnp_id",2
"PAIR_05341","VP_064","LNP_0001","lnp_id",1
"PAIR_05342","VP_001","LNP_0391","lnp_id",2
"PAIR_05343","VP_037","LNP_0029","lnp_id",1
"PAIR_05344","VP_195","LNP_0335","lnp_id",1
"PAIR_05345","VP_013","LNP_0116","lnp_id",1
"PAIR_05346","VP_115","LNP_0454","lnp_id",5
"PAIR_05347","VP_176","LNP_0298","lnp_id",3
"PAIR_05348","VP_107","LNP_0374","lnp_id",2
"PAIR_05349","VP_096","LNP_0333","lnp_id",2
"PAIR_05350","VP_152","LNP_0169","lnp_id",1
"PAIR_05351","VP_133","LNP_0290","lnp_id",4
"PAIR_05352","VP_081","LNP_0215","lnp_id",1
"PAIR_05353","VP_123","LNP_0089","lnp_id",2
"PAIR_05354","VP_151","LNP_0187","lnp_id",2
"PAIR_05355","VP_195","LNP_0266","lnp_id",2
"PAIR_05356","VP_016","LNP_0050","lnp_id",5
"PAIR_05357","VP_032","LNP_0448","lnp_id",3
"PAIR_05358","VP_105","LNP_0343","lnp_id",2
"PAIR_05359","VP_091","LNP_0147","lnp_id",1
"PAIR_05360","VP_095","LNP_0091","lnp_id",3
"PAIR_05361","VP_140","LNP_0189","lnp_id",2
"PAIR_05362","VP_169","LNP_0032","lnp_id",2
"PAIR_05363","VP_063","LNP_0188","lnp_id",5
"PAIR_05364","VP_067","LNP_0056","lnp_id",1
"PAIR_05365","VP_181","LNP_0072","lnp_id",2
"PAIR_05366","VP_140","LNP_0441","lnp_id",1
"PAIR_05367","VP_137","LNP_0397","lnp_id",2
"PAIR_05368","VP_053","LNP_0440","lnp_id",3
"PAIR_05369","VP_145","LNP_0334","lnp_id",4
"PAIR_05370","VP_059","LNP_0484","lnp_id",3
"PAIR_05371","VP_024","LNP_0078","lnp_id",1
"PAIR_05372","VP_026","LNP_0110","lnp_id",2
"PAIR_05373","VP_129","LNP_0269","lnp_id",5
"PAIR_05374","VP_011","LNP_0139","lnp_id",4
"PAIR_05375","VP_087","LNP_0402","lnp_id",1
"PAIR_05376","VP_117","LNP_0087","lnp_id",2
"PAIR_05377","VP_003","LNP_0294","lnp_id",4
"PAIR_05378","VP_199","LNP_0007","lnp_id",3
"PAIR_05379","VP_086","LNP_0108","lnp_id",2
"PAIR_05380","VP_038","LNP_0415","lnp_id",2
"PAIR_05381","VP_133","LNP_0471","lnp_id",2
"PAIR_05382","VP_148","LNP_0028","lnp_id",5
"PAIR_05383","VP_120","LNP_0328","lnp_id",3
"PAIR_05384","VP_146","LNP_0280","lnp_id",1
"PAIR_05385","VP_108","LNP_0238","lnp_id",4
"PAIR_05386","VP_158","LNP_0357","lnp_id",2
"PAIR_05387","VP_030","LNP_0434","lnp_id",3
"PAIR_05388","VP_057","LNP_0151","lnp_id",1
"PAIR_05389","VP_128","LNP_0285","lnp_id",1
"PAIR_05390","VP_151","LNP_0448","lnp_id",3
"PAIR_05391","VP_095","LNP_0168","lnp_id",3
"PAIR_05392","VP_050","LNP_0242","lnp_id",1
"PAIR_05393","VP_103","LNP_0171","lnp_id",3
"PAIR_05394","VP_042","LNP_0262","lnp_id",4
"PAIR_05395","VP_173","LNP_0487","lnp_id",5
"PAIR_05396","VP_112","LNP_0005","lnp_id",5
"PAIR_05397","VP_061","LNP_0406","lnp_id",3
"PAIR_05398","VP_120","LNP_0239","lnp_id",4
"PAIR_05399","VP_038","LNP_0164","lnp_id",4
"PAIR_05400","VP_009","LNP_0146","lnp_id",1
"PAIR_05401","VP_057","LNP_0045","lnp_id",2
"PAIR_05402","VP_117","LNP_0128","lnp_id",1
"PAIR_05403","VP_166","LNP_0385","lnp_id",5
"PAIR_05404","VP_071","LNP_0394","lnp_id",2
"PAIR_05405","VP_030","LNP_0330","lnp_id",5
"PAIR_05406","VP_192","LNP_0038","lnp_id",4
"PAIR_05407","VP_136","LNP_0490","lnp_id",5
"PAIR_05408","VP_175","LNP_0479","lnp_id",5
"PAIR_05409","VP_121","LNP_0497","lnp_id",5
"PAIR_05410","VP_149","LNP_0257","lnp_id",3
"PAIR_05411","VP_066","LNP_0257","lnp_id",3
"PAIR_05412","VP_157","LNP_0296","lnp_id",4
"PAIR_05413","VP_123","LNP_0083","lnp_id",1
"PAIR_05414","VP_128","LNP_0491","lnp_id",5
"PAIR_05415","VP_152","LNP_0091","lnp_id",3
"PAIR_05416","VP_092","LNP_0108","lnp_id",2
"PAIR_05417","VP_158","LNP_0328","lnp_id",3
"PAIR_05418","VP_089","LNP_0034","lnp_id",5
"PAIR_05419","VP_114","LNP_0493","lnp_id",5
"PAIR_05420","VP_107","LNP_0485","lnp_id",3
"PAIR_05421","VP_138","LNP_0271","lnp_id",4
"PAIR_05422","VP_037","LNP_0157","lnp_id",3
"PAIR_05423","VP_074","LNP_0377","lnp_id",4
"PAIR_05424","VP_177","LNP_0124","lnp_id",3
"PAIR_05425","VP_119","LNP_0038","lnp_id",4
"PAIR_05426","VP_116","LNP_0345","lnp_id",3
"PAIR_05427","VP_023","LNP_0175","lnp_id",1
"PAIR_05428","VP_028","LNP_0407","lnp_id",4
"PAIR_05429","VP_092","LNP_0345","lnp_id",3
"PAIR_05430","VP_037","LNP_0085","lnp_id",4
"PAIR_05431","VP_124","LNP_0198","lnp_id",2
"PAIR_05432","VP_086","LNP_0015","lnp_id",5
"PAIR_05433","VP_065","LNP_0120","lnp_id",4
"PAIR_05434","VP_132","LNP_0343","lnp_id",2
"PAIR_05435","VP_178","LNP_0239","lnp_id",4
"PAIR_05436","VP_177","LNP_0397","lnp_id",2
"PAIR_05437","VP_200","LNP_0360","lnp_id",5
"PAIR_05438","VP_036","LNP_0304","lnp_id",2
"PAIR_05439","VP_149","LNP_0411","lnp_id",1
"PAIR_05440","VP_104","LNP_0323","lnp_id",5
"PAIR_05441","VP_174","LNP_0364","lnp_id",3
"PAIR_05442","VP_080","LNP_0105","lnp_id",5
"PAIR_05443","VP_095","LNP_0113","lnp_id",3
"PAIR_05444","VP_022","LNP_0443","lnp_id",5
"PAIR_05445","VP_089","LNP_0351","lnp_id",2
"PAIR_05446","VP_101","LNP_0395","lnp_id",1
"PAIR_05447","VP_144","LNP_0332","lnp_id",5
"PAIR_05448","VP_043","LNP_0107","lnp_id",1
"PAIR_05449","VP_079","LNP_0059","lnp_id",1
"PAIR_05450","VP_107","LNP_0374","lnp_id",2
"PAIR_05451","VP_084","LNP_0094","lnp_id",1
"PAIR_05452","VP_160","LNP_0005","lnp_id",5
"PAIR_05453","VP_142","LNP_0317","lnp_id",4
"PAIR_05454","VP_009","LNP_0366","lnp_id",3
"PAIR_05455","VP_183","LNP_0093","lnp_id",3
"PAIR_05456","VP_164","LNP_0361","lnp_id",4
"PAIR_05457","VP_092","LNP_0127","lnp_id",1
"PAIR_05458","VP_126","LNP_0480","lnp_id",2
"PAIR_05459","VP_119","LNP_0350","lnp_id",5
"PAIR_05460","VP_020","LNP_0039","lnp_id",1
"PAIR_05461","VP_038","LNP_0189","lnp_id",2
"PAIR_05462","VP_053","LNP_0121","lnp_id",1
"PAIR_05463","VP_153","LNP_0030","lnp_id",5
"PAIR_05464","VP_140","LNP_0443","lnp_id",5
"PAIR_05465","VP_101","LNP_0478","lnp_id",5
"PAIR_05466","VP_081","LNP_0162","lnp_id",2
"PAIR_05467","VP_174","LNP_0257","lnp_id",3
"PAIR_05468","VP_099","LNP_0391","lnp_id",2
"PAIR_05469","VP_091","LNP_0276","lnp_id",5
"PAIR_05470","VP_111","LNP_0347","lnp_id",4
"PAIR_05471","VP_125","LNP_0494","lnp_id",4
"PAIR_05472","VP_184","LNP_0188","lnp_id",5
"PAIR_05473","VP_126","LNP_0282","lnp_id",1
"PAIR_05474","VP_157","LNP_0457","lnp_id",1
"PAIR_05475","VP_111","LNP_0031","lnp_id",4
"PAIR_05476","VP_183","LNP_0038","lnp_id",4
"PAIR_05477","VP_164","LNP_0131","lnp_id",1
"PAIR_05478","VP_190","LNP_0123","lnp_id",2
"PAIR_05479","VP_006","LNP_0376","lnp_id",3
"PAIR_05480","VP_068","LNP_0124","lnp_id",3
"PAIR_05481","VP_043","LNP_0080","lnp_id",4
"PAIR_05482","VP_143","LNP_0098","lnp_id",4
"PAIR_05483","VP_033","LNP_0393","lnp_id",4
"PAIR_05484","VP_001","LNP_0165","lnp_id",3
"PAIR_05485","VP_095","LNP_0114","lnp_id",2
"PAIR_05486","VP_108","LNP_0347","lnp_id",4
"PAIR_05487","VP_124","LNP_0235","lnp_id",2
"PAIR_05488","VP_066","LNP_0367","lnp_id",3
"PAIR_05489","VP_098","LNP_0461","lnp_id",3
"PAIR_05490","VP_051","LNP_0412","lnp_id",3
"PAIR_05491","VP_014","LNP_0498","lnp_id",4
"PAIR_05492","VP_175","LNP_0348","lnp_id",4
"PAIR_05493","VP_140","LNP_0150","lnp_id",1
"PAIR_05494","VP_193","LNP_0059","lnp_id",1
"PAIR_05495","VP_047","LNP_0223","lnp_id",4
"PAIR_05496","VP_187","LNP_0222","lnp_id",2
"PAIR_05497","VP_064","LNP_0263","lnp_id",2
"PAIR_05498","VP_177","LNP_0286","lnp_id",4
"PAIR_05499","VP_017","LNP_0010","lnp_id",4
"PAIR_05500","VP_115","LNP_0057","lnp_id",5
"PAIR_05501","VP_044","LNP_0007","lnp_id",3
"PAIR_05502","VP_194","LNP_0397","lnp_id",2
"PAIR_05503","VP_123","LNP_0085","lnp_id",4
"PAIR_05504","VP_135","LNP_0372","lnp_id",4
"PAIR_05505","VP_155","LNP_0209","lnp_id",4
"PAIR_05506","VP_093","LNP_0297","lnp_id",4
"PAIR_05507","VP_143","LNP_0150","lnp_id",1
"PAIR_05508","VP_195","LNP_0387","lnp_id",2
"PAIR_05509","VP_079","LNP_0071","lnp_id",5
"PAIR_05510","VP_141","LNP_0341","lnp_id",5
"PAIR_05511","VP_123","LNP_0354","lnp_id",4
"PAIR_05512","VP_133","LNP_0442","lnp_id",5
"PAIR_05513","VP_190","LNP_0398","lnp_id",5
"PAIR_05514","VP_168","LNP_0049","lnp_id",3
"PAIR_05515","VP_143","LNP_0433","lnp_id",1
"PAIR_05516","VP_061","LNP_0387","lnp_id",2
"PAIR_05517","VP_142","LNP_0316","lnp_id",5
"PAIR_05518","VP_130","LNP_0477","lnp_id",5
"PAIR_05519","VP_036","LNP_0298","lnp_id",3
"PAIR_05520","VP_194","LNP_0455","lnp_id",2
"PAIR_05521","VP_097","LNP_0366","lnp_id",3
"PAIR_05522","VP_182","LNP_0130","lnp_id",4
"PAIR_05523","VP_167","LNP_0436","lnp_id",2
"PAIR_05524","VP_023","LNP_0139","lnp_id",4
"PAIR_05525","VP_141","LNP_0384","lnp_id",3
"PAIR_05526","VP_143","LNP_0194","lnp_id",4
"PAIR_05527","VP_162","LNP_0218","lnp_id",3
"PAIR_05528","VP_143","LNP_0330","lnp_id",5
"PAIR_05529","VP_180","LNP_0394","lnp_id",2
"PAIR_05530","VP_148","LNP_0443","lnp_id",5
"PAIR_05531","VP_148","LNP_0258","lnp_id",5
"PAIR_05532","VP_022","LNP_0337","lnp_id",3
"PAIR_05533","VP_118","LNP_0222","lnp_id",2
"PAIR_05534","VP_059","LNP_0281","lnp_id",3
"PAIR_05535","VP_152","LNP_0199","lnp_id",1
"PAIR_05536","VP_077","LNP_0227","lnp_id",1
"PAIR_05537","VP_010","LNP_0473","lnp_id",1
"PAIR_05538","VP_195","LNP_0448","lnp_id",3
"PAIR_05539","VP_064","LNP_0147","lnp_id",1
"PAIR_05540","VP_070","LNP_0275","lnp_id",2
"PAIR_05541","VP_031","LNP_0396","lnp_id",3
"PAIR_05542","VP_058","LNP_0108","lnp_id",2
"PAIR_05543","VP_060","LNP_0126","lnp_id",1
"PAIR_05544","VP_149","LNP_0350","lnp_id",5
"PAIR_05545","VP_037","LNP_0047","lnp_id",5
"PAIR_05546","VP_184","LNP_0294","lnp_id",4
"PAIR_05547","VP_128","LNP_0139","lnp_id",4
"PAIR_05548","VP_063","LNP_0444","lnp_id",3
"PAIR_05549","VP_150","LNP_0359","lnp_id",2
"PAIR_05550","VP_046","LNP_0095","lnp_id",2
"PAIR_05551","VP_118","LNP_0126","lnp_id",1
"PAIR_05552","VP_146","LNP_0159","lnp_id",5
"PAIR_05553","VP_005","LNP_0040","lnp_id",3
"PAIR_05554","VP_187","LNP_0329","lnp_id",3
"PAIR_05555","VP_056","LNP_0433","lnp_id",1
"PAIR_05556","VP_017","LNP_0180","lnp_id",4
"PAIR_05557","VP_125","LNP_0152","lnp_id",4
"PAIR_05558","VP_034","LNP_0411","lnp_id",1
"PAIR_05559","VP_132","LNP_0339","lnp_id",2
"PAIR_05560","VP_096","LNP_0012","lnp_id",3
"PAIR_05561","VP_027","LNP_0146","lnp_id",1
"PAIR_05562","VP_157","LNP_0422","lnp_id",3
"PAIR_05563","VP_008","LNP_0418","lnp_id",1
"PAIR_05564","VP_067","LNP_0391","lnp_id",2
"PAIR_05565","VP_004","LNP_0454","lnp_id",5
"PAIR_05566","VP_194","LNP_0444","lnp_id",3
"PAIR_05567","VP_074","LNP_0064","lnp_id",5
"PAIR_05568","VP_082","LNP_0197","lnp_id",5
"PAIR_05569","VP_024","LNP_0158","lnp_id",5
"PAIR_05570","VP_005","LNP_0398","lnp_id",5
"PAIR_05571","VP_069","LNP_0369","lnp_id",2
"PAIR_05572","VP_093","LNP_0228","lnp_id",1
"PAIR_05573","VP_017","LNP_0107","lnp_id",1
"PAIR_05574","VP_150","LNP_0079","lnp_id",2
"PAIR_05575","VP_065","LNP_0260","lnp_id",1
"PAIR_05576","VP_014","LNP_0339","lnp_id",2
"PAIR_05577","VP_140","LNP_0466","lnp_id",3
"PAIR_05578","VP_046","LNP_0080","lnp_id",4
"PAIR_05579","VP_092","LNP_0281","lnp_id",3
"PAIR_05580","VP_051","LNP_0100","lnp_id",2
"PAIR_05581","VP_143","LNP_0148","lnp_id",2
"PAIR_05582","VP_147","LNP_0250","lnp_id",5
"PAIR_05583","VP_025","LNP_0077","lnp_id",3
"PAIR_05584","VP_021","LNP_0324","lnp_id",3
"PAIR_05585","VP_089","LNP_0199","lnp_id",1
"PAIR_05586","VP_079","LNP_0229","lnp_id",1
"PAIR_05587","VP_093","LNP_0419","lnp_id",4
"PAIR_05588","VP_178","LNP_0177","lnp_id",4
"PAIR_05589","VP_104","LNP_0394","lnp_id",2
"PAIR_05590","VP_178","LNP_0469","lnp_id",3
"PAIR_05591","VP_146","LNP_0412","lnp_id",3
"PAIR_05592","VP_136","LNP_0352","lnp_id",4
"PAIR_05593","VP_049","LNP_0343","lnp_id",2
"PAIR_05594","VP_191","LNP_0438","lnp_id",5
"PAIR_05595","VP_175","LNP_0146","lnp_id",1
"PAIR_05596","VP_119","LNP_0225","lnp_id",1
"PAIR_05597","VP_128","LNP_0374","lnp_id",2
"PAIR_05598","VP_049","LNP_0145","lnp_id",3
"PAIR_05599","VP_043","LNP_0249","lnp_id",1
"PAIR_05600","VP_126","LNP_0363","lnp_id",2
"PAIR_05601","VP_097","LNP_0232","lnp_id",4
"PAIR_05602","VP_100","LNP_0202","lnp_id",1
"PAIR_05603","VP_142","LNP_0264","lnp_id",1
"PAIR_05604","VP_081","LNP_0434","lnp_id",3
"PAIR_05605","VP_180","LNP_0193","lnp_id",1
"PAIR_05606","VP_191","LNP_0347","lnp_id",4
"PAIR_05607","VP_158","LNP_0051","lnp_id",1
"PAIR_05608","VP_125","LNP_0405","lnp_id",4
"PAIR_05609","VP_025","LNP_0484","lnp_id",3
"PAIR_05610","VP_088","LNP_0390","lnp_id",3
"PAIR_05611","VP_088","LNP_0390","lnp_id",3
"PAIR_05612","VP_122","LNP_0301","lnp_id",1
"PAIR_05613","VP_040","LNP_0357","lnp_id",2
"PAIR_05614","VP_133","LNP_0270","lnp_id",1
"PAIR_05615","VP_155","LNP_0275","lnp_id",2
"PAIR_05616","VP_089","LNP_0358","lnp_id",4
"PAIR_05617","VP_118","LNP_0201","lnp_id",3
"PAIR_05618","VP_112","LNP_0360","lnp_id",5
"PAIR_05619","VP_183","LNP_0153","lnp_id",2
"PAIR_05620","VP_119","LNP_0330","lnp_id",5
"PAIR_05621","VP_150","LNP_0443","lnp_id",5
"PAIR_05622","VP_187","LNP_0413","lnp_id",5
"PAIR_05623","VP_013","LNP_0264","lnp_id",1
"PAIR_05624","VP_094","LNP_0020","lnp_id",1
"PAIR_05625","VP_083","LNP_0442","lnp_id",5
"PAIR_05626","VP_175","LNP_0410","lnp_id",2
"PAIR_05627","VP_160","LNP_0180","lnp_id",4
"PAIR_05628","VP_103","LNP_0260","lnp_id",1
"PAIR_05629","VP_167","LNP_0045","lnp_id",2
"PAIR_05630","VP_077","LNP_0363","lnp_id",2
"PAIR_05631","VP_173","LNP_0300","lnp_id",2
"PAIR_05632","VP_186","LNP_0312","lnp_id",2
"PAIR_05633","VP_014","LNP_0372","lnp_id",4
"PAIR_05634","VP_112","LNP_0406","lnp_id",3
"PAIR_05635","VP_127","LNP_0437","lnp_id",1
"PAIR_05636","VP_191","LNP_0306","lnp_id",2
"PAIR_05637","VP_099","LNP_0330","lnp_id",5
"PAIR_05638","VP_147","LNP_0194","lnp_id",4
"PAIR_05639","VP_094","LNP_0306","lnp_id",2
"PAIR_05640","VP_032","LNP_0276","lnp_id",5
"PAIR_05641","VP_016","LNP_0394","lnp_id",2
"PAIR_05642","VP_179","LNP_0089","lnp_id",2
"PAIR_05643","VP_057","LNP_0366","lnp_id",3
"PAIR_05644","VP_066","LNP_0283","lnp_id",1
"PAIR_05645","VP_116","LNP_0043","lnp_id",3
"PAIR_05646","VP_130","LNP_0261","lnp_id",1
"PAIR_05647","VP_161","LNP_0243","lnp_id",3
"PAIR_05648","VP_194","LNP_0099","lnp_id",5
"PAIR_05649","VP_024","LNP_0102","lnp_id",3
"PAIR_05650","VP_122","LNP_0042","lnp_id",4
"PAIR_05651","VP_135","LNP_0094","lnp_id",1
"PAIR_05652","VP_182","LNP_0261","lnp_id",1
"PAIR_05653","VP_098","LNP_0237","lnp_id",4
"PAIR_05654","VP_008","LNP_0300","lnp_id",2
"PAIR_05655","VP_198","LNP_0405","lnp_id",4
"PAIR_05656","VP_118","LNP_0233","lnp_id",2
"PAIR_05657","VP_042","LNP_0100","lnp_id",2
"PAIR_05658","VP_131","LNP_0087","lnp_id",2
"PAIR_05659","VP_156","LNP_0337","lnp_id",3
"PAIR_05660","VP_009","LNP_0387","lnp_id",2
"PAIR_05661","VP_125","LNP_0404","lnp_id",3
"PAIR_05662","VP_047","LNP_0459","lnp_id",4
"PAIR_05663","VP_189","LNP_0007","lnp_id",3
"PAIR_05664","VP_181","LNP_0307","lnp_id",1
"PAIR_05665","VP_155","LNP_0406","lnp_id",3
"PAIR_05666","VP_156","LNP_0190","lnp_id",4
"PAIR_05667","VP_049","LNP_0375","lnp_id",4
"PAIR_05668","VP_082","LNP_0405","lnp_id",4
"PAIR_05669","VP_152","LNP_0367","lnp_id",3
"PAIR_05670","VP_161","LNP_0220","lnp_id",2
"PAIR_05671","VP_099","LNP_0344","lnp_id",5
"PAIR_05672","VP_016","LNP_0310","lnp_id",1
"PAIR_05673","VP_042","LNP_0279","lnp_id",5
"PAIR_05674","VP_036","LNP_0008","lnp_id",4
"PAIR_05675","VP_085","LNP_0281","lnp_id",3
"PAIR_05676","VP_200","LNP_0390","lnp_id",3
"PAIR_05677","VP_031","LNP_0061","lnp_id",1
"PAIR_05678","VP_049","LNP_0240","lnp_id",2
"PAIR_05679","VP_061","LNP_0262","lnp_id",4
"PAIR_05680","VP_036","LNP_0119","lnp_id",5
"PAIR_05681","VP_127","LNP_0479","lnp_id",5
"PAIR_05682","VP_011","LNP_0469","lnp_id",3
"PAIR_05683","VP_074","LNP_0225","lnp_id",1
"PAIR_05684","VP_100","LNP_0197","lnp_id",5
"PAIR_05685","VP_056","LNP_0207","lnp_id",1
"PAIR_05686","VP_044","LNP_0398","lnp_id",5
"PAIR_05687","VP_004","LNP_0281","lnp_id",3
"PAIR_05688","VP_042","LNP_0080","lnp_id",4
"PAIR_05689","VP_114","LNP_0320","lnp_id",2
"PAIR_05690","VP_172","LNP_0250","lnp_id",5
"PAIR_05691","VP_187","LNP_0051","lnp_id",1
"PAIR_05692","VP_194","LNP_0157","lnp_id",3
"PAIR_05693","VP_060","LNP_0130","lnp_id",4
"PAIR_05694","VP_019","LNP_0266","lnp_id",2
"PAIR_05695","VP_192","LNP_0445","lnp_id",1
"PAIR_05696","VP_017","LNP_0021","lnp_id",2
"PAIR_05697","VP_109","LNP_0438","lnp_id",5
"PAIR_05698","VP_046","LNP_0104","lnp_id",5
"PAIR_05699","VP_136","LNP_0182","lnp_id",2
"PAIR_05700","VP_053","LNP_0351","lnp_id",2
"PAIR_05701","VP_043","LNP_0398","lnp_id",5
"PAIR_05702","VP_101","LNP_0031","lnp_id",4
"PAIR_05703","VP_110","LNP_0440","lnp_id",3
"PAIR_05704","VP_184","LNP_0022","lnp_id",2
"PAIR_05705","VP_004","LNP_0396","lnp_id",3
"PAIR_05706","VP_180","LNP_0273","lnp_id",3
"PAIR_05707","VP_067","LNP_0013","lnp_id",2
"PAIR_05708","VP_110","LNP_0085","lnp_id",4
"PAIR_05709","VP_036","LNP_0039","lnp_id",1
"PAIR_05710","VP_121","LNP_0342","lnp_id",4
"PAIR_05711","VP_069","LNP_0299","lnp_id",3
"PAIR_05712","VP_185","LNP_0243","lnp_id",3
"PAIR_05713","VP_162","LNP_0138","lnp_id",5
"PAIR_05714","VP_145","LNP_0262","lnp_id",4
"PAIR_05715","VP_010","LNP_0342","lnp_id",4
"PAIR_05716","VP_132","LNP_0269","lnp_id",5
"PAIR_05717","VP_058","LNP_0140","lnp_id",4
"PAIR_05718","VP_187","LNP_0324","lnp_id",3
"PAIR_05719","VP_032","LNP_0178","lnp_id",4
"PAIR_05720","VP_122","LNP_0152","lnp_id",4
"PAIR_05721","VP_069","LNP_0032","lnp_id",2
"PAIR_05722","VP_099","LNP_0471","lnp_id",2
"PAIR_05723","VP_138","LNP_0445","lnp_id",1
"PAIR_05724","VP_133","LNP_0399","lnp_id",3
"PAIR_05725","VP_001","LNP_0159","lnp_id",5
"PAIR_05726","VP_178","LNP_0196","lnp_id",2
"PAIR_05727","VP_047","LNP_0190","lnp_id",4
"PAIR_05728","VP_146","LNP_0204","lnp_id",3
"PAIR_05729","VP_074","LNP_0065","lnp_id",5
"PAIR_05730","VP_081","LNP_0411","lnp_id",1
"PAIR_05731","VP_090","LNP_0117","lnp_id",3
"PAIR_05732","VP_007","LNP_0040","lnp_id",3
"PAIR_05733","VP_112","LNP_0258","lnp_id",5
"PAIR_05734","VP_014","LNP_0242","lnp_id",1
"PAIR_05735","VP_021","LNP_0111","lnp_id",4
"PAIR_05736","VP_171","LNP_0211","lnp_id",5
"PAIR_05737","VP_172","LNP_0453","lnp_id",4
"PAIR_05738","VP_077","LNP_0395","lnp_id",1
"PAIR_05739","VP_111","LNP_0216","lnp_id",1
"PAIR_05740","VP_095","LNP_0398","lnp_id",5
"PAIR_05741","VP_161","LNP_0320","lnp_id",2
"PAIR_05742","VP_065","LNP_0195","lnp_id",3
"PAIR_05743","VP_058","LNP_0167","lnp_id",5
"PAIR_05744","VP_175","LNP_0117","lnp_id",3
"PAIR_05745","VP_189","LNP_0174","lnp_id",1
"PAIR_05746","VP_139","LNP_0214","lnp_id",3
"PAIR_05747","VP_085","LNP_0400","lnp_id",3
"PAIR_05748","VP_091","LNP_0302","lnp_id",4
"PAIR_05749","VP_101","LNP_0344","lnp_id",5
"PAIR_05750","VP_131","LNP_0241","lnp_id",1
"PAIR_05751","VP_162","LNP_0425","lnp_id",5
"PAIR_05752","VP_140","LNP_0495","lnp_id",2
"PAIR_05753","VP_148","LNP_0396","lnp_id",3
"PAIR_05754","VP_059","LNP_0008","lnp_id",4
"PAIR_05755","VP_120","LNP_0111","lnp_id",4
"PAIR_05756","VP_062","LNP_0211","lnp_id",5
"PAIR_05757","VP_166","LNP_0067","lnp_id",2
"PAIR_05758","VP_199","LNP_0319","lnp_id",3
"PAIR_05759","VP_036","LNP_0475","lnp_id",1
"PAIR_05760","VP_190","LNP_0457","lnp_id",1
"PAIR_05761","VP_136","LNP_0410","lnp_id",2
"PAIR_05762","VP_142","LNP_0145","lnp_id",3
"PAIR_05763","VP_185","LNP_0432","lnp_id",5
"PAIR_05764","VP_062","LNP_0340","lnp_id",5
"PAIR_05765","VP_027","LNP_0065","lnp_id",5
"PAIR_05766","VP_122","LNP_0412","lnp_id",3
"PAIR_05767","VP_126","LNP_0193","lnp_id",1
"PAIR_05768","VP_055","LNP_0433","lnp_id",1
"PAIR_05769","VP_032","LNP_0270","lnp_id",1
"PAIR_05770","VP_024","LNP_0212","lnp_id",4
"PAIR_05771","VP_103","LNP_0225","lnp_id",1
"PAIR_05772","VP_150","LNP_0337","lnp_id",3
"PAIR_05773","VP_038","LNP_0103","lnp_id",5
"PAIR_05774","VP_085","LNP_0377","lnp_id",4
"PAIR_05775","VP_083","LNP_0333","lnp_id",2
"PAIR_05776","VP_023","LNP_0048","lnp_id",1
"PAIR_05777","VP_143","LNP_0432","lnp_id",5
"PAIR_05778","VP_009","LNP_0278","lnp_id",4
"PAIR_05779","VP_051","LNP_0202","lnp_id",1
"PAIR_05780","VP_095","LNP_0181","lnp_id",3
"PAIR_05781","VP_198","LNP_0219","lnp_id",3
"PAIR_05782","VP_105","LNP_0207","lnp_id",1
"PAIR_05783","VP_092","LNP_0068","lnp_id",2
"PAIR_05784","VP_079","LNP_0095","lnp_id",2
"PAIR_05785","VP_004","LNP_0136","lnp_id",2
"PAIR_05786","VP_169","LNP_0475","lnp_id",1
"PAIR_05787","VP_104","LNP_0147","lnp_id",1
"PAIR_05788","VP_039","LNP_0226","lnp_id",2
"PAIR_05789","VP_074","LNP_0253","lnp_id",2
"PAIR_05790","VP_140","LNP_0243","lnp_id",3
"PAIR_05791","VP_107","LNP_0141","lnp_id",5
"PAIR_05792","VP_198","LNP_0112","lnp_id",3
"PAIR_05793","VP_139","LNP_0351","lnp_id",2
"PAIR_05794","VP_009","LNP_0051","lnp_id",1
"PAIR_05795","VP_028","LNP_0047","lnp_id",5
"PAIR_05796","VP_147","LNP_0268","lnp_id",3
"PAIR_05797","VP_192","LNP_0331","lnp_id",1
"PAIR_05798","VP_147","LNP_0066","lnp_id",2
"PAIR_05799","VP_002","LNP_0253","lnp_id",2
"PAIR_05800","VP_185","LNP_0368","lnp_id",5
"PAIR_05801","VP_047","LNP_0280","lnp_id",1
"PAIR_05802","VP_118","LNP_0301","lnp_id",1
"PAIR_05803","VP_055","LNP_0117","lnp_id",3
"PAIR_05804","VP_092","LNP_0313","lnp_id",5
"PAIR_05805","VP_113","LNP_0397","lnp_id",2
"PAIR_05806","VP_042","LNP_0222","lnp_id",2
"PAIR_05807","VP_120","LNP_0198","lnp_id",2
"PAIR_05808","VP_184","LNP_0122","lnp_id",3
"PAIR_05809","VP_110","LNP_0182","lnp_id",2
"PAIR_05810","VP_055","LNP_0163","lnp_id",1
"PAIR_05811","VP_139","LNP_0253","lnp_id",2
"PAIR_05812","VP_195","LNP_0424","lnp_id",1
"PAIR_05813","VP_047","LNP_0406","lnp_id",3
"PAIR_05814","VP_163","LNP_0095","lnp_id",2
"PAIR_05815","VP_150","LNP_0483","lnp_id",3
"PAIR_05816","VP_079","LNP_0344","lnp_id",5
"PAIR_05817","VP_049","LNP_0318","lnp_id",3
"PAIR_05818","VP_177","LNP_0374","lnp_id",2
"PAIR_05819","VP_122","LNP_0371","lnp_id",4
"PAIR_05820","VP_026","LNP_0064","lnp_id",5
"PAIR_05821","VP_099","LNP_0287","lnp_id",5
"PAIR_05822","VP_064","LNP_0495","lnp_id",2
"PAIR_05823","VP_171","LNP_0019","lnp_id",4
"PAIR_05824","VP_089","LNP_0055","lnp_id",1
"PAIR_05825","VP_107","LNP_0373","lnp_id",4
"PAIR_05826","VP_071","LNP_0487","lnp_id",5
"PAIR_05827","VP_095","LNP_0183","lnp_id",4
"PAIR_05828","VP_110","LNP_0381","lnp_id",4
"PAIR_05829","VP_089","LNP_0089","lnp_id",2
"PAIR_05830","VP_018","LNP_0392","lnp_id",5
"PAIR_05831","VP_114","LNP_0008","lnp_id",4
"PAIR_05832","VP_147","LNP_0188","lnp_id",5
"PAIR_05833","VP_027","LNP_0061","lnp_id",1
"PAIR_05834","VP_200","LNP_0384","lnp_id",3
"PAIR_05835","VP_076","LNP_0309","lnp_id",2
"PAIR_05836","VP_090","LNP_0483","lnp_id",3
"PAIR_05837","VP_071","LNP_0127","lnp_id",1
"PAIR_05838","VP_029","LNP_0135","lnp_id",4
"PAIR_05839","VP_150","LNP_0467","lnp_id",3
"PAIR_05840","VP_182","LNP_0476","lnp_id",1
"PAIR_05841","VP_152","LNP_0365","lnp_id",2
"PAIR_05842","VP_071","LNP_0081","lnp_id",2
"PAIR_05843","VP_045","LNP_0153","lnp_id",2
"PAIR_05844","VP_191","LNP_0026","lnp_id",1
"PAIR_05845","VP_117","LNP_0359","lnp_id",2
"PAIR_05846","VP_085","LNP_0360","lnp_id",5
"PAIR_05847","VP_155","LNP_0097","lnp_id",5
"PAIR_05848","VP_139","LNP_0267","lnp_id",5
"PAIR_05849","VP_193","LNP_0086","lnp_id",3
"PAIR_05850","VP_029","LNP_0032","lnp_id",2
"PAIR_05851","VP_021","LNP_0085","lnp_id",4
"PAIR_05852","VP_099","LNP_0394","lnp_id",2
"PAIR_05853","VP_023","LNP_0473","lnp_id",1
"PAIR_05854","VP_188","LNP_0446","lnp_id",1
"PAIR_05855","VP_174","LNP_0260","lnp_id",1
"PAIR_05856","VP_055","LNP_0067","lnp_id",2
"PAIR_05857","VP_020","LNP_0304","lnp_id",2
"PAIR_05858","VP_050","LNP_0228","lnp_id",1
"PAIR_05859","VP_126","LNP_0328","lnp_id",3
"PAIR_05860","VP_096","LNP_0137","lnp_id",3
"PAIR_05861","VP_007","LNP_0248","lnp_id",2
"PAIR_05862","VP_179","LNP_0300","lnp_id",2
"PAIR_05863","VP_125","LNP_0472","lnp_id",1
"PAIR_05864","VP_185","LNP_0282","lnp_id",1
"PAIR_05865","VP_112","LNP_0346","lnp_id",3
"PAIR_05866","VP_077","LNP_0141","lnp_id",5
"PAIR_05867","VP_029","LNP_0077","lnp_id",3
"PAIR_05868","VP_079","LNP_0072","lnp_id",2
"PAIR_05869","VP_122","LNP_0471","lnp_id",2
"PAIR_05870","VP_071","LNP_0007","lnp_id",3
"PAIR_05871","VP_063","LNP_0450","lnp_id",1
"PAIR_05872","VP_193","LNP_0281","lnp_id",3
"PAIR_05873","VP_188","LNP_0430","lnp_id",4
"PAIR_05874","VP_135","LNP_0491","lnp_id",5
"PAIR_05875","VP_162","LNP_0331","lnp_id",1
"PAIR_05876","VP_066","LNP_0209","lnp_id",4
"PAIR_05877","VP_101","LNP_0058","lnp_id",3
"PAIR_05878","VP_120","LNP_0366","lnp_id",3
"PAIR_05879","VP_024","LNP_0203","lnp_id",4
"PAIR_05880","VP_154","LNP_0160","lnp_id",4
"PAIR_05881","VP_086","LNP_0373","lnp_id",4
"PAIR_05882","VP_154","LNP_0190","lnp_id",4
"PAIR_05883","VP_021","LNP_0309","lnp_id",2
"PAIR_05884","VP_172","LNP_0191","lnp_id",3
"PAIR_05885","VP_181","LNP_0217","lnp_id",4
"PAIR_05886","VP_114","LNP_0086","lnp_id",3
"PAIR_05887","VP_169","LNP_0079","lnp_id",2
"PAIR_05888","VP_125","LNP_0112","lnp_id",3
"PAIR_05889","VP_116","LNP_0172","lnp_id",1
"PAIR_05890","VP_092","LNP_0104","lnp_id",5
"PAIR_05891","VP_117","LNP_0341","lnp_id",5
"PAIR_05892","VP_134","LNP_0249","lnp_id",1
"PAIR_05893","VP_161","LNP_0381","lnp_id",4
"PAIR_05894","VP_144","LNP_0011","lnp_id",5
"PAIR_05895","VP_136","LNP_0352","lnp_id",4
"PAIR_05896","VP_018","LNP_0187","lnp_id",2
"PAIR_05897","VP_079","LNP_0292","lnp_id",3
"PAIR_05898","VP_023","LNP_0432","lnp_id",5
"PAIR_05899","VP_143","LNP_0468","lnp_id",4
"PAIR_05900","VP_105","LNP_0235","lnp_id",2
"PAIR_05901","VP_132","LNP_0063","lnp_id",1
"PAIR_05902","VP_052","LNP_0436","lnp_id",2
"PAIR_05903","VP_160","LNP_0022","lnp_id",2
"PAIR_05904","VP_160","LNP_0370","lnp_id",2
"PAIR_05905","VP_111","LNP_0407","lnp_id",4
"PAIR_05906","VP_167","LNP_0424","lnp_id",1
"PAIR_05907","VP_183","LNP_0341","lnp_id",5
"PAIR_05908","VP_046","LNP_0204","lnp_id",3
"PAIR_05909","VP_168","LNP_0377","lnp_id",4
"PAIR_05910","VP_074","LNP_0490","lnp_id",5
"PAIR_05911","VP_184","LNP_0409","lnp_id",5
"PAIR_05912","VP_071","LNP_0190","lnp_id",4
"PAIR_05913","VP_004","LNP_0051","lnp_id",1
"PAIR_05914","VP_138","LNP_0342","lnp_id",4
"PAIR_05915","VP_161","LNP_0145","lnp_id",3
"PAIR_05916","VP_087","LNP_0175","lnp_id",1
"PAIR_05917","VP_193","LNP_0362","lnp_id",4
"PAIR_05918","VP_014","LNP_0306","lnp_id",2
"PAIR_05919","VP_053","LNP_0426","lnp_id",4
"PAIR_05920","VP_159","LNP_0408","lnp_id",4
"PAIR_05921","VP_012","LNP_0124","lnp_id",3
"PAIR_05922","VP_167","LNP_0093","lnp_id",3
"PAIR_05923","VP_087","LNP_0076","lnp_id",1
"PAIR_05924","VP_119","LNP_0301","lnp_id",1
"PAIR_05925","VP_053","LNP_0189","lnp_id",2
"PAIR_05926","VP_055","LNP_0466","lnp_id",3
"PAIR_05927","VP_065","LNP_0318","lnp_id",3
"PAIR_05928","VP_179","LNP_0006","lnp_id",4
"PAIR_05929","VP_036","LNP_0388","lnp_id",5
"PAIR_05930","VP_044","LNP_0312","lnp_id",2
"PAIR_05931","VP_145","LNP_0120","lnp_id",4
"PAIR_05932","VP_127","LNP_0250","lnp_id",5
"PAIR_05933","VP_021","LNP_0436","lnp_id",2
"PAIR_05934","VP_043","LNP_0449","lnp_id",3
"PAIR_05935","VP_081","LNP_0351","lnp_id",2
"PAIR_05936","VP_157","LNP_0149","lnp_id",1
"PAIR_05937","VP_083","LNP_0400","lnp_id",3
"PAIR_05938","VP_144","LNP_0459","lnp_id",4
"PAIR_05939","VP_039","LNP_0412","lnp_id",3
"PAIR_05940","VP_050","LNP_0307","lnp_id",1
"PAIR_05941","VP_073","LNP_0424","lnp_id",1
"PAIR_05942","VP_148","LNP_0033","lnp_id",3
"PAIR_05943","VP_034","LNP_0211","lnp_id",5
"PAIR_05944","VP_123","LNP_0179","lnp_id",4
"PAIR_05945","VP_196","LNP_0112","lnp_id",3
"PAIR_05946","VP_069","LNP_0239","lnp_id",4
"PAIR_05947","VP_175","LNP_0338","lnp_id",2
"PAIR_05948","VP_019","LNP_0217","lnp_id",4
"PAIR_05949","VP_014","LNP_0429","lnp_id",2
"PAIR_05950","VP_170","LNP_0335","lnp_id",1
"PAIR_05951","VP_087","LNP_0362","lnp_id",4
"PAIR_05952","VP_087","LNP_0111","lnp_id",4
"PAIR_05953","VP_190","LNP_0095","lnp_id",2
"PAIR_05954","VP_123","LNP_0175","lnp_id",1
"PAIR_05955","VP_160","LNP_0304","lnp_id",2
"PAIR_05956","VP_053","LNP_0331","lnp_id",1
"PAIR_05957","VP_189","LNP_0342","lnp_id",4
"PAIR_05958","VP_071","LNP_0186","lnp_id",2
"PAIR_05959","VP_039","LNP_0155","lnp_id",5
"PAIR_05960","VP_178","LNP_0470","lnp_id",4
"PAIR_05961","VP_023","LNP_0102","lnp_id",3
"PAIR_05962","VP_054","LNP_0376","lnp_id",3
"PAIR_05963","VP_161","LNP_0064","lnp_id",5
"PAIR_05964","VP_096","LNP_0356","lnp_id",5
"PAIR_05965","VP_193","LNP_0026","lnp_id",1
"PAIR_05966","VP_132","LNP_0142","lnp_id",4
"PAIR_05967","VP_055","LNP_0090","lnp_id",5
"PAIR_05968","VP_164","LNP_0108","lnp_id",2
"PAIR_05969","VP_053","LNP_0487","lnp_id",5
"PAIR_05970","VP_066","LNP_0193","lnp_id",1
"PAIR_05971","VP_089","LNP_0160","lnp_id",4
"PAIR_05972","VP_030","LNP_0329","lnp_id",3
"PAIR_05973","VP_060","LNP_0090","lnp_id",5
"PAIR_05974","VP_095","LNP_0468","lnp_id",4
"PAIR_05975","VP_052","LNP_0162","lnp_id",2
"PAIR_05976","VP_094","LNP_0067","lnp_id",2
"PAIR_05977","VP_182","LNP_0091","lnp_id",3
"PAIR_05978","VP_146","LNP_0313","lnp_id",5
"PAIR_05979","VP_049","LNP_0483","lnp_id",3
"PAIR_05980","VP_192","LNP_0039","lnp_id",1
"PAIR_05981","VP_137","LNP_0278","lnp_id",4
"PAIR_05982","VP_071","LNP_0343","lnp_id",2
"PAIR_05983","VP_151","LNP_0449","lnp_id",3
"PAIR_05984","VP_145","LNP_0432","lnp_id",5
"PAIR_05985","VP_159","LNP_0176","lnp_id",2
"PAIR_05986","VP_012","LNP_0344","lnp_id",5
"PAIR_05987","VP_055","LNP_0280","lnp_id",1
"PAIR_05988","VP_170","LNP_0314","lnp_id",3
"PAIR_05989","VP_185","LNP_0430","lnp_id",4
"PAIR_05990","VP_055","LNP_0004","lnp_id",2
"PAIR_05991","VP_057","LNP_0236","lnp_id",5
"PAIR_05992","VP_037","LNP_0314","lnp_id",3
"PAIR_05993","VP_021","LNP_0337","lnp_id",3
"PAIR_05994","VP_113","LNP_0262","lnp_id",4
"PAIR_05995","VP_050","LNP_0093","lnp_id",3
"PAIR_05996","VP_060","LNP_0191","lnp_id",3
"PAIR_05997","VP_024","LNP_0015","lnp_id",5
"PAIR_05998","VP_004","LNP_0089","lnp_id",2
"PAIR_05999","VP_042","LNP_0236","lnp_id",5
"PAIR_06000","VP_120","LNP_0274","lnp_id",4
"PAIR_06001","VP_140","LNP_0223","lnp_id",4
"PAIR_06002","VP_040","LNP_0452","lnp_id",2
"PAIR_06003","VP_058","LNP_0428","lnp_id",1
"PAIR_06004","VP_125","LNP_0473","lnp_id",1
"PAIR_06005","VP_187","LNP_0102","lnp_id",3
"PAIR_06006","VP_169","LNP_0475","lnp_id",1
"PAIR_06007","VP_163","LNP_0165","lnp_id",3
"PAIR_06008","VP_086","LNP_0209","lnp_id",4
"PAIR_06009","VP_021","LNP_0170","lnp_id",5
"PAIR_06010","VP_052","LNP_0351","lnp_id",2
"PAIR_06011","VP_076","LNP_0256","lnp_id",2
"PAIR_06012","VP_023","LNP_0098","lnp_id",4
"PAIR_06013","VP_143","LNP_0162","lnp_id",2
"PAIR_06014","VP_031","LNP_0459","lnp_id",4
"PAIR_06015","VP_156","LNP_0380","lnp_id",5
"PAIR_06016","VP_145","LNP_0440","lnp_id",3
"PAIR_06017","VP_030","LNP_0322","lnp_id",5
"PAIR_06018","VP_073","LNP_0078","lnp_id",1
"PAIR_06019","VP_080","LNP_0368","lnp_id",5
"PAIR_06020","VP_091","LNP_0159","lnp_id",5
"PAIR_06021","VP_092","LNP_0152","lnp_id",4
"PAIR_06022","VP_090","LNP_0323","lnp_id",5
"PAIR_06023","VP_128","LNP_0055","lnp_id",1
"PAIR_06024","VP_121","LNP_0190","lnp_id",4
"PAIR_06025","VP_124","LNP_0399","lnp_id",3
"PAIR_06026","VP_161","LNP_0389","lnp_id",3
"PAIR_06027","VP_158","LNP_0374","lnp_id",2
"PAIR_06028","VP_074","LNP_0495","lnp_id",2
"PAIR_06029","VP_118","LNP_0151","lnp_id",1
"PAIR_06030","VP_058","LNP_0291","lnp_id",5
"PAIR_06031","VP_039","LNP_0226","lnp_id",2
"PAIR_06032","VP_044","LNP_0292","lnp_id",3
"PAIR_06033","VP_156","LNP_0037","lnp_id",5
"PAIR_06034","VP_147","LNP_0160","lnp_id",4
"PAIR_06035","VP_067","LNP_0393","lnp_id",4
"PAIR_06036","VP_044","LNP_0036","lnp_id",2
"PAIR_06037","VP_161","LNP_0261","lnp_id",1
"PAIR_06038","VP_002","LNP_0264","lnp_id",1
"PAIR_06039","VP_046","LNP_0195","lnp_id",3
"PAIR_06040","VP_007","LNP_0018","lnp_id",1
"PAIR_06041","VP_175","LNP_0300","lnp_id",2
"PAIR_06042","VP_109","LNP_0233","lnp_id",2
"PAIR_06043","VP_147","LNP_0012","lnp_id",3
"PAIR_06044","VP_097","LNP_0095","lnp_id",2
"PAIR_06045","VP_187","LNP_0127","lnp_id",1
"PAIR_06046","VP_005","LNP_0328","lnp_id",3
"PAIR_06047","VP_002","LNP_0032","lnp_id",2
"PAIR_06048","VP_058","LNP_0448","lnp_id",3
"PAIR_06049","VP_039","LNP_0404","lnp_id",3
"PAIR_06050","VP_086","LNP_0166","lnp_id",1
"PAIR_06051","VP_180","LNP_0442","lnp_id",5
"PAIR_06052","VP_160","LNP_0193","lnp_id",1
"PAIR_06053","VP_160","LNP_0315","lnp_id",3
"PAIR_06054","VP_188","LNP_0344","lnp_id",5
"PAIR_06055","VP_052","LNP_0348","lnp_id",4
"PAIR_06056","VP_189","LNP_0073","lnp_id",3
"PAIR_06057","VP_123","LNP_0299","lnp_id",3
"PAIR_06058","VP_063","LNP_0406","lnp_id",3
"PAIR_06059","VP_132","LNP_0232","lnp_id",4
"PAIR_06060","VP_064","LNP_0125","lnp_id",5
"PAIR_06061","VP_034","LNP_0053","lnp_id",5
"PAIR_06062","VP_068","LNP_0403","lnp_id",5
"PAIR_06063","VP_072","LNP_0293","lnp_id",4
"PAIR_06064","VP_131","LNP_0385","lnp_id",5
"PAIR_06065","VP_169","LNP_0263","lnp_id",2
"PAIR_06066","VP_200","LNP_0211","lnp_id",5
"PAIR_06067","VP_039","LNP_0307","lnp_id",1
"PAIR_06068","VP_040","LNP_0068","lnp_id",2
"PAIR_06069","VP_132","LNP_0301","lnp_id",1
"PAIR_06070","VP_086","LNP_0488","lnp_id",4
"PAIR_06071","VP_053","LNP_0185","lnp_id",3
"PAIR_06072","VP_088","LNP_0467","lnp_id",3
"PAIR_06073","VP_185","LNP_0480","lnp_id",2
"PAIR_06074","VP_159","LNP_0014","lnp_id",5
"PAIR_06075","VP_152","LNP_0441","lnp_id",1
"PAIR_06076","VP_152","LNP_0436","lnp_id",2
"PAIR_06077","VP_139","LNP_0423","lnp_id",4
"PAIR_06078","VP_155","LNP_0443","lnp_id",5
"PAIR_06079","VP_107","LNP_0181","lnp_id",3
"PAIR_06080","VP_166","LNP_0283","lnp_id",1
"PAIR_06081","VP_100","LNP_0328","lnp_id",3
"PAIR_06082","VP_001","LNP_0150","lnp_id",1
"PAIR_06083","VP_179","LNP_0213","lnp_id",2
"PAIR_06084","VP_163","LNP_0418","lnp_id",1
"PAIR_06085","VP_127","LNP_0106","lnp_id",4
"PAIR_06086","VP_018","LNP_0167","lnp_id",5
"PAIR_06087","VP_008","LNP_0067","lnp_id",2
"PAIR_06088","VP_048","LNP_0029","lnp_id",1
"PAIR_06089","VP_100","LNP_0296","lnp_id",4
"PAIR_06090","VP_122","LNP_0395","lnp_id",1
"PAIR_06091","VP_034","LNP_0029","lnp_id",1
"PAIR_06092","VP_146","LNP_0490","lnp_id",5
"PAIR_06093","VP_126","LNP_0115","lnp_id",4
"PAIR_06094","VP_096","LNP_0410","lnp_id",2
"PAIR_06095","VP_117","LNP_0134","lnp_id",1
"PAIR_06096","VP_122","LNP_0433","lnp_id",1
"PAIR_06097","VP_093","LNP_0036","lnp_id",2
"PAIR_06098","VP_172","LNP_0083","lnp_id",1
"PAIR_06099","VP_145","LNP_0475","lnp_id",1
"PAIR_06100","VP_191","LNP_0406","lnp_id",3
"PAIR_06101","VP_102","LNP_0312","lnp_id",2
"PAIR_06102","VP_015","LNP_0399","lnp_id",3
"PAIR_06103","VP_128","LNP_0197","lnp_id",5
"PAIR_06104","VP_181","LNP_0243","lnp_id",3
"PAIR_06105","VP_021","LNP_0177","lnp_id",4
"PAIR_06106","VP_023","LNP_0437","lnp_id",1
"PAIR_06107","VP_173","LNP_0352","lnp_id",4
"PAIR_06108","VP_061","LNP_0368","lnp_id",5
"PAIR_06109","VP_144","LNP_0260","lnp_id",1
"PAIR_06110","VP_035","LNP_0394","lnp_id",2
"PAIR_06111","VP_051","LNP_0436","lnp_id",2
"PAIR_06112","VP_041","LNP_0234","lnp_id",3
"PAIR_06113","VP_111","LNP_0228","lnp_id",1
"PAIR_06114","VP_127","LNP_0290","lnp_id",4
"PAIR_06115","VP_038","LNP_0478","lnp_id",5
"PAIR_06116","VP_157","LNP_0288","lnp_id",1
"PAIR_06117","VP_073","LNP_0347","lnp_id",4
"PAIR_06118","VP_118","LNP_0218","lnp_id",3
"PAIR_06119","VP_147","LNP_0206","lnp_id",5
"PAIR_06120","VP_119","LNP_0052","lnp_id",3
"PAIR_06121","VP_094","LNP_0147","lnp_id",1
"PAIR_06122","VP_045","LNP_0217","lnp_id",4
"PAIR_06123","VP_092","LNP_0235","lnp_id",2
"PAIR_06124","VP_112","LNP_0406","lnp_id",3
"PAIR_06125","VP_164","LNP_0287","lnp_id",5
"PAIR_06126","VP_060","LNP_0170","lnp_id",5
"PAIR_06127","VP_010","LNP_0140","lnp_id",4
"PAIR_06128","VP_052","LNP_0062","lnp_id",2
"PAIR_06129","VP_088","LNP_0136","lnp_id",2
"PAIR_06130","VP_148","LNP_0078","lnp_id",1
"PAIR_06131","VP_051","LNP_0457","lnp_id",1
"PAIR_06132","VP_161","LNP_0044","lnp_id",2
"PAIR_06133","VP_158","LNP_0417","lnp_id",2
"PAIR_06134","VP_197","LNP_0181","lnp_id",3
"PAIR_06135","VP_016","LNP_0242","lnp_id",1
"PAIR_06136","VP_034","LNP_0009","lnp_id",5
"PAIR_06137","VP_054","LNP_0188","lnp_id",5
"PAIR_06138","VP_187","LNP_0046","lnp_id",3
"PAIR_06139","VP_020","LNP_0110","lnp_id",2
"PAIR_06140","VP_160","LNP_0323","lnp_id",5
"PAIR_06141","VP_069","LNP_0404","lnp_id",3
"PAIR_06142","VP_048","LNP_0203","lnp_id",4
"PAIR_06143","VP_012","LNP_0499","lnp_id",3
"PAIR_06144","VP_055","LNP_0056","lnp_id",1
"PAIR_06145","VP_030","LNP_0272","lnp_id",1
"PAIR_06146","VP_047","LNP_0421","lnp_id",4
"PAIR_06147","VP_001","LNP_0176","lnp_id",2
"PAIR_06148","VP_140","LNP_0133","lnp_id",5
"PAIR_06149","VP_072","LNP_0223","lnp_id",4
"PAIR_06150","VP_074","LNP_0487","lnp_id",5
"PAIR_06151","VP_121","LNP_0397","lnp_id",2
"PAIR_06152","VP_135","LNP_0319","lnp_id",3
"PAIR_06153","VP_138","LNP_0410","lnp_id",2
"PAIR_06154","VP_094","LNP_0043","lnp_id",3
"PAIR_06155","VP_180","LNP_0449","lnp_id",3
"PAIR_06156","VP_198","LNP_0315","lnp_id",3
"PAIR_06157","VP_005","LNP_0061","lnp_id",1
"PAIR_06158","VP_089","LNP_0270","lnp_id",1
"PAIR_06159","VP_007","LNP_0271","lnp_id",4
"PAIR_06160","VP_108","LNP_0254","lnp_id",2
"PAIR_06161","VP_068","LNP_0313","lnp_id",5
"PAIR_06162","VP_166","LNP_0246","lnp_id",2
"PAIR_06163","VP_101","LNP_0291","lnp_id",5
"PAIR_06164","VP_080","LNP_0078","lnp_id",1
"PAIR_06165","VP_041","LNP_0250","lnp_id",5
"PAIR_06166","VP_053","LNP_0243","lnp_id",3
"PAIR_06167","VP_127","LNP_0435","lnp_id",1
"PAIR_06168","VP_068","LNP_0151","lnp_id",1
"PAIR_06169","VP_045","LNP_0175","lnp_id",1
"PAIR_06170","VP_016","LNP_0143","lnp_id",4
"PAIR_06171","VP_045","LNP_0328","lnp_id",3
"PAIR_06172","VP_099","LNP_0096","lnp_id",2
"PAIR_06173","VP_006","LNP_0131","lnp_id",1
"PAIR_06174","VP_017","LNP_0247","lnp_id",1
"PAIR_06175","VP_118","LNP_0376","lnp_id",3
"PAIR_06176","VP_115","LNP_0431","lnp_id",2
"PAIR_06177","VP_054","LNP_0123","lnp_id",2
"PAIR_06178","VP_095","LNP_0224","lnp_id",1
"PAIR_06179","VP_151","LNP_0457","lnp_id",1
"PAIR_06180","VP_198","LNP_0085","lnp_id",4
"PAIR_06181","VP_030","LNP_0380","lnp_id",5
"PAIR_06182","VP_138","LNP_0177","lnp_id",4
"PAIR_06183","VP_084","LNP_0182","lnp_id",2
"PAIR_06184","VP_085","LNP_0464","lnp_id",5
"PAIR_06185","VP_195","LNP_0141","lnp_id",5
"PAIR_06186","VP_042","LNP_0417","lnp_id",2
"PAIR_06187","VP_050","LNP_0328","lnp_id",3
"PAIR_06188","VP_178","LNP_0127","lnp_id",1
"PAIR_06189","VP_026","LNP_0058","lnp_id",3
"PAIR_06190","VP_197","LNP_0402","lnp_id",1
"PAIR_06191","VP_121","LNP_0307","lnp_id",1
"PAIR_06192","VP_088","LNP_0414","lnp_id",4
"PAIR_06193","VP_047","LNP_0029","lnp_id",1
"PAIR_06194","VP_143","LNP_0340","lnp_id",5
"PAIR_06195","VP_194","LNP_0416","lnp_id",1
"PAIR_06196","VP_191","LNP_0003","lnp_id",4
"PAIR_06197","VP_069","LNP_0155","lnp_id",5
"PAIR_06198","VP_145","LNP_0104","lnp_id",5
"PAIR_06199","VP_070","LNP_0182","lnp_id",2
"PAIR_06200","VP_029","LNP_0111","lnp_id",4
"PAIR_06201","VP_062","LNP_0274","lnp_id",4
"PAIR_06202","VP_030","LNP_0237","lnp_id",4
"PAIR_06203","VP_197","LNP_0046","lnp_id",3
"PAIR_06204","VP_132","LNP_0305","lnp_id",3
"PAIR_06205","VP_014","LNP_0307","lnp_id",1
"PAIR_06206","VP_186","LNP_0251","lnp_id",3
"PAIR_06207","VP_149","LNP_0132","lnp_id",4
"PAIR_06208","VP_114","LNP_0048","lnp_id",1
"PAIR_06209","VP_070","LNP_0442","lnp_id",5
"PAIR_06210","VP_102","LNP_0182","lnp_id",2
"PAIR_06211","VP_153","LNP_0172","lnp_id",1
"PAIR_06212","VP_176","LNP_0420","lnp_id",4
"PAIR_06213","VP_063","LNP_0262","lnp_id",4
"PAIR_06214","VP_162","LNP_0036","lnp_id",2
"PAIR_06215","VP_027","LNP_0498","lnp_id",4
"PAIR_06216","VP_010","LNP_0168","lnp_id",3
"PAIR_06217","VP_051","LNP_0057","lnp_id",5
"PAIR_06218","VP_156","LNP_0293","lnp_id",4
"PAIR_06219","VP_150","LNP_0219","lnp_id",3
"PAIR_06220","VP_165","LNP_0160","lnp_id",4
"PAIR_06221","VP_131","LNP_0233","lnp_id",2
"PAIR_06222","VP_171","LNP_0196","lnp_id",2
"PAIR_06223","VP_068","LNP_0099","lnp_id",5
"PAIR_06224","VP_007","LNP_0115","lnp_id",4
"PAIR_06225","VP_074","LNP_0153","lnp_id",2
"PAIR_06226","VP_128","LNP_0259","lnp_id",2
"PAIR_06227","VP_182","LNP_0076","lnp_id",1
"PAIR_06228","VP_063","LNP_0198","lnp_id",2
"PAIR_06229","VP_035","LNP_0247","lnp_id",1
"PAIR_06230","VP_155","LNP_0074","lnp_id",2
"PAIR_06231","VP_196","LNP_0090","lnp_id",5
"PAIR_06232","VP_182","LNP_0130","lnp_id",4
"PAIR_06233","VP_066","LNP_0347","lnp_id",4
"PAIR_06234","VP_150","LNP_0056","lnp_id",1
"PAIR_06235","VP_181","LNP_0328","lnp_id",3
"PAIR_06236","VP_110","LNP_0070","lnp_id",4
"PAIR_06237","VP_037","LNP_0004","lnp_id",2
"PAIR_06238","VP_001","LNP_0356","lnp_id",5
"PAIR_06239","VP_194","LNP_0092","lnp_id",3
"PAIR_06240","VP_184","LNP_0408","lnp_id",4
"PAIR_06241","VP_043","LNP_0444","lnp_id",3
"PAIR_06242","VP_124","LNP_0350","lnp_id",5
"PAIR_06243","VP_160","LNP_0303","lnp_id",4
"PAIR_06244","VP_121","LNP_0028","lnp_id",5
"PAIR_06245","VP_164","LNP_0203","lnp_id",4
"PAIR_06246","VP_126","LNP_0267","lnp_id",5
"PAIR_06247","VP_107","LNP_0097","lnp_id",5
"PAIR_06248","VP_109","LNP_0072","lnp_id",2
"PAIR_06249","VP_124","LNP_0274","lnp_id",4
"PAIR_06250","VP_133","LNP_0205","lnp_id",3
"PAIR_06251","VP_063","LNP_0409","lnp_id",5
"PAIR_06252","VP_014","LNP_0083","lnp_id",1
"PAIR_06253","VP_067","LNP_0129","lnp_id",3
"PAIR_06254","VP_147","LNP_0437","lnp_id",1
"PAIR_06255","VP_052","LNP_0282","lnp_id",1
"PAIR_06256","VP_130","LNP_0482","lnp_id",3
"PAIR_06257","VP_053","LNP_0087","lnp_id",2
"PAIR_06258","VP_041","LNP_0302","lnp_id",4
"PAIR_06259","VP_064","LNP_0451","lnp_id",4
"PAIR_06260","VP_177","LNP_0007","lnp_id",3
"PAIR_06261","VP_158","LNP_0282","lnp_id",1
"PAIR_06262","VP_020","LNP_0144","lnp_id",5
"PAIR_06263","VP_069","LNP_0383","lnp_id",1
"PAIR_06264","VP_195","LNP_0256","lnp_id",2
"PAIR_06265","VP_068","LNP_0177","lnp_id",4
"PAIR_06266","VP_018","LNP_0026","lnp_id",1
"PAIR_06267","VP_070","LNP_0460","lnp_id",3
"PAIR_06268","VP_193","LNP_0485","lnp_id",3
"PAIR_06269","VP_084","LNP_0080","lnp_id",4
"PAIR_06270","VP_178","LNP_0353","lnp_id",3
"PAIR_06271","VP_133","LNP_0276","lnp_id",5
"PAIR_06272","VP_073","LNP_0254","lnp_id",2
"PAIR_06273","VP_164","LNP_0418","lnp_id",1
"PAIR_06274","VP_128","LNP_0408","lnp_id",4
"PAIR_06275","VP_084","LNP_0265","lnp_id",3
"PAIR_06276","VP_096","LNP_0143","lnp_id",4
"PAIR_06277","VP_121","LNP_0437","lnp_id",1
"PAIR_06278","VP_121","LNP_0031","lnp_id",4
"PAIR_06279","VP_168","LNP_0377","lnp_id",4
"PAIR_06280","VP_174","LNP_0322","lnp_id",5
"PAIR_06281","VP_041","LNP_0361","lnp_id",4
"PAIR_06282","VP_155","LNP_0246","lnp_id",2
"PAIR_06283","VP_153","LNP_0278","lnp_id",4
"PAIR_06284","VP_085","LNP_0073","lnp_id",3
"PAIR_06285","VP_159","LNP_0005","lnp_id",5
"PAIR_06286","VP_142","LNP_0468","lnp_id",4
"PAIR_06287","VP_191","LNP_0165","lnp_id",3
"PAIR_06288","VP_131","LNP_0156","lnp_id",3
"PAIR_06289","VP_099","LNP_0372","lnp_id",4
"PAIR_06290","VP_090","LNP_0355","lnp_id",1
"PAIR_06291","VP_070","LNP_0183","lnp_id",4
"PAIR_06292","VP_095","LNP_0039","lnp_id",1
"PAIR_06293","VP_133","LNP_0476","lnp_id",1
"PAIR_06294","VP_014","LNP_0028","lnp_id",5
"PAIR_06295","VP_112","LNP_0353","lnp_id",3
"PAIR_06296","VP_153","LNP_0394","lnp_id",2
"PAIR_06297","VP_035","LNP_0464","lnp_id",5
"PAIR_06298","VP_147","LNP_0092","lnp_id",3
"PAIR_06299","VP_153","LNP_0171","lnp_id",3
"PAIR_06300","VP_109","LNP_0451","lnp_id",4
"PAIR_06301","VP_151","LNP_0076","lnp_id",1
"PAIR_06302","VP_158","LNP_0260","lnp_id",1
"PAIR_06303","VP_025","LNP_0157","lnp_id",3
"PAIR_06304","VP_070","LNP_0288","lnp_id",1
"PAIR_06305","VP_023","LNP_0304","lnp_id",2
"PAIR_06306","VP_007","LNP_0025","lnp_id",3
"PAIR_06307","VP_009","LNP_0082","lnp_id",2
"PAIR_06308","VP_078","LNP_0423","lnp_id",4
"PAIR_06309","VP_033","LNP_0318","lnp_id",3
"PAIR_06310","VP_052","LNP_0487","lnp_id",5
"PAIR_06311","VP_084","LNP_0238","lnp_id",4
"PAIR_06312","VP_003","LNP_0140","lnp_id",4
"PAIR_06313","VP_168","LNP_0320","lnp_id",2
"PAIR_06314","VP_050","LNP_0116","lnp_id",1
"PAIR_06315","VP_194","LNP_0295","lnp_id",4
"PAIR_06316","VP_036","LNP_0287","lnp_id",5
"PAIR_06317","VP_085","LNP_0442","lnp_id",5
"PAIR_06318","VP_086","LNP_0395","lnp_id",1
"PAIR_06319","VP_182","LNP_0313","lnp_id",5
"PAIR_06320","VP_152","LNP_0153","lnp_id",2
"PAIR_06321","VP_059","LNP_0284","lnp_id",2
"PAIR_06322","VP_175","LNP_0002","lnp_id",4
"PAIR_06323","VP_127","LNP_0410","lnp_id",2
"PAIR_06324","VP_083","LNP_0477","lnp_id",5
"PAIR_06325","VP_045","LNP_0302","lnp_id",4
"PAIR_06326","VP_153","LNP_0388","lnp_id",5
"PAIR_06327","VP_034","LNP_0204","lnp_id",3
"PAIR_06328","VP_005","LNP_0400","lnp_id",3
"PAIR_06329","VP_081","LNP_0012","lnp_id",3
"PAIR_06330","VP_090","LNP_0179","lnp_id",4
"PAIR_06331","VP_006","LNP_0341","lnp_id",5
"PAIR_06332","VP_106","LNP_0220","lnp_id",2
"PAIR_06333","VP_191","LNP_0057","lnp_id",5
"PAIR_06334","VP_119","LNP_0386","lnp_id",1
"PAIR_06335","VP_175","LNP_0492","lnp_id",5
"PAIR_06336","VP_078","LNP_0009","lnp_id",5
"PAIR_06337","VP_166","LNP_0118","lnp_id",1
"PAIR_06338","VP_074","LNP_0166","lnp_id",1
"PAIR_06339","VP_167","LNP_0442","lnp_id",5
"PAIR_06340","VP_192","LNP_0479","lnp_id",5
"PAIR_06341","VP_010","LNP_0208","lnp_id",5
"PAIR_06342","VP_172","LNP_0053","lnp_id",5
"PAIR_06343","VP_125","LNP_0449","lnp_id",3
"PAIR_06344","VP_071","LNP_0187","lnp_id",2
"PAIR_06345","VP_067","LNP_0473","lnp_id",1
"PAIR_06346","VP_171","LNP_0419","lnp_id",4
"PAIR_06347","VP_179","LNP_0048","lnp_id",1
"PAIR_06348","VP_150","LNP_0429","lnp_id",2
"PAIR_06349","VP_057","LNP_0271","lnp_id",4
"PAIR_06350","VP_098","LNP_0174","lnp_id",1
"PAIR_06351","VP_159","LNP_0372","lnp_id",4
"PAIR_06352","VP_095","LNP_0124","lnp_id",3
"PAIR_06353","VP_107","LNP_0359","lnp_id",2
"PAIR_06354","VP_011","LNP_0221","lnp_id",3
"PAIR_06355","VP_027","LNP_0288","lnp_id",1
"PAIR_06356","VP_131","LNP_0153","lnp_id",2
"PAIR_06357","VP_170","LNP_0269","lnp_id",5
"PAIR_06358","VP_142","LNP_0057","lnp_id",5
"PAIR_06359","VP_177","LNP_0094","lnp_id",1
"PAIR_06360","VP_098","LNP_0473","lnp_id",1
"PAIR_06361","VP_141","LNP_0370","lnp_id",2
"PAIR_06362","VP_015","LNP_0040","lnp_id",3
"PAIR_06363","VP_195","LNP_0040","lnp_id",3
"PAIR_06364","VP_126","LNP_0370","lnp_id",2
"PAIR_06365","VP_030","LNP_0164","lnp_id",4
"PAIR_06366","VP_147","LNP_0369","lnp_id",2
"PAIR_06367","VP_171","LNP_0090","lnp_id",5
"PAIR_06368","VP_199","LNP_0392","lnp_id",5
"PAIR_06369","VP_027","LNP_0309","lnp_id",2
"PAIR_06370","VP_162","LNP_0470","lnp_id",4
"PAIR_06371","VP_159","LNP_0159","lnp_id",5
"PAIR_06372","VP_016","LNP_0267","lnp_id",5
"PAIR_06373","VP_128","LNP_0296","lnp_id",4
"PAIR_06374","VP_164","LNP_0125","lnp_id",5
"PAIR_06375","VP_140","LNP_0017","lnp_id",4
"PAIR_06376","VP_007","LNP_0154","lnp_id",1
"PAIR_06377","VP_024","LNP_0004","lnp_id",2
"PAIR_06378","VP_193","LNP_0193","lnp_id",1
"PAIR_06379","VP_150","LNP_0200","lnp_id",5
"PAIR_06380","VP_192","LNP_0347","lnp_id",4
"PAIR_06381","VP_124","LNP_0174","lnp_id",1
"PAIR_06382","VP_070","LNP_0404","lnp_id",3
"PAIR_06383","VP_045","LNP_0154","lnp_id",1
"PAIR_06384","VP_025","LNP_0352","lnp_id",4
"PAIR_06385","VP_083","LNP_0098","lnp_id",4
"PAIR_06386","VP_013","LNP_0201","lnp_id",3
"PAIR_06387","VP_198","LNP_0087","lnp_id",2
"PAIR_06388","VP_172","LNP_0333","lnp_id",2
"PAIR_06389","VP_012","LNP_0105","lnp_id",5
"PAIR_06390","VP_130","LNP_0482","lnp_id",3
"PAIR_06391","VP_112","LNP_0234","lnp_id",3
"PAIR_06392","VP_179","LNP_0109","lnp_id",3
"PAIR_06393","VP_076","LNP_0149","lnp_id",1
"PAIR_06394","VP_103","LNP_0404","lnp_id",3
"PAIR_06395","VP_119","LNP_0147","lnp_id",1
"PAIR_06396","VP_167","LNP_0418","lnp_id",1
"PAIR_06397","VP_159","LNP_0133","lnp_id",5
"PAIR_06398","VP_182","LNP_0152","lnp_id",4
"PAIR_06399","VP_181","LNP_0062","lnp_id",2
"PAIR_06400","VP_010","LNP_0019","lnp_id",4
"PAIR_06401","VP_007","LNP_0245","lnp_id",5
"PAIR_06402","VP_078","LNP_0352","lnp_id",4
"PAIR_06403","VP_133","LNP_0243","lnp_id",3
"PAIR_06404","VP_137","LNP_0268","lnp_id",3
"PAIR_06405","VP_180","LNP_0367","lnp_id",3
"PAIR_06406","VP_089","LNP_0188","lnp_id",5
"PAIR_06407","VP_171","LNP_0121","lnp_id",1
"PAIR_06408","VP_067","LNP_0135","lnp_id",4
"PAIR_06409","VP_092","LNP_0032","lnp_id",2
"PAIR_06410","VP_017","LNP_0072","lnp_id",2
"PAIR_06411","VP_137","LNP_0205","lnp_id",3
"PAIR_06412","VP_141","LNP_0055","lnp_id",1
"PAIR_06413","VP_154","LNP_0483","lnp_id",3
"PAIR_06414","VP_169","LNP_0007","lnp_id",3
"PAIR_06415","VP_080","LNP_0057","lnp_id",5
"PAIR_06416","VP_076","LNP_0249","lnp_id",1
"PAIR_06417","VP_122","LNP_0364","lnp_id",3
"PAIR_06418","VP_069","LNP_0090","lnp_id",5
"PAIR_06419","VP_125","LNP_0090","lnp_id",5
"PAIR_06420","VP_082","LNP_0456","lnp_id",2
"PAIR_06421","VP_139","LNP_0305","lnp_id",3
"PAIR_06422","VP_195","LNP_0345","lnp_id",3
"PAIR_06423","VP_070","LNP_0232","lnp_id",4
"PAIR_06424","VP_043","LNP_0134","lnp_id",1
"PAIR_06425","VP_159","LNP_0107","lnp_id",1
"PAIR_06426","VP_018","LNP_0275","lnp_id",2
"PAIR_06427","VP_050","LNP_0045","lnp_id",2
"PAIR_06428","VP_168","LNP_0282","lnp_id",1
"PAIR_06429","VP_098","LNP_0099","lnp_id",5
"PAIR_06430","VP_157","LNP_0280","lnp_id",1
"PAIR_06431","VP_100","LNP_0018","lnp_id",1
"PAIR_06432","VP_139","LNP_0310","lnp_id",1
"PAIR_06433","VP_135","LNP_0400","lnp_id",3
"PAIR_06434","VP_018","LNP_0213","lnp_id",2
"PAIR_06435","VP_163","LNP_0002","lnp_id",4
"PAIR_06436","VP_058","LNP_0010","lnp_id",4
"PAIR_06437","VP_024","LNP_0449","lnp_id",3
"PAIR_06438","VP_082","LNP_0368","lnp_id",5
"PAIR_06439","VP_108","LNP_0241","lnp_id",1
"PAIR_06440","VP_085","LNP_0125","lnp_id",5
"PAIR_06441","VP_051","LNP_0210","lnp_id",2
"PAIR_06442","VP_064","LNP_0410","lnp_id",2
"PAIR_06443","VP_107","LNP_0133","lnp_id",5
"PAIR_06444","VP_089","LNP_0010","lnp_id",4
"PAIR_06445","VP_031","LNP_0142","lnp_id",4
"PAIR_06446","VP_199","LNP_0146","lnp_id",1
"PAIR_06447","VP_106","LNP_0313","lnp_id",5
"PAIR_06448","VP_047","LNP_0229","lnp_id",1
"PAIR_06449","VP_116","LNP_0221","lnp_id",3
"PAIR_06450","VP_130","LNP_0313","lnp_id",5
"PAIR_06451","VP_126","LNP_0402","lnp_id",1
"PAIR_06452","VP_130","LNP_0058","lnp_id",3
"PAIR_06453","VP_178","LNP_0456","lnp_id",2
"PAIR_06454","VP_198","LNP_0404","lnp_id",3
"PAIR_06455","VP_138","LNP_0210","lnp_id",2
"PAIR_06456","VP_038","LNP_0436","lnp_id",2
"PAIR_06457","VP_169","LNP_0325","lnp_id",4
"PAIR_06458","VP_083","LNP_0037","lnp_id",5
"PAIR_06459","VP_093","LNP_0326","lnp_id",2
"PAIR_06460","VP_133","LNP_0407","lnp_id",4
"PAIR_06461","VP_185","LNP_0273","lnp_id",3
"PAIR_06462","VP_168","LNP_0170","lnp_id",5
"PAIR_06463","VP_078","LNP_0493","lnp_id",5
"PAIR_06464","VP_074","LNP_0322","lnp_id",5
"PAIR_06465","VP_099","LNP_0363","lnp_id",2
"PAIR_06466","VP_065","LNP_0383","lnp_id",1
"PAIR_06467","VP_145","LNP_0289","lnp_id",1
"PAIR_06468","VP_015","LNP_0307","lnp_id",1
"PAIR_06469","VP_076","LNP_0067","lnp_id",2
"PAIR_06470","VP_131","LNP_0217","lnp_id",4
"PAIR_06471","VP_103","LNP_0043","lnp_id",3
"PAIR_06472","VP_175","LNP_0322","lnp_id",5
"PAIR_06473","VP_186","LNP_0461","lnp_id",3
"PAIR_06474","VP_047","LNP_0112","lnp_id",3
"PAIR_06475","VP_155","LNP_0110","lnp_id",2
"PAIR_06476","VP_095","LNP_0357","lnp_id",2
"PAIR_06477","VP_168","LNP_0222","lnp_id",2
"PAIR_06478","VP_196","LNP_0131","lnp_id",1
"PAIR_06479","VP_017","LNP_0103","lnp_id",5
"PAIR_06480","VP_008","LNP_0051","lnp_id",1
"PAIR_06481","VP_148","LNP_0497","lnp_id",5
"PAIR_06482","VP_095","LNP_0086","lnp_id",3
"PAIR_06483","VP_137","LNP_0107","lnp_id",1
"PAIR_06484","VP_047","LNP_0069","lnp_id",2
"PAIR_06485","VP_063","LNP_0307","lnp_id",1
"PAIR_06486","VP_051","LNP_0377","lnp_id",4
"PAIR_06487","VP_042","LNP_0439","lnp_id",1
"PAIR_06488","VP_058","LNP_0142","lnp_id",4
"PAIR_06489","VP_169","LNP_0271","lnp_id",4
"PAIR_06490","VP_101","LNP_0466","lnp_id",3
"PAIR_06491","VP_088","LNP_0339","lnp_id",2
"PAIR_06492","VP_101","LNP_0204","lnp_id",3
"PAIR_06493","VP_011","LNP_0097","lnp_id",5
"PAIR_06494","VP_063","LNP_0399","lnp_id",3
"PAIR_06495","VP_083","LNP_0320","lnp_id",2
"PAIR_06496","VP_083","LNP_0124","lnp_id",3
"PAIR_06497","VP_104","LNP_0342","lnp_id",4
"PAIR_06498","VP_184","LNP_0304","lnp_id",2
"PAIR_06499","VP_043","LNP_0440","lnp_id",3
"PAIR_06500","VP_126","LNP_0283","lnp_id",1
"PAIR_06501","VP_116","LNP_0387","lnp_id",2
"PAIR_06502","VP_033","LNP_0471","lnp_id",2
"PAIR_06503","VP_046","LNP_0072","lnp_id",2
"PAIR_06504","VP_053","LNP_0428","lnp_id",1
"PAIR_06505","VP_105","LNP_0130","lnp_id",4
"PAIR_06506","VP_064","LNP_0294","lnp_id",4
"PAIR_06507","VP_198","LNP_0342","lnp_id",4
"PAIR_06508","VP_017","LNP_0420","lnp_id",4
"PAIR_06509","VP_175","LNP_0347","lnp_id",4
"PAIR_06510","VP_177","LNP_0104","lnp_id",5
"PAIR_06511","VP_072","LNP_0099","lnp_id",5
"PAIR_06512","VP_026","LNP_0258","lnp_id",5
"PAIR_06513","VP_046","LNP_0086","lnp_id",3
"PAIR_06514","VP_181","LNP_0325","lnp_id",4
"PAIR_06515","VP_168","LNP_0371","lnp_id",4
"PAIR_06516","VP_066","LNP_0361","lnp_id",4
"PAIR_06517","VP_102","LNP_0262","lnp_id",4
"PAIR_06518","VP_077","LNP_0290","lnp_id",4
"PAIR_06519","VP_039","LNP_0498","lnp_id",4
"PAIR_06520","VP_011","LNP_0224","lnp_id",1
"PAIR_06521","VP_171","LNP_0170","lnp_id",5
"PAIR_06522","VP_119","LNP_0320","lnp_id",2
"PAIR_06523","VP_156","LNP_0347","lnp_id",4
"PAIR_06524","VP_081","LNP_0255","lnp_id",4
"PAIR_06525","VP_092","LNP_0268","lnp_id",3
"PAIR_06526","VP_169","LNP_0027","lnp_id",3
"PAIR_06527","VP_181","LNP_0003","lnp_id",4
"PAIR_06528","VP_097","LNP_0094","lnp_id",1
"PAIR_06529","VP_181","LNP_0118","lnp_id",1
"PAIR_06530","VP_051","LNP_0068","lnp_id",2
"PAIR_06531","VP_198","LNP_0217","lnp_id",4
"PAIR_06532","VP_006","LNP_0468","lnp_id",4
"PAIR_06533","VP_050","LNP_0212","lnp_id",4
"PAIR_06534","VP_036","LNP_0280","lnp_id",1
"PAIR_06535","VP_165","LNP_0462","lnp_id",4
"PAIR_06536","VP_158","LNP_0100","lnp_id",2
"PAIR_06537","VP_086","LNP_0289","lnp_id",1
"PAIR_06538","VP_180","LNP_0285","lnp_id",1
"PAIR_06539","VP_130","LNP_0093","lnp_id",3
"PAIR_06540","VP_083","LNP_0014","lnp_id",5
"PAIR_06541","VP_192","LNP_0373","lnp_id",4
"PAIR_06542","VP_199","LNP_0043","lnp_id",3
"PAIR_06543","VP_073","LNP_0052","lnp_id",3
"PAIR_06544","VP_152","LNP_0480","lnp_id",2
"PAIR_06545","VP_083","LNP_0220","lnp_id",2
"PAIR_06546","VP_046","LNP_0159","lnp_id",5
"PAIR_06547","VP_022","LNP_0128","lnp_id",1
"PAIR_06548","VP_019","LNP_0150","lnp_id",1
"PAIR_06549","VP_173","LNP_0359","lnp_id",2
"PAIR_06550","VP_116","LNP_0500","lnp_id",2
"PAIR_06551","VP_137","LNP_0171","lnp_id",3
"PAIR_06552","VP_170","LNP_0381","lnp_id",4
"PAIR_06553","VP_036","LNP_0129","lnp_id",3
"PAIR_06554","VP_011","LNP_0493","lnp_id",5
"PAIR_06555","VP_172","LNP_0005","lnp_id",5
"PAIR_06556","VP_024","LNP_0407","lnp_id",4
"PAIR_06557","VP_062","LNP_0472","lnp_id",1
"PAIR_06558","VP_056","LNP_0485","lnp_id",3
"PAIR_06559","VP_051","LNP_0245","lnp_id",5
"PAIR_06560","VP_126","LNP_0122","lnp_id",3
"PAIR_06561","VP_113","LNP_0134","lnp_id",1
"PAIR_06562","VP_166","LNP_0026","lnp_id",1
"PAIR_06563","VP_188","LNP_0177","lnp_id",4
"PAIR_06564","VP_142","LNP_0314","lnp_id",3
"PAIR_06565","VP_129","LNP_0312","lnp_id",2
"PAIR_06566","VP_147","LNP_0366","lnp_id",3
"PAIR_06567","VP_054","LNP_0184","lnp_id",5
"PAIR_06568","VP_073","LNP_0121","lnp_id",1
"PAIR_06569","VP_057","LNP_0066","lnp_id",2
"PAIR_06570","VP_084","LNP_0303","lnp_id",4
"PAIR_06571","VP_033","LNP_0150","lnp_id",1
"PAIR_06572","VP_105","LNP_0130","lnp_id",4
"PAIR_06573","VP_133","LNP_0464","lnp_id",5
"PAIR_06574","VP_105","LNP_0020","lnp_id",1
"PAIR_06575","VP_168","LNP_0434","lnp_id",3
"PAIR_06576","VP_197","LNP_0014","lnp_id",5
"PAIR_06577","VP_158","LNP_0039","lnp_id",1
"PAIR_06578","VP_087","LNP_0002","lnp_id",4
"PAIR_06579","VP_034","LNP_0279","lnp_id",5
"PAIR_06580","VP_030","LNP_0250","lnp_id",5
"PAIR_06581","VP_092","LNP_0345","lnp_id",3
"PAIR_06582","VP_145","LNP_0186","lnp_id",2
"PAIR_06583","VP_172","LNP_0274","lnp_id",4
"PAIR_06584","VP_028","LNP_0082","lnp_id",2
"PAIR_06585","VP_177","LNP_0233","lnp_id",2
"PAIR_06586","VP_015","LNP_0359","lnp_id",2
"PAIR_06587","VP_053","LNP_0068","lnp_id",2
"PAIR_06588","VP_181","LNP_0053","lnp_id",5
"PAIR_06589","VP_184","LNP_0446","lnp_id",1
"PAIR_06590","VP_198","LNP_0252","lnp_id",3
"PAIR_06591","VP_133","LNP_0202","lnp_id",1
"PAIR_06592","VP_157","LNP_0483","lnp_id",3
"PAIR_06593","VP_032","LNP_0095","lnp_id",2
"PAIR_06594","VP_058","LNP_0291","lnp_id",5
"PAIR_06595","VP_033","LNP_0059","lnp_id",1
"PAIR_06596","VP_150","LNP_0369","lnp_id",2
"PAIR_06597","VP_115","LNP_0288","lnp_id",1
"PAIR_06598","VP_066","LNP_0037","lnp_id",5
"PAIR_06599","VP_055","LNP_0014","lnp_id",5
"PAIR_06600","VP_133","LNP_0423","lnp_id",4
"PAIR_06601","VP_145","LNP_0367","lnp_id",3
"PAIR_06602","VP_059","LNP_0249","lnp_id",1
"PAIR_06603","VP_137","LNP_0481","lnp_id",1
"PAIR_06604","VP_129","LNP_0119","lnp_id",5
"PAIR_06605","VP_003","LNP_0271","lnp_id",4
"PAIR_06606","VP_139","LNP_0092","lnp_id",3
"PAIR_06607","VP_011","LNP_0362","lnp_id",4
"PAIR_06608","VP_177","LNP_0192","lnp_id",1
"PAIR_06609","VP_158","LNP_0231","lnp_id",2
"PAIR_06610","VP_101","LNP_0368","lnp_id",5
"PAIR_06611","VP_029","LNP_0194","lnp_id",4
"PAIR_06612","VP_168","LNP_0280","lnp_id",1
"PAIR_06613","VP_143","LNP_0198","lnp_id",2
"PAIR_06614","VP_143","LNP_0179","lnp_id",4
"PAIR_06615","VP_146","LNP_0082","lnp_id",2
"PAIR_06616","VP_127","LNP_0466","lnp_id",3
"PAIR_06617","VP_114","LNP_0366","lnp_id",3
"PAIR_06618","VP_054","LNP_0185","lnp_id",3
"PAIR_06619","VP_034","LNP_0259","lnp_id",2
"PAIR_06620","VP_167","LNP_0354","lnp_id",4
"PAIR_06621","VP_029","LNP_0124","lnp_id",3
"PAIR_06622","VP_199","LNP_0391","lnp_id",2
"PAIR_06623","VP_055","LNP_0364","lnp_id",3
"PAIR_06624","VP_095","LNP_0105","lnp_id",5
"PAIR_06625","VP_073","LNP_0449","lnp_id",3
"PAIR_06626","VP_118","LNP_0305","lnp_id",3
"PAIR_06627","VP_195","LNP_0009","lnp_id",5
"PAIR_06628","VP_108","LNP_0187","lnp_id",2
"PAIR_06629","VP_083","LNP_0003","lnp_id",4
"PAIR_06630","VP_019","LNP_0476","lnp_id",1
"PAIR_06631","VP_069","LNP_0478","lnp_id",5
"PAIR_06632","VP_120","LNP_0407","lnp_id",4
"PAIR_06633","VP_087","LNP_0329","lnp_id",3
"PAIR_06634","VP_132","LNP_0221","lnp_id",3
"PAIR_06635","VP_041","LNP_0489","lnp_id",2
"PAIR_06636","VP_089","LNP_0167","lnp_id",5
"PAIR_06637","VP_124","LNP_0417","lnp_id",2
"PAIR_06638","VP_005","LNP_0221","lnp_id",3
"PAIR_06639","VP_132","LNP_0314","lnp_id",3
"PAIR_06640","VP_177","LNP_0307","lnp_id",1
"PAIR_06641","VP_134","LNP_0042","lnp_id",4
"PAIR_06642","VP_185","LNP_0339","lnp_id",2
"PAIR_06643","VP_128","LNP_0405","lnp_id",4
"PAIR_06644","VP_103","LNP_0329","lnp_id",3
"PAIR_06645","VP_061","LNP_0079","lnp_id",2
"PAIR_06646","VP_125","LNP_0044","lnp_id",2
"PAIR_06647","VP_083","LNP_0488","lnp_id",4
"PAIR_06648","VP_036","LNP_0069","lnp_id",2
"PAIR_06649","VP_049","LNP_0269","lnp_id",5
"PAIR_06650","VP_033","LNP_0472","lnp_id",1
"PAIR_06651","VP_182","LNP_0388","lnp_id",5
"PAIR_06652","VP_017","LNP_0299","lnp_id",3
"PAIR_06653","VP_151","LNP_0184","lnp_id",5
"PAIR_06654","VP_063","LNP_0223","lnp_id",4
"PAIR_06655","VP_002","LNP_0168","lnp_id",3
"PAIR_06656","VP_091","LNP_0009","lnp_id",5
"PAIR_06657","VP_072","LNP_0133","lnp_id",5
"PAIR_06658","VP_065","LNP_0172","lnp_id",1
"PAIR_06659","VP_061","LNP_0348","lnp_id",4
"PAIR_06660","VP_074","LNP_0203","lnp_id",4
"PAIR_06661","VP_004","LNP_0387","lnp_id",2
"PAIR_06662","VP_060","LNP_0334","lnp_id",4
"PAIR_06663","VP_030","LNP_0036","lnp_id",2
"PAIR_06664","VP_167","LNP_0185","lnp_id",3
"PAIR_06665","VP_088","LNP_0095","lnp_id",2
"PAIR_06666","VP_161","LNP_0252","lnp_id",3
"PAIR_06667","VP_024","LNP_0317","lnp_id",4
"PAIR_06668","VP_107","LNP_0397","lnp_id",2
"PAIR_06669","VP_173","LNP_0474","lnp_id",5
"PAIR_06670","VP_124","LNP_0075","lnp_id",5
"PAIR_06671","VP_063","LNP_0214","lnp_id",3
"PAIR_06672","VP_056","LNP_0474","lnp_id",5
"PAIR_06673","VP_069","LNP_0253","lnp_id",2
"PAIR_06674","VP_185","LNP_0070","lnp_id",4
"PAIR_06675","VP_198","LNP_0116","lnp_id",1
"PAIR_06676","VP_060","LNP_0437","lnp_id",1
"PAIR_06677","VP_135","LNP_0268","lnp_id",3
"PAIR_06678","VP_125","LNP_0233","lnp_id",2
"PAIR_06679","VP_141","LNP_0154","lnp_id",1
"PAIR_06680","VP_013","LNP_0350","lnp_id",5
"PAIR_06681","VP_009","LNP_0077","lnp_id",3
"PAIR_06682","VP_051","LNP_0242","lnp_id",1
"PAIR_06683","VP_125","LNP_0027","lnp_id",3
"PAIR_06684","VP_003","LNP_0225","lnp_id",1
"PAIR_06685","VP_077","LNP_0046","lnp_id",3
"PAIR_06686","VP_159","LNP_0418","lnp_id",1
"PAIR_06687","VP_086","LNP_0172","lnp_id",1
"PAIR_06688","VP_107","LNP_0090","lnp_id",5
"PAIR_06689","VP_185","LNP_0324","lnp_id",3
"PAIR_06690","VP_020","LNP_0398","lnp_id",5
"PAIR_06691","VP_129","LNP_0398","lnp_id",5
"PAIR_06692","VP_085","LNP_0039","lnp_id",1
"PAIR_06693","VP_032","LNP_0446","lnp_id",1
"PAIR_06694","VP_175","LNP_0217","lnp_id",4
"PAIR_06695","VP_200","LNP_0290","lnp_id",4
"PAIR_06696","VP_092","LNP_0480","lnp_id",2
"PAIR_06697","VP_024","LNP_0240","lnp_id",2
"PAIR_06698","VP_039","LNP_0451","lnp_id",4
"PAIR_06699","VP_177","LNP_0309","lnp_id",2
"PAIR_06700","VP_062","LNP_0019","lnp_id",4
"PAIR_06701","VP_181","LNP_0473","lnp_id",1
"PAIR_06702","VP_124","LNP_0100","lnp_id",2
"PAIR_06703","VP_079","LNP_0316","lnp_id",5
"PAIR_06704","VP_128","LNP_0029","lnp_id",1
"PAIR_06705","VP_048","LNP_0353","lnp_id",3
"PAIR_06706","VP_066","LNP_0053","lnp_id",5
"PAIR_06707","VP_146","LNP_0337","lnp_id",3
"PAIR_06708","VP_028","LNP_0031","lnp_id",4
"PAIR_06709","VP_191","LNP_0378","lnp_id",5
"PAIR_06710","VP_188","LNP_0473","lnp_id",1
"PAIR_06711","VP_030","LNP_0340","lnp_id",5
"PAIR_06712","VP_164","LNP_0198","lnp_id",2
"PAIR_06713","VP_110","LNP_0368","lnp_id",5
"PAIR_06714","VP_190","LNP_0131","lnp_id",1
"PAIR_06715","VP_046","LNP_0074","lnp_id",2
"PAIR_06716","VP_090","LNP_0086","lnp_id",3
"PAIR_06717","VP_076","LNP_0115","lnp_id",4
"PAIR_06718","VP_112","LNP_0353","lnp_id",3
"PAIR_06719","VP_114","LNP_0041","lnp_id",1
"PAIR_06720","VP_002","LNP_0023","lnp_id",1
"PAIR_06721","VP_068","LNP_0337","lnp_id",3
"PAIR_06722","VP_180","LNP_0089","lnp_id",2
"PAIR_06723","VP_032","LNP_0436","lnp_id",2
"PAIR_06724","VP_127","LNP_0176","lnp_id",2
"PAIR_06725","VP_031","LNP_0331","lnp_id",1
"PAIR_06726","VP_121","LNP_0121","lnp_id",1
"PAIR_06727","VP_111","LNP_0402","lnp_id",1
"PAIR_06728","VP_182","LNP_0196","lnp_id",2
"PAIR_06729","VP_009","LNP_0240","lnp_id",2
"PAIR_06730","VP_161","LNP_0324","lnp_id",3
"PAIR_06731","VP_081","LNP_0006","lnp_id",4
"PAIR_06732","VP_168","LNP_0022","lnp_id",2
"PAIR_06733","VP_171","LNP_0366","lnp_id",3
"PAIR_06734","VP_170","LNP_0342","lnp_id",4
"PAIR_06735","VP_054","LNP_0429","lnp_id",2
"PAIR_06736","VP_178","LNP_0262","lnp_id",4
"PAIR_06737","VP_133","LNP_0136","lnp_id",2
"PAIR_06738","VP_163","LNP_0063","lnp_id",1
"PAIR_06739","VP_152","LNP_0481","lnp_id",1
"PAIR_06740","VP_028","LNP_0408","lnp_id",4
"PAIR_06741","VP_061","LNP_0288","lnp_id",1
"PAIR_06742","VP_060","LNP_0406","lnp_id",3
"PAIR_06743","VP_161","LNP_0104","lnp_id",5
"PAIR_06744","VP_076","LNP_0392","lnp_id",5
"PAIR_06745","VP_016","LNP_0443","lnp_id",5
"PAIR_06746","VP_121","LNP_0040","lnp_id",3
"PAIR_06747","VP_052","LNP_0363","lnp_id",2
"PAIR_06748","VP_082","LNP_0034","lnp_id",5
"PAIR_06749","VP_012","LNP_0340","lnp_id",5
"PAIR_06750","VP_188","LNP_0450","lnp_id",1
"PAIR_06751","VP_190","LNP_0284","lnp_id",2
"PAIR_06752","VP_135","LNP_0235","lnp_id",2
"PAIR_06753","VP_063","LNP_0498","lnp_id",4
"PAIR_06754","VP_079","LNP_0122","lnp_id",3
"PAIR_06755","VP_113","LNP_0109","lnp_id",3
"PAIR_06756","VP_139","LNP_0021","lnp_id",2
"PAIR_06757","VP_067","LNP_0406","lnp_id",3
"PAIR_06758","VP_075","LNP_0416","lnp_id",1
"PAIR_06759","VP_028","LNP_0188","lnp_id",5
"PAIR_06760","VP_179","LNP_0148","lnp_id",2
"PAIR_06761","VP_005","LNP_0400","lnp_id",3
"PAIR_06762","VP_032","LNP_0005","lnp_id",5
"PAIR_06763","VP_145","LNP_0071","lnp_id",5
"PAIR_06764","VP_100","LNP_0058","lnp_id",3
"PAIR_06765","VP_010","LNP_0342","lnp_id",4
"PAIR_06766","VP_014","LNP_0167","lnp_id",5
"PAIR_06767","VP_068","LNP_0391","lnp_id",2
"PAIR_06768","VP_085","LNP_0347","lnp_id",4
"PAIR_06769","VP_172","LNP_0242","lnp_id",1
"PAIR_06770","VP_175","LNP_0136","lnp_id",2
"PAIR_06771","VP_018","LNP_0347","lnp_id",4
"PAIR_06772","VP_165","LNP_0310","lnp_id",1
"PAIR_06773","VP_021","LNP_0321","lnp_id",2
"PAIR_06774","VP_033","LNP_0347","lnp_id",4
"PAIR_06775","VP_080","LNP_0467","lnp_id",3
"PAIR_06776","VP_124","LNP_0341","lnp_id",5
"PAIR_06777","VP_025","LNP_0497","lnp_id",5
"PAIR_06778","VP_054","LNP_0230","lnp_id",5
"PAIR_06779","VP_135","LNP_0067","lnp_id",2
"PAIR_06780","VP_121","LNP_0315","lnp_id",3
"PAIR_06781","VP_020","LNP_0451","lnp_id",4
"PAIR_06782","VP_028","LNP_0132","lnp_id",4
"PAIR_06783","VP_164","LNP_0390","lnp_id",3
"PAIR_06784","VP_183","LNP_0075","lnp_id",5
"PAIR_06785","VP_117","LNP_0406","lnp_id",3
"PAIR_06786","VP_059","LNP_0178","lnp_id",4
"PAIR_06787","VP_170","LNP_0235","lnp_id",2
"PAIR_06788","VP_006","LNP_0217","lnp_id",4
"PAIR_06789","VP_151","LNP_0475","lnp_id",1
"PAIR_06790","VP_157","LNP_0385","lnp_id",5
"PAIR_06791","VP_098","LNP_0257","lnp_id",3
"PAIR_06792","VP_073","LNP_0133","lnp_id",5
"PAIR_06793","VP_190","LNP_0351","lnp_id",2
"PAIR_06794","VP_111","LNP_0467","lnp_id",3
"PAIR_06795","VP_196","LNP_0309","lnp_id",2
"PAIR_06796","VP_074","LNP_0348","lnp_id",4
"PAIR_06797","VP_062","LNP_0322","lnp_id",5
"PAIR_06798","VP_177","LNP_0434","lnp_id",3
"PAIR_06799","VP_002","LNP_0013","lnp_id",2
"PAIR_06800","VP_078","LNP_0285","lnp_id",1
"PAIR_06801","VP_169","LNP_0042","lnp_id",4
"PAIR_06802","VP_043","LNP_0496","lnp_id",5
"PAIR_06803","VP_157","LNP_0028","lnp_id",5
"PAIR_06804","VP_043","LNP_0022","lnp_id",2
"PAIR_06805","VP_143","LNP_0266","lnp_id",2
"PAIR_06806","VP_110","LNP_0258","lnp_id",5
"PAIR_06807","VP_030","LNP_0271","lnp_id",4
"PAIR_06808","VP_001","LNP_0223","lnp_id",4
"PAIR_06809","VP_086","LNP_0230","lnp_id",5
"PAIR_06810","VP_153","LNP_0345","lnp_id",3
"PAIR_06811","VP_194","LNP_0487","lnp_id",5
"PAIR_06812","VP_011","LNP_0099","lnp_id",5
"PAIR_06813","VP_105","LNP_0036","lnp_id",2
"PAIR_06814","VP_033","LNP_0436","lnp_id",2
"PAIR_06815","VP_065","LNP_0005","lnp_id",5
"PAIR_06816","VP_189","LNP_0462","lnp_id",4
"PAIR_06817","VP_041","LNP_0411","lnp_id",1
"PAIR_06818","VP_198","LNP_0218","lnp_id",3
"PAIR_06819","VP_145","LNP_0368","lnp_id",5
"PAIR_06820","VP_084","LNP_0155","lnp_id",5
"PAIR_06821","VP_022","LNP_0448","lnp_id",3
"PAIR_06822","VP_107","LNP_0104","lnp_id",5
"PAIR_06823","VP_102","LNP_0430","lnp_id",4
"PAIR_06824","VP_178","LNP_0169","lnp_id",1
"PAIR_06825","VP_159","LNP_0085","lnp_id",4
"PAIR_06826","VP_143","LNP_0260","lnp_id",1
"PAIR_06827","VP_109","LNP_0328","lnp_id",3
"PAIR_06828","VP_095","LNP_0263","lnp_id",2
"PAIR_06829","VP_180","LNP_0099","lnp_id",5
"PAIR_06830","VP_190","LNP_0105","lnp_id",5
"PAIR_06831","VP_082","LNP_0097","lnp_id",5
"PAIR_06832","VP_023","LNP_0369","lnp_id",2
"PAIR_06833","VP_047","LNP_0187","lnp_id",2
"PAIR_06834","VP_044","LNP_0230","lnp_id",5
"PAIR_06835","VP_172","LNP_0347","lnp_id",4
"PAIR_06836","VP_144","LNP_0167","lnp_id",5
"PAIR_06837","VP_180","LNP_0223","lnp_id",4
"PAIR_06838","VP_004","LNP_0246","lnp_id",2
"PAIR_06839","VP_171","LNP_0182","lnp_id",2
"PAIR_06840","VP_176","LNP_0216","lnp_id",1
"PAIR_06841","VP_089","LNP_0109","lnp_id",3
"PAIR_06842","VP_134","LNP_0035","lnp_id",5
"PAIR_06843","VP_033","LNP_0478","lnp_id",5
"PAIR_06844","VP_039","LNP_0356","lnp_id",5
"PAIR_06845","VP_011","LNP_0379","lnp_id",4
"PAIR_06846","VP_109","LNP_0174","lnp_id",1
"PAIR_06847","VP_017","LNP_0300","lnp_id",2
"PAIR_06848","VP_074","LNP_0106","lnp_id",4
"PAIR_06849","VP_146","LNP_0081","lnp_id",2
"PAIR_06850","VP_096","LNP_0491","lnp_id",5
"PAIR_06851","VP_148","LNP_0228","lnp_id",1
"PAIR_06852","VP_001","LNP_0444","lnp_id",3
"PAIR_06853","VP_016","LNP_0134","lnp_id",1
"PAIR_06854","VP_044","LNP_0157","lnp_id",3
"PAIR_06855","VP_160","LNP_0387","lnp_id",2
"PAIR_06856","VP_147","LNP_0425","lnp_id",5
"PAIR_06857","VP_152","LNP_0146","lnp_id",1
"PAIR_06858","VP_005","LNP_0480","lnp_id",2
"PAIR_06859","VP_127","LNP_0339","lnp_id",2
"PAIR_06860","VP_029","LNP_0079","lnp_id",2
"PAIR_06861","VP_083","LNP_0284","lnp_id",2
"PAIR_06862","VP_165","LNP_0233","lnp_id",2
"PAIR_06863","VP_015","LNP_0059","lnp_id",1
"PAIR_06864","VP_009","LNP_0362","lnp_id",4
"PAIR_06865","VP_103","LNP_0120","lnp_id",4
"PAIR_06866","VP_149","LNP_0470","lnp_id",4
"PAIR_06867","VP_093","LNP_0304","lnp_id",2
"PAIR_06868","VP_006","LNP_0148","lnp_id",2
"PAIR_06869","VP_129","LNP_0387","lnp_id",2
"PAIR_06870","VP_026","LNP_0453","lnp_id",4
"PAIR_06871","VP_147","LNP_0476","lnp_id",1
"PAIR_06872","VP_143","LNP_0333","lnp_id",2
"PAIR_06873","VP_043","LNP_0152","lnp_id",4
"PAIR_06874","VP_014","LNP_0071","lnp_id",5
"PAIR_06875","VP_175","LNP_0304","lnp_id",2
"PAIR_06876","VP_094","LNP_0052","lnp_id",3
"PAIR_06877","VP_179","LNP_0307","lnp_id",1
"PAIR_06878","VP_171","LNP_0245","lnp_id",5
"PAIR_06879","VP_116","LNP_0091","lnp_id",3
"PAIR_06880","VP_167","LNP_0226","lnp_id",2
"PAIR_06881","VP_169","LNP_0017","lnp_id",4
"PAIR_06882","VP_159","LNP_0028","lnp_id",5
"PAIR_06883","VP_118","LNP_0450","lnp_id",1
"PAIR_06884","VP_079","LNP_0160","lnp_id",4
"PAIR_06885","VP_035","LNP_0486","lnp_id",3
"PAIR_06886","VP_182","LNP_0306","lnp_id",2
"PAIR_06887","VP_036","LNP_0107","lnp_id",1
"PAIR_06888","VP_142","LNP_0319","lnp_id",3
"PAIR_06889","VP_159","LNP_0378","lnp_id",5
"PAIR_06890","VP_076","LNP_0461","lnp_id",3
"PAIR_06891","VP_084","LNP_0174","lnp_id",1
"PAIR_06892","VP_117","LNP_0487","lnp_id",5
"PAIR_06893","VP_063","LNP_0015","lnp_id",5
"PAIR_06894","VP_096","LNP_0251","lnp_id",3
"PAIR_06895","VP_139","LNP_0280","lnp_id",1
"PAIR_06896","VP_126","LNP_0001","lnp_id",1
"PAIR_06897","VP_172","LNP_0266","lnp_id",2
"PAIR_06898","VP_125","LNP_0137","lnp_id",3
"PAIR_06899","VP_140","LNP_0140","lnp_id",4
"PAIR_06900","VP_140","LNP_0306","lnp_id",2
"PAIR_06901","VP_084","LNP_0291","lnp_id",5
"PAIR_06902","VP_173","LNP_0381","lnp_id",4
"PAIR_06903","VP_008","LNP_0144","lnp_id",5
"PAIR_06904","VP_117","LNP_0184","lnp_id",5
"PAIR_06905","VP_028","LNP_0340","lnp_id",5
"PAIR_06906","VP_068","LNP_0022","lnp_id",2
"PAIR_06907","VP_198","LNP_0076","lnp_id",1
"PAIR_06908","VP_016","LNP_0328","lnp_id",3
"PAIR_06909","VP_118","LNP_0414","lnp_id",4
"PAIR_06910","VP_080","LNP_0273","lnp_id",3
"PAIR_06911","VP_173","LNP_0382","lnp_id",3
"PAIR_06912","VP_195","LNP_0334","lnp_id",4
"PAIR_06913","VP_017","LNP_0472","lnp_id",1
"PAIR_06914","VP_065","LNP_0470","lnp_id",4
"PAIR_06915","VP_175","LNP_0197","lnp_id",5
"PAIR_06916","VP_039","LNP_0402","lnp_id",1
"PAIR_06917","VP_021","LNP_0239","lnp_id",4
"PAIR_06918","VP_166","LNP_0465","lnp_id",2
"PAIR_06919","VP_145","LNP_0158","lnp_id",5
"PAIR_06920","VP_115","LNP_0475","lnp_id",1
"PAIR_06921","VP_171","LNP_0239","lnp_id",4
"PAIR_06922","VP_058","LNP_0233","lnp_id",2
"PAIR_06923","VP_081","LNP_0380","lnp_id",5
"PAIR_06924","VP_050","LNP_0168","lnp_id",3
"PAIR_06925","VP_182","LNP_0479","lnp_id",5
"PAIR_06926","VP_124","LNP_0430","lnp_id",4
"PAIR_06927","VP_090","LNP_0230","lnp_id",5
"PAIR_06928","VP_095","LNP_0388","lnp_id",5
"PAIR_06929","VP_085","LNP_0416","lnp_id",1
"PAIR_06930","VP_114","LNP_0342","lnp_id",4
"PAIR_06931","VP_069","LNP_0078","lnp_id",1
"PAIR_06932","VP_134","LNP_0197","lnp_id",5
"PAIR_06933","VP_189","LNP_0494","lnp_id",4
"PAIR_06934","VP_139","LNP_0278","lnp_id",4
"PAIR_06935","VP_044","LNP_0318","lnp_id",3
"PAIR_06936","VP_170","LNP_0037","lnp_id",5
"PAIR_06937","VP_083","LNP_0035","lnp_id",5
"PAIR_06938","VP_014","LNP_0014","lnp_id",5
"PAIR_06939","VP_003","LNP_0421","lnp_id",4
"PAIR_06940","VP_017","LNP_0361","lnp_id",4
"PAIR_06941","VP_165","LNP_0486","lnp_id",3
"PAIR_06942","VP_119","LNP_0164","lnp_id",4
"PAIR_06943","VP_139","LNP_0084","lnp_id",1
"PAIR_06944","VP_047","LNP_0364","lnp_id",3
"PAIR_06945","VP_113","LNP_0027","lnp_id",3
"PAIR_06946","VP_062","LNP_0067","lnp_id",2
"PAIR_06947","VP_193","LNP_0221","lnp_id",3
"PAIR_06948","VP_012","LNP_0136","lnp_id",2
"PAIR_06949","VP_143","LNP_0462","lnp_id",4
"PAIR_06950","VP_081","LNP_0297","lnp_id",4
"PAIR_06951","VP_007","LNP_0098","lnp_id",4
"PAIR_06952","VP_028","LNP_0029","lnp_id",1
"PAIR_06953","VP_089","LNP_0109","lnp_id",3
"PAIR_06954","VP_136","LNP_0307","lnp_id",1
"PAIR_06955","VP_042","LNP_0093","lnp_id",3
"PAIR_06956","VP_011","LNP_0146","lnp_id",1
"PAIR_06957","VP_050","LNP_0493","lnp_id",5
"PAIR_06958","VP_124","LNP_0209","lnp_id",4
"PAIR_06959","VP_068","LNP_0078","lnp_id",1
"PAIR_06960","VP_098","LNP_0352","lnp_id",4
"PAIR_06961","VP_025","LNP_0300","lnp_id",2
"PAIR_06962","VP_072","LNP_0208","lnp_id",5
"PAIR_06963","VP_088","LNP_0250","lnp_id",5
"PAIR_06964","VP_199","LNP_0494","lnp_id",4
"PAIR_06965","VP_033","LNP_0266","lnp_id",2
"PAIR_06966","VP_035","LNP_0188","lnp_id",5
"PAIR_06967","VP_008","LNP_0267","lnp_id",5
"PAIR_06968","VP_067","LNP_0139","lnp_id",4
"PAIR_06969","VP_086","LNP_0047","lnp_id",5
"PAIR_06970","VP_031","LNP_0460","lnp_id",3
"PAIR_06971","VP_055","LNP_0122","lnp_id",3
"PAIR_06972","VP_052","LNP_0365","lnp_id",2
"PAIR_06973","VP_052","LNP_0136","lnp_id",2
"PAIR_06974","VP_004","LNP_0028","lnp_id",5
"PAIR_06975","VP_064","LNP_0306","lnp_id",2
"PAIR_06976","VP_161","LNP_0163","lnp_id",1
"PAIR_06977","VP_037","LNP_0157","lnp_id",3
"PAIR_06978","VP_014","LNP_0011","lnp_id",5
"PAIR_06979","VP_120","LNP_0166","lnp_id",1
"PAIR_06980","VP_065","LNP_0434","lnp_id",3
"PAIR_06981","VP_035","LNP_0034","lnp_id",5
"PAIR_06982","VP_093","LNP_0436","lnp_id",2
"PAIR_06983","VP_149","LNP_0434","lnp_id",3
"PAIR_06984","VP_178","LNP_0064","lnp_id",5
"PAIR_06985","VP_149","LNP_0217","lnp_id",4
"PAIR_06986","VP_188","LNP_0312","lnp_id",2
"PAIR_06987","VP_146","LNP_0387","lnp_id",2
"PAIR_06988","VP_037","LNP_0282","lnp_id",1
"PAIR_06989","VP_008","LNP_0055","lnp_id",1
"PAIR_06990","VP_029","LNP_0079","lnp_id",2
"PAIR_06991","VP_103","LNP_0474","lnp_id",5
"PAIR_06992","VP_194","LNP_0291","lnp_id",5
"PAIR_06993","VP_037","LNP_0248","lnp_id",2
"PAIR_06994","VP_142","LNP_0044","lnp_id",2
"PAIR_06995","VP_076","LNP_0035","lnp_id",5
"PAIR_06996","VP_004","LNP_0353","lnp_id",3
"PAIR_06997","VP_008","LNP_0047","lnp_id",5
"PAIR_06998","VP_157","LNP_0351","lnp_id",2
"PAIR_06999","VP_048","LNP_0407","lnp_id",4
"PAIR_07000","VP_167","LNP_0281","lnp_id",3
"PAIR_07001","VP_060","LNP_0208","lnp_id",5
"PAIR_07002","VP_012","LNP_0282","lnp_id",1
"PAIR_07003","VP_144","LNP_0297","lnp_id",4
"PAIR_07004","VP_134","LNP_0342","lnp_id",4
"PAIR_07005","VP_117","LNP_0266","lnp_id",2
"PAIR_07006","VP_097","LNP_0370","lnp_id",2
"PAIR_07007","VP_133","LNP_0423","lnp_id",4
"PAIR_07008","VP_152","LNP_0027","lnp_id",3
"PAIR_07009","VP_074","LNP_0218","lnp_id",3
"PAIR_07010","VP_088","LNP_0110","lnp_id",2
"PAIR_07011","VP_019","LNP_0083","lnp_id",1
"PAIR_07012","VP_109","LNP_0443","lnp_id",5
"PAIR_07013","VP_199","LNP_0351","lnp_id",2
"PAIR_07014","VP_028","LNP_0267","lnp_id",5
"PAIR_07015","VP_007","LNP_0280","lnp_id",1
"PAIR_07016","VP_061","LNP_0178","lnp_id",4
"PAIR_07017","VP_106","LNP_0326","lnp_id",2
"PAIR_07018","VP_053","LNP_0244","lnp_id",4
"PAIR_07019","VP_049","LNP_0469","lnp_id",3
"PAIR_07020","VP_050","LNP_0204","lnp_id",3
"PAIR_07021","VP_183","LNP_0312","lnp_id",2
"PAIR_07022","VP_161","LNP_0262","lnp_id",4
"PAIR_07023","VP_115","LNP_0444","lnp_id",3
"PAIR_07024","VP_020","LNP_0146","lnp_id",1
"PAIR_07025","VP_001","LNP_0289","lnp_id",1
"PAIR_07026","VP_186","LNP_0112","lnp_id",3
"PAIR_07027","VP_072","LNP_0408","lnp_id",4
"PAIR_07028","VP_016","LNP_0003","lnp_id",4
"PAIR_07029","VP_019","LNP_0344","lnp_id",5
"PAIR_07030","VP_062","LNP_0179","lnp_id",4
"PAIR_07031","VP_160","LNP_0052","lnp_id",3
"PAIR_07032","VP_026","LNP_0255","lnp_id",4
"PAIR_07033","VP_133","LNP_0232","lnp_id",4
"PAIR_07034","VP_051","LNP_0175","lnp_id",1
"PAIR_07035","VP_082","LNP_0172","lnp_id",1
"PAIR_07036","VP_162","LNP_0253","lnp_id",2
"PAIR_07037","VP_162","LNP_0072","lnp_id",2
"PAIR_07038","VP_146","LNP_0234","lnp_id",3
"PAIR_07039","VP_155","LNP_0289","lnp_id",1
"PAIR_07040","VP_111","LNP_0099","lnp_id",5
"PAIR_07041","VP_031","LNP_0457","lnp_id",1
"PAIR_07042","VP_043","LNP_0400","lnp_id",3
"PAIR_07043","VP_165","LNP_0287","lnp_id",5
"PAIR_07044","VP_003","LNP_0391","lnp_id",2
"PAIR_07045","VP_053","LNP_0418","lnp_id",1
"PAIR_07046","VP_199","LNP_0161","lnp_id",1
"PAIR_07047","VP_128","LNP_0415","lnp_id",2
"PAIR_07048","VP_022","LNP_0369","lnp_id",2
"PAIR_07049","VP_025","LNP_0405","lnp_id",4
"PAIR_07050","VP_168","LNP_0276","lnp_id",5
"PAIR_07051","VP_051","LNP_0433","lnp_id",1
"PAIR_07052","VP_185","LNP_0137","lnp_id",3
"PAIR_07053","VP_017","LNP_0346","lnp_id",3
"PAIR_07054","VP_051","LNP_0298","lnp_id",3
"PAIR_07055","VP_007","LNP_0335","lnp_id",1
"PAIR_07056","VP_120","LNP_0191","lnp_id",3
"PAIR_07057","VP_090","LNP_0425","lnp_id",5
"PAIR_07058","VP_079","LNP_0368","lnp_id",5
"PAIR_07059","VP_051","LNP_0327","lnp_id",5
"PAIR_07060","VP_174","LNP_0108","lnp_id",2
"PAIR_07061","VP_077","LNP_0252","lnp_id",3
"PAIR_07062","VP_196","LNP_0319","lnp_id",3
"PAIR_07063","VP_090","LNP_0090","lnp_id",5
"PAIR_07064","VP_187","LNP_0412","lnp_id",3
"PAIR_07065","VP_193","LNP_0232","lnp_id",4
"PAIR_07066","VP_166","LNP_0476","lnp_id",1
"PAIR_07067","VP_052","LNP_0005","lnp_id",5
"PAIR_07068","VP_034","LNP_0435","lnp_id",1
"PAIR_07069","VP_041","LNP_0321","lnp_id",2
"PAIR_07070","VP_103","LNP_0099","lnp_id",5
"PAIR_07071","VP_153","LNP_0403","lnp_id",5
"PAIR_07072","VP_154","LNP_0004","lnp_id",2
"PAIR_07073","VP_155","LNP_0433","lnp_id",1
"PAIR_07074","VP_122","LNP_0316","lnp_id",5
"PAIR_07075","VP_049","LNP_0030","lnp_id",5
"PAIR_07076","VP_009","LNP_0459","lnp_id",4
"PAIR_07077","VP_114","LNP_0434","lnp_id",3
"PAIR_07078","VP_181","LNP_0486","lnp_id",3
"PAIR_07079","VP_190","LNP_0285","lnp_id",1
"PAIR_07080","VP_053","LNP_0363","lnp_id",2
"PAIR_07081","VP_126","LNP_0147","lnp_id",1
"PAIR_07082","VP_158","LNP_0231","lnp_id",2
"PAIR_07083","VP_032","LNP_0365","lnp_id",2
"PAIR_07084","VP_189","LNP_0023","lnp_id",1
"PAIR_07085","VP_037","LNP_0122","lnp_id",3
"PAIR_07086","VP_143","LNP_0214","lnp_id",3
"PAIR_07087","VP_127","LNP_0125","lnp_id",5
"PAIR_07088","VP_072","LNP_0480","lnp_id",2
"PAIR_07089","VP_183","LNP_0456","lnp_id",2
"PAIR_07090","VP_077","LNP_0443","lnp_id",5
"PAIR_07091","VP_160","LNP_0494","lnp_id",4
"PAIR_07092","VP_187","LNP_0123","lnp_id",2
"PAIR_07093","VP_132","LNP_0440","lnp_id",3
"PAIR_07094","VP_097","LNP_0455","lnp_id",2
"PAIR_07095","VP_133","LNP_0346","lnp_id",3
"PAIR_07096","VP_104","LNP_0457","lnp_id",1
"PAIR_07097","VP_052","LNP_0334","lnp_id",4
"PAIR_07098","VP_051","LNP_0469","lnp_id",3
"PAIR_07099","VP_018","LNP_0052","lnp_id",3
"PAIR_07100","VP_079","LNP_0221","lnp_id",3
"PAIR_07101","VP_039","LNP_0031","lnp_id",4
"PAIR_07102","VP_015","LNP_0335","lnp_id",1
"PAIR_07103","VP_129","LNP_0178","lnp_id",4
"PAIR_07104","VP_198","LNP_0245","lnp_id",5
"PAIR_07105","VP_116","LNP_0415","lnp_id",2
"PAIR_07106","VP_074","LNP_0242","lnp_id",1
"PAIR_07107","VP_019","LNP_0060","lnp_id",3
"PAIR_07108","VP_012","LNP_0467","lnp_id",3
"PAIR_07109","VP_026","LNP_0338","lnp_id",2
"PAIR_07110","VP_022","LNP_0466","lnp_id",3
"PAIR_07111","VP_148","LNP_0483","lnp_id",3
"PAIR_07112","VP_052","LNP_0169","lnp_id",1
"PAIR_07113","VP_021","LNP_0212","lnp_id",4
"PAIR_07114","VP_124","LNP_0045","lnp_id",2
"PAIR_07115","VP_015","LNP_0416","lnp_id",1
"PAIR_07116","VP_051","LNP_0497","lnp_id",5
"PAIR_07117","VP_024","LNP_0386","lnp_id",1
"PAIR_07118","VP_159","LNP_0045","lnp_id",2
"PAIR_07119","VP_196","LNP_0324","lnp_id",3
"PAIR_07120","VP_185","LNP_0057","lnp_id",5
"PAIR_07121","VP_092","LNP_0123","lnp_id",2
"PAIR_07122","VP_016","LNP_0344","lnp_id",5
"PAIR_07123","VP_013","LNP_0407","lnp_id",4
"PAIR_07124","VP_049","LNP_0486","lnp_id",3
"PAIR_07125","VP_172","LNP_0388","lnp_id",5
"PAIR_07126","VP_144","LNP_0102","lnp_id",3
"PAIR_07127","VP_061","LNP_0042","lnp_id",4
"PAIR_07128","VP_123","LNP_0465","lnp_id",2
"PAIR_07129","VP_052","LNP_0273","lnp_id",3
"PAIR_07130","VP_042","LNP_0155","lnp_id",5
"PAIR_07131","VP_146","LNP_0195","lnp_id",3
"PAIR_07132","VP_115","LNP_0406","lnp_id",3
"PAIR_07133","VP_030","LNP_0341","lnp_id",5
"PAIR_07134","VP_106","LNP_0008","lnp_id",4
"PAIR_07135","VP_199","LNP_0340","lnp_id",5
"PAIR_07136","VP_062","LNP_0063","lnp_id",1
"PAIR_07137","VP_059","LNP_0492","lnp_id",5
"PAIR_07138","VP_187","LNP_0336","lnp_id",4
"PAIR_07139","VP_075","LNP_0279","lnp_id",5
"PAIR_07140","VP_183","LNP_0353","lnp_id",3
"PAIR_07141","VP_115","LNP_0302","lnp_id",4
"PAIR_07142","VP_032","LNP_0249","lnp_id",1
"PAIR_07143","VP_048","LNP_0364","lnp_id",3
"PAIR_07144","VP_103","LNP_0153","lnp_id",2
"PAIR_07145","VP_029","LNP_0213","lnp_id",2
"PAIR_07146","VP_170","LNP_0120","lnp_id",4
"PAIR_07147","VP_130","LNP_0011","lnp_id",5
"PAIR_07148","VP_029","LNP_0105","lnp_id",5
"PAIR_07149","VP_046","LNP_0182","lnp_id",2
"PAIR_07150","VP_033","LNP_0171","lnp_id",3
"PAIR_07151","VP_173","LNP_0348","lnp_id",4
"PAIR_07152","VP_003","LNP_0054","lnp_id",2
"PAIR_07153","VP_016","LNP_0369","lnp_id",2
"PAIR_07154","VP_064","LNP_0085","lnp_id",4
"PAIR_07155","VP_083","LNP_0132","lnp_id",4
"PAIR_07156","VP_126","LNP_0278","lnp_id",4
"PAIR_07157","VP_115","LNP_0463","lnp_id",5
"PAIR_07158","VP_052","LNP_0339","lnp_id",2
"PAIR_07159","VP_072","LNP_0294","lnp_id",4
"PAIR_07160","VP_100","LNP_0153","lnp_id",2
"PAIR_07161","VP_096","LNP_0438","lnp_id",5
"PAIR_07162","VP_147","LNP_0400","lnp_id",3
"PAIR_07163","VP_183","LNP_0110","lnp_id",2
"PAIR_07164","VP_071","LNP_0200","lnp_id",5
"PAIR_07165","VP_161","LNP_0128","lnp_id",1
"PAIR_07166","VP_044","LNP_0432","lnp_id",5
"PAIR_07167","VP_095","LNP_0147","lnp_id",1
"PAIR_07168","VP_023","LNP_0099","lnp_id",5
"PAIR_07169","VP_027","LNP_0011","lnp_id",5
"PAIR_07170","VP_176","LNP_0449","lnp_id",3
"PAIR_07171","VP_147","LNP_0484","lnp_id",3
"PAIR_07172","VP_168","LNP_0159","lnp_id",5
"PAIR_07173","VP_124","LNP_0088","lnp_id",1
"PAIR_07174","VP_194","LNP_0272","lnp_id",1
"PAIR_07175","VP_011","LNP_0195","lnp_id",3
"PAIR_07176","VP_009","LNP_0194","lnp_id",4
"PAIR_07177","VP_033","LNP_0294","lnp_id",4
"PAIR_07178","VP_063","LNP_0076","lnp_id",1
"PAIR_07179","VP_165","LNP_0432","lnp_id",5
"PAIR_07180","VP_122","LNP_0079","lnp_id",2
"PAIR_07181","VP_101","LNP_0159","lnp_id",5
"PAIR_07182","VP_010","LNP_0329","lnp_id",3
"PAIR_07183","VP_053","LNP_0476","lnp_id",1
"PAIR_07184","VP_159","LNP_0401","lnp_id",5
"PAIR_07185","VP_070","LNP_0220","lnp_id",2
"PAIR_07186","VP_026","LNP_0279","lnp_id",5
"PAIR_07187","VP_164","LNP_0116","lnp_id",1
"PAIR_07188","VP_152","LNP_0425","lnp_id",5
"PAIR_07189","VP_115","LNP_0295","lnp_id",4
"PAIR_07190","VP_046","LNP_0451","lnp_id",4
"PAIR_07191","VP_084","LNP_0463","lnp_id",5
"PAIR_07192","VP_087","LNP_0186","lnp_id",2
"PAIR_07193","VP_069","LNP_0226","lnp_id",2
"PAIR_07194","VP_085","LNP_0293","lnp_id",4
"PAIR_07195","VP_134","LNP_0004","lnp_id",2
"PAIR_07196","VP_123","LNP_0422","lnp_id",3
"PAIR_07197","VP_087","LNP_0477","lnp_id",5
"PAIR_07198","VP_139","LNP_0259","lnp_id",2
"PAIR_07199","VP_024","LNP_0190","lnp_id",4
"PAIR_07200","VP_178","LNP_0024","lnp_id",4
"PAIR_07201","VP_154","LNP_0144","lnp_id",5
"PAIR_07202","VP_079","LNP_0215","lnp_id",1
"PAIR_07203","VP_096","LNP_0241","lnp_id",1
"PAIR_07204","VP_135","LNP_0252","lnp_id",3
"PAIR_07205","VP_001","LNP_0377","lnp_id",4
"PAIR_07206","VP_176","LNP_0232","lnp_id",4
"PAIR_07207","VP_176","LNP_0498","lnp_id",4
"PAIR_07208","VP_094","LNP_0061","lnp_id",1
"PAIR_07209","VP_058","LNP_0461","lnp_id",3
"PAIR_07210","VP_125","LNP_0088","lnp_id",1
"PAIR_07211","VP_140","LNP_0473","lnp_id",1
"PAIR_07212","VP_068","LNP_0144","lnp_id",5
"PAIR_07213","VP_111","LNP_0244","lnp_id",4
"PAIR_07214","VP_007","LNP_0414","lnp_id",4
"PAIR_07215","VP_056","LNP_0039","lnp_id",1
"PAIR_07216","VP_123","LNP_0089","lnp_id",2
"PAIR_07217","VP_022","LNP_0423","lnp_id",4
"PAIR_07218","VP_147","LNP_0197","lnp_id",5
"PAIR_07219","VP_167","LNP_0171","lnp_id",3
"PAIR_07220","VP_018","LNP_0111","lnp_id",4
"PAIR_07221","VP_074","LNP_0214","lnp_id",3
"PAIR_07222","VP_106","LNP_0120","lnp_id",4
"PAIR_07223","VP_095","LNP_0456","lnp_id",2
"PAIR_07224","VP_131","LNP_0447","lnp_id",2
"PAIR_07225","VP_017","LNP_0256","lnp_id",2
"PAIR_07226","VP_014","LNP_0439","lnp_id",1
"PAIR_07227","VP_019","LNP_0294","lnp_id",4
"PAIR_07228","VP_112","LNP_0195","lnp_id",3
"PAIR_07229","VP_173","LNP_0028","lnp_id",5
"PAIR_07230","VP_056","LNP_0316","lnp_id",5
"PAIR_07231","VP_009","LNP_0268","lnp_id",3
"PAIR_07232","VP_151","LNP_0173","lnp_id",3
"PAIR_07233","VP_017","LNP_0333","lnp_id",2
"PAIR_07234","VP_097","LNP_0181","lnp_id",3
"PAIR_07235","VP_017","LNP_0022","lnp_id",2
"PAIR_07236","VP_061","LNP_0484","lnp_id",3
"PAIR_07237","VP_068","LNP_0176","lnp_id",2
"PAIR_07238","VP_023","LNP_0387","lnp_id",2
"PAIR_07239","VP_130","LNP_0185","lnp_id",3
"PAIR_07240","VP_161","LNP_0322","lnp_id",5
"PAIR_07241","VP_117","LNP_0478","lnp_id",5
"PAIR_07242","VP_144","LNP_0263","lnp_id",2
"PAIR_07243","VP_182","LNP_0156","lnp_id",3
"PAIR_07244","VP_056","LNP_0241","lnp_id",1
"PAIR_07245","VP_097","LNP_0079","lnp_id",2
"PAIR_07246","VP_088","LNP_0365","lnp_id",2
"PAIR_07247","VP_167","LNP_0214","lnp_id",3
"PAIR_07248","VP_149","LNP_0173","lnp_id",3
"PAIR_07249","VP_112","LNP_0231","lnp_id",2
"PAIR_07250","VP_146","LNP_0231","lnp_id",2
"PAIR_07251","VP_030","LNP_0175","lnp_id",1
"PAIR_07252","VP_149","LNP_0007","lnp_id",3
"PAIR_07253","VP_017","LNP_0337","lnp_id",3
"PAIR_07254","VP_102","LNP_0049","lnp_id",3
"PAIR_07255","VP_192","LNP_0336","lnp_id",4
"PAIR_07256","VP_052","LNP_0191","lnp_id",3
"PAIR_07257","VP_099","LNP_0054","lnp_id",2
"PAIR_07258","VP_188","LNP_0123","lnp_id",2
"PAIR_07259","VP_135","LNP_0346","lnp_id",3
"PAIR_07260","VP_184","LNP_0236","lnp_id",5
"PAIR_07261","VP_021","LNP_0256","lnp_id",2
"PAIR_07262","VP_200","LNP_0174","lnp_id",1
"PAIR_07263","VP_093","LNP_0335","lnp_id",1
"PAIR_07264","VP_049","LNP_0058","lnp_id",3
"PAIR_07265","VP_037","LNP_0207","lnp_id",1
"PAIR_07266","VP_008","LNP_0113","lnp_id",3
"PAIR_07267","VP_092","LNP_0055","lnp_id",1
"PAIR_07268","VP_135","LNP_0215","lnp_id",1
"PAIR_07269","VP_085","LNP_0363","lnp_id",2
"PAIR_07270","VP_087","LNP_0093","lnp_id",3
"PAIR_07271","VP_074","LNP_0021","lnp_id",2
"PAIR_07272","VP_179","LNP_0329","lnp_id",3
"PAIR_07273","VP_043","LNP_0139","lnp_id",4
"PAIR_07274","VP_176","LNP_0217","lnp_id",4
"PAIR_07275","VP_093","LNP_0066","lnp_id",2
"PAIR_07276","VP_024","LNP_0112","lnp_id",3
"PAIR_07277","VP_162","LNP_0229","lnp_id",1
"PAIR_07278","VP_132","LNP_0179","lnp_id",4
"PAIR_07279","VP_007","LNP_0307","lnp_id",1
"PAIR_07280","VP_168","LNP_0101","lnp_id",2
"PAIR_07281","VP_084","LNP_0084","lnp_id",1
"PAIR_07282","VP_003","LNP_0319","lnp_id",3
"PAIR_07283","VP_085","LNP_0404","lnp_id",3
"PAIR_07284","VP_115","LNP_0086","lnp_id",3
"PAIR_07285","VP_112","LNP_0171","lnp_id",3
"PAIR_07286","VP_085","LNP_0324","lnp_id",3
"PAIR_07287","VP_156","LNP_0245","lnp_id",5
"PAIR_07288","VP_071","LNP_0372","lnp_id",4
"PAIR_07289","VP_037","LNP_0199","lnp_id",1
"PAIR_07290","VP_120","LNP_0048","lnp_id",1
"PAIR_07291","VP_051","LNP_0472","lnp_id",1
"PAIR_07292","VP_132","LNP_0235","lnp_id",2
"PAIR_07293","VP_197","LNP_0181","lnp_id",3
"PAIR_07294","VP_064","LNP_0419","lnp_id",4
"PAIR_07295","VP_064","LNP_0207","lnp_id",1
"PAIR_07296","VP_104","LNP_0346","lnp_id",3
"PAIR_07297","VP_171","LNP_0047","lnp_id",5
"PAIR_07298","VP_014","LNP_0446","lnp_id",1
"PAIR_07299","VP_101","LNP_0465","lnp_id",2
"PAIR_07300","VP_006","LNP_0265","lnp_id",3
"PAIR_07301","VP_120","LNP_0291","lnp_id",5
"PAIR_07302","VP_140","LNP_0322","lnp_id",5
"PAIR_07303","VP_187","LNP_0495","lnp_id",2
"PAIR_07304","VP_116","LNP_0051","lnp_id",1
"PAIR_07305","VP_127","LNP_0249","lnp_id",1
"PAIR_07306","VP_148","LNP_0478","lnp_id",5
"PAIR_07307","VP_172","LNP_0259","lnp_id",2
"PAIR_07308","VP_158","LNP_0002","lnp_id",4
"PAIR_07309","VP_132","LNP_0037","lnp_id",5
"PAIR_07310","VP_090","LNP_0296","lnp_id",4
"PAIR_07311","VP_041","LNP_0400","lnp_id",3
"PAIR_07312","VP_074","LNP_0363","lnp_id",2
"PAIR_07313","VP_193","LNP_0117","lnp_id",3
"PAIR_07314","VP_110","LNP_0323","lnp_id",5
"PAIR_07315","VP_138","LNP_0120","lnp_id",4
"PAIR_07316","VP_068","LNP_0357","lnp_id",2
"PAIR_07317","VP_107","LNP_0024","lnp_id",4
"PAIR_07318","VP_024","LNP_0270","lnp_id",1
"PAIR_07319","VP_007","LNP_0242","lnp_id",1
"PAIR_07320","VP_078","LNP_0390","lnp_id",3
"PAIR_07321","VP_178","LNP_0263","lnp_id",2
"PAIR_07322","VP_194","LNP_0460","lnp_id",3
"PAIR_07323","VP_151","LNP_0224","lnp_id",1
"PAIR_07324","VP_104","LNP_0311","lnp_id",1
"PAIR_07325","VP_138","LNP_0166","lnp_id",1
"PAIR_07326","VP_045","LNP_0331","lnp_id",1
"PAIR_07327","VP_182","LNP_0221","lnp_id",3
"PAIR_07328","VP_168","LNP_0367","lnp_id",3
"PAIR_07329","VP_193","LNP_0166","lnp_id",1
"PAIR_07330","VP_143","LNP_0025","lnp_id",3
"PAIR_07331","VP_087","LNP_0271","lnp_id",4
"PAIR_07332","VP_050","LNP_0478","lnp_id",5
"PAIR_07333","VP_031","LNP_0401","lnp_id",5
"PAIR_07334","VP_057","LNP_0072","lnp_id",2
"PAIR_07335","VP_157","LNP_0301","lnp_id",1
"PAIR_07336","VP_105","LNP_0052","lnp_id",3
"PAIR_07337","VP_056","LNP_0258","lnp_id",5
"PAIR_07338","VP_167","LNP_0310","lnp_id",1
"PAIR_07339","VP_181","LNP_0252","lnp_id",3
"PAIR_07340","VP_127","LNP_0358","lnp_id",4
"PAIR_07341","VP_151","LNP_0404","lnp_id",3
"PAIR_07342","VP_148","LNP_0492","lnp_id",5
"PAIR_07343","VP_103","LNP_0366","lnp_id",3
"PAIR_07344","VP_003","LNP_0002","lnp_id",4
"PAIR_07345","VP_190","LNP_0292","lnp_id",3
"PAIR_07346","VP_002","LNP_0306","lnp_id",2
"PAIR_07347","VP_025","LNP_0087","lnp_id",2
"PAIR_07348","VP_127","LNP_0382","lnp_id",3
"PAIR_07349","VP_042","LNP_0202","lnp_id",1
"PAIR_07350","VP_119","LNP_0091","lnp_id",3
"PAIR_07351","VP_179","LNP_0230","lnp_id",5
"PAIR_07352","VP_188","LNP_0169","lnp_id",1
"PAIR_07353","VP_088","LNP_0358","lnp_id",4
"PAIR_07354","VP_152","LNP_0176","lnp_id",2
"PAIR_07355","VP_190","LNP_0490","lnp_id",5
"PAIR_07356","VP_174","LNP_0142","lnp_id",4
"PAIR_07357","VP_054","LNP_0429","lnp_id",2
"PAIR_07358","VP_136","LNP_0496","lnp_id",5
"PAIR_07359","VP_190","LNP_0146","lnp_id",1
"PAIR_07360","VP_098","LNP_0471","lnp_id",2
"PAIR_07361","VP_129","LNP_0163","lnp_id",1
"PAIR_07362","VP_036","LNP_0277","lnp_id",2
"PAIR_07363","VP_036","LNP_0104","lnp_id",5
"PAIR_07364","VP_026","LNP_0104","lnp_id",5
"PAIR_07365","VP_055","LNP_0403","lnp_id",5
"PAIR_07366","VP_131","LNP_0446","lnp_id",1
"PAIR_07367","VP_066","LNP_0132","lnp_id",4
"PAIR_07368","VP_086","LNP_0033","lnp_id",3
"PAIR_07369","VP_076","LNP_0131","lnp_id",1
"PAIR_07370","VP_114","LNP_0217","lnp_id",4
"PAIR_07371","VP_101","LNP_0352","lnp_id",4
"PAIR_07372","VP_005","LNP_0214","lnp_id",3
"PAIR_07373","VP_116","LNP_0337","lnp_id",3
"PAIR_07374","VP_119","LNP_0434","lnp_id",3
"PAIR_07375","VP_019","LNP_0385","lnp_id",5
"PAIR_07376","VP_164","LNP_0041","lnp_id",1
"PAIR_07377","VP_003","LNP_0068","lnp_id",2
"PAIR_07378","VP_178","LNP_0361","lnp_id",4
"PAIR_07379","VP_149","LNP_0182","lnp_id",2
"PAIR_07380","VP_048","LNP_0300","lnp_id",2
"PAIR_07381","VP_136","LNP_0218","lnp_id",3
"PAIR_07382","VP_053","LNP_0267","lnp_id",5
"PAIR_07383","VP_149","LNP_0174","lnp_id",1
"PAIR_07384","VP_167","LNP_0007","lnp_id",3
"PAIR_07385","VP_116","LNP_0092","lnp_id",3
"PAIR_07386","VP_118","LNP_0378","lnp_id",5
"PAIR_07387","VP_175","LNP_0362","lnp_id",4
"PAIR_07388","VP_171","LNP_0036","lnp_id",2
"PAIR_07389","VP_061","LNP_0321","lnp_id",2
"PAIR_07390","VP_197","LNP_0057","lnp_id",5
"PAIR_07391","VP_072","LNP_0317","lnp_id",4
"PAIR_07392","VP_164","LNP_0121","lnp_id",1
"PAIR_07393","VP_119","LNP_0002","lnp_id",4
"PAIR_07394","VP_104","LNP_0261","lnp_id",1
"PAIR_07395","VP_109","LNP_0301","lnp_id",1
"PAIR_07396","VP_067","LNP_0363","lnp_id",2
"PAIR_07397","VP_070","LNP_0325","lnp_id",4
"PAIR_07398","VP_164","LNP_0491","lnp_id",5
"PAIR_07399","VP_083","LNP_0422","lnp_id",3
"PAIR_07400","VP_188","LNP_0360","lnp_id",5
"PAIR_07401","VP_026","LNP_0154","lnp_id",1
"PAIR_07402","VP_040","LNP_0035","lnp_id",5
"PAIR_07403","VP_147","LNP_0274","lnp_id",4
"PAIR_07404","VP_146","LNP_0194","lnp_id",4
"PAIR_07405","VP_154","LNP_0480","lnp_id",2
"PAIR_07406","VP_116","LNP_0118","lnp_id",1
"PAIR_07407","VP_171","LNP_0500","lnp_id",2
"PAIR_07408","VP_060","LNP_0417","lnp_id",2
"PAIR_07409","VP_042","LNP_0316","lnp_id",5
"PAIR_07410","VP_015","LNP_0189","lnp_id",2
"PAIR_07411","VP_092","LNP_0161","lnp_id",1
"PAIR_07412","VP_079","LNP_0422","lnp_id",3
"PAIR_07413","VP_145","LNP_0480","lnp_id",2
"PAIR_07414","VP_172","LNP_0157","lnp_id",3
"PAIR_07415","VP_008","LNP_0314","lnp_id",3
"PAIR_07416","VP_080","LNP_0075","lnp_id",5
"PAIR_07417","VP_081","LNP_0076","lnp_id",1
"PAIR_07418","VP_162","LNP_0469","lnp_id",3
"PAIR_07419","VP_097","LNP_0087","lnp_id",2
"PAIR_07420","VP_147","LNP_0445","lnp_id",1
"PAIR_07421","VP_091","LNP_0221","lnp_id",3
"PAIR_07422","VP_150","LNP_0015","lnp_id",5
"PAIR_07423","VP_041","LNP_0092","lnp_id",3
"PAIR_07424","VP_028","LNP_0249","lnp_id",1
"PAIR_07425","VP_034","LNP_0058","lnp_id",3
"PAIR_07426","VP_158","LNP_0350","lnp_id",5
"PAIR_07427","VP_067","LNP_0290","lnp_id",4
"PAIR_07428","VP_193","LNP_0472","lnp_id",1
"PAIR_07429","VP_123","LNP_0276","lnp_id",5
"PAIR_07430","VP_039","LNP_0307","lnp_id",1
"PAIR_07431","VP_169","LNP_0433","lnp_id",1
"PAIR_07432","VP_177","LNP_0465","lnp_id",2
"PAIR_07433","VP_011","LNP_0192","lnp_id",1
"PAIR_07434","VP_163","LNP_0093","lnp_id",3
"PAIR_07435","VP_096","LNP_0354","lnp_id",4
"PAIR_07436","VP_173","LNP_0346","lnp_id",3
"PAIR_07437","VP_111","LNP_0156","lnp_id",3
"PAIR_07438","VP_042","LNP_0301","lnp_id",1
"PAIR_07439","VP_126","LNP_0465","lnp_id",2
"PAIR_07440","VP_013","LNP_0115","lnp_id",4
"PAIR_07441","VP_078","LNP_0060","lnp_id",3
"PAIR_07442","VP_006","LNP_0269","lnp_id",5
"PAIR_07443","VP_089","LNP_0457","lnp_id",1
"PAIR_07444","VP_143","LNP_0403","lnp_id",5
"PAIR_07445","VP_088","LNP_0123","lnp_id",2
"PAIR_07446","VP_164","LNP_0491","lnp_id",5
"PAIR_07447","VP_151","LNP_0295","lnp_id",4
"PAIR_07448","VP_191","LNP_0141","lnp_id",5
"PAIR_07449","VP_193","LNP_0469","lnp_id",3
"PAIR_07450","VP_165","LNP_0047","lnp_id",5
"PAIR_07451","VP_173","LNP_0464","lnp_id",5
"PAIR_07452","VP_065","LNP_0192","lnp_id",1
"PAIR_07453","VP_141","LNP_0019","lnp_id",4
"PAIR_07454","VP_145","LNP_0084","lnp_id",1
"PAIR_07455","VP_131","LNP_0433","lnp_id",1
"PAIR_07456","VP_115","LNP_0078","lnp_id",1
"PAIR_07457","VP_064","LNP_0274","lnp_id",4
"PAIR_07458","VP_018","LNP_0396","lnp_id",3
"PAIR_07459","VP_017","LNP_0189","lnp_id",2
"PAIR_07460","VP_097","LNP_0243","lnp_id",3
"PAIR_07461","VP_051","LNP_0086","lnp_id",3
"PAIR_07462","VP_004","LNP_0457","lnp_id",1
"PAIR_07463","VP_010","LNP_0055","lnp_id",1
"PAIR_07464","VP_100","LNP_0260","lnp_id",1
"PAIR_07465","VP_144","LNP_0378","lnp_id",5
"PAIR_07466","VP_199","LNP_0057","lnp_id",5
"PAIR_07467","VP_198","LNP_0297","lnp_id",4
"PAIR_07468","VP_186","LNP_0116","lnp_id",1
"PAIR_07469","VP_004","LNP_0165","lnp_id",3
"PAIR_07470","VP_127","LNP_0064","lnp_id",5
"PAIR_07471","VP_087","LNP_0281","lnp_id",3
"PAIR_07472","VP_099","LNP_0356","lnp_id",5
"PAIR_07473","VP_045","LNP_0132","lnp_id",4
"PAIR_07474","VP_080","LNP_0021","lnp_id",2
"PAIR_07475","VP_128","LNP_0334","lnp_id",4
"PAIR_07476","VP_063","LNP_0334","lnp_id",4
"PAIR_07477","VP_130","LNP_0212","lnp_id",4
"PAIR_07478","VP_104","LNP_0138","lnp_id",5
"PAIR_07479","VP_088","LNP_0050","lnp_id",5
"PAIR_07480","VP_116","LNP_0025","lnp_id",3
"PAIR_07481","VP_091","LNP_0496","lnp_id",5
"PAIR_07482","VP_186","LNP_0058","lnp_id",3
"PAIR_07483","VP_168","LNP_0186","lnp_id",2
"PAIR_07484","VP_100","LNP_0013","lnp_id",2
"PAIR_07485","VP_077","LNP_0083","lnp_id",1
"PAIR_07486","VP_112","LNP_0307","lnp_id",1
"PAIR_07487","VP_055","LNP_0325","lnp_id",4
"PAIR_07488","VP_071","LNP_0157","lnp_id",3
"PAIR_07489","VP_053","LNP_0358","lnp_id",4
"PAIR_07490","VP_188","LNP_0333","lnp_id",2
"PAIR_07491","VP_090","LNP_0007","lnp_id",3
"PAIR_07492","VP_084","LNP_0262","lnp_id",4
"PAIR_07493","VP_115","LNP_0399","lnp_id",3
"PAIR_07494","VP_098","LNP_0111","lnp_id",4
"PAIR_07495","VP_033","LNP_0393","lnp_id",4
"PAIR_07496","VP_161","LNP_0194","lnp_id",4
"PAIR_07497","VP_032","LNP_0284","lnp_id",2
"PAIR_07498","VP_025","LNP_0422","lnp_id",3
"PAIR_07499","VP_099","LNP_0057","lnp_id",5
"PAIR_07500","VP_075","LNP_0158","lnp_id",5
"PAIR_07501","VP_065","LNP_0223","lnp_id",4
"PAIR_07502","VP_022","LNP_0194","lnp_id",4
"PAIR_07503","VP_014","LNP_0271","lnp_id",4
"PAIR_07504","VP_152","LNP_0249","lnp_id",1
"PAIR_07505","VP_087","LNP_0045","lnp_id",2
"PAIR_07506","VP_179","LNP_0168","lnp_id",3
"PAIR_07507","VP_071","LNP_0496","lnp_id",5
"PAIR_07508","VP_121","LNP_0359","lnp_id",2
"PAIR_07509","VP_060","LNP_0190","lnp_id",4
"PAIR_07510","VP_057","LNP_0282","lnp_id",1
"PAIR_07511","VP_055","LNP_0396","lnp_id",3
"PAIR_07512","VP_134","LNP_0389","lnp_id",3
"PAIR_07513","VP_029","LNP_0076","lnp_id",1
"PAIR_07514","VP_084","LNP_0036","lnp_id",2
"PAIR_07515","VP_153","LNP_0361","lnp_id",4
"PAIR_07516","VP_187","LNP_0353","lnp_id",3
"PAIR_07517","VP_168","LNP_0141","lnp_id",5
"PAIR_07518","VP_200","LNP_0299","lnp_id",3
"PAIR_07519","VP_046","LNP_0471","lnp_id",2
"PAIR_07520","VP_120","LNP_0370","lnp_id",2
"PAIR_07521","VP_172","LNP_0148","lnp_id",2
"PAIR_07522","VP_174","LNP_0445","lnp_id",1
"PAIR_07523","VP_016","LNP_0438","lnp_id",5
"PAIR_07524","VP_155","LNP_0407","lnp_id",4
"PAIR_07525","VP_156","LNP_0127","lnp_id",1
"PAIR_07526","VP_062","LNP_0491","lnp_id",5
"PAIR_07527","VP_156","LNP_0019","lnp_id",4
"PAIR_07528","VP_015","LNP_0484","lnp_id",3
"PAIR_07529","VP_173","LNP_0254","lnp_id",2
"PAIR_07530","VP_001","LNP_0003","lnp_id",4
"PAIR_07531","VP_124","LNP_0198","lnp_id",2
"PAIR_07532","VP_034","LNP_0054","lnp_id",2
"PAIR_07533","VP_170","LNP_0433","lnp_id",1
"PAIR_07534","VP_166","LNP_0414","lnp_id",4
"PAIR_07535","VP_187","LNP_0412","lnp_id",3
"PAIR_07536","VP_114","LNP_0152","lnp_id",4
"PAIR_07537","VP_096","LNP_0388","lnp_id",5
"PAIR_07538","VP_161","LNP_0215","lnp_id",1
"PAIR_07539","VP_122","LNP_0343","lnp_id",2
"PAIR_07540","VP_171","LNP_0351","lnp_id",2
"PAIR_07541","VP_109","LNP_0498","lnp_id",4
"PAIR_07542","VP_027","LNP_0338","lnp_id",2
"PAIR_07543","VP_103","LNP_0100","lnp_id",2
"PAIR_07544","VP_035","LNP_0110","lnp_id",2
"PAIR_07545","VP_093","LNP_0471","lnp_id",2
"PAIR_07546","VP_021","LNP_0033","lnp_id",3
"PAIR_07547","VP_165","LNP_0302","lnp_id",4
"PAIR_07548","VP_075","LNP_0080","lnp_id",4
"PAIR_07549","VP_120","LNP_0372","lnp_id",4
"PAIR_07550","VP_165","LNP_0340","lnp_id",5
"PAIR_07551","VP_053","LNP_0370","lnp_id",2
"PAIR_07552","VP_066","LNP_0289","lnp_id",1
"PAIR_07553","VP_013","LNP_0057","lnp_id",5
"PAIR_07554","VP_146","LNP_0134","lnp_id",1
"PAIR_07555","VP_022","LNP_0133","lnp_id",5
"PAIR_07556","VP_023","LNP_0034","lnp_id",5
"PAIR_07557","VP_169","LNP_0419","lnp_id",4
"PAIR_07558","VP_129","LNP_0108","lnp_id",2
"PAIR_07559","VP_079","LNP_0488","lnp_id",4
"PAIR_07560","VP_196","LNP_0462","lnp_id",4
"PAIR_07561","VP_151","LNP_0272","lnp_id",1
"PAIR_07562","VP_056","LNP_0094","lnp_id",1
"PAIR_07563","VP_062","LNP_0472","lnp_id",1
"PAIR_07564","VP_171","LNP_0335","lnp_id",1
"PAIR_07565","VP_041","LNP_0366","lnp_id",3
"PAIR_07566","VP_194","LNP_0005","lnp_id",5
"PAIR_07567","VP_037","LNP_0461","lnp_id",3
"PAIR_07568","VP_027","LNP_0323","lnp_id",5
"PAIR_07569","VP_012","LNP_0336","lnp_id",4
"PAIR_07570","VP_066","LNP_0326","lnp_id",2
"PAIR_07571","VP_102","LNP_0255","lnp_id",4
"PAIR_07572","VP_175","LNP_0313","lnp_id",5
"PAIR_07573","VP_016","LNP_0264","lnp_id",1
"PAIR_07574","VP_013","LNP_0323","lnp_id",5
"PAIR_07575","VP_146","LNP_0288","lnp_id",1
"PAIR_07576","VP_070","LNP_0417","lnp_id",2
"PAIR_07577","VP_109","LNP_0432","lnp_id",5
"PAIR_07578","VP_021","LNP_0182","lnp_id",2
"PAIR_07579","VP_112","LNP_0455","lnp_id",2
"PAIR_07580","VP_084","LNP_0320","lnp_id",2
"PAIR_07581","VP_148","LNP_0349","lnp_id",5
"PAIR_07582","VP_142","LNP_0284","lnp_id",2
"PAIR_07583","VP_057","LNP_0076","lnp_id",1
"PAIR_07584","VP_196","LNP_0098","lnp_id",4
"PAIR_07585","VP_017","LNP_0123","lnp_id",2
"PAIR_07586","VP_149","LNP_0231","lnp_id",2
"PAIR_07587","VP_085","LNP_0318","lnp_id",3
"PAIR_07588","VP_143","LNP_0428","lnp_id",1
"PAIR_07589","VP_164","LNP_0207","lnp_id",1
"PAIR_07590","VP_047","LNP_0059","lnp_id",1
"PAIR_07591","VP_109","LNP_0407","lnp_id",4
"PAIR_07592","VP_016","LNP_0156","lnp_id",3
"PAIR_07593","VP_163","LNP_0409","lnp_id",5
"PAIR_07594","VP_009","LNP_0388","lnp_id",5
"PAIR_07595","VP_087","LNP_0478","lnp_id",5
"PAIR_07596","VP_109","LNP_0431","lnp_id",2
"PAIR_07597","VP_197","LNP_0296","lnp_id",4
"PAIR_07598","VP_004","LNP_0212","lnp_id",4
"PAIR_07599","VP_199","LNP_0073","lnp_id",3
"PAIR_07600","VP_057","LNP_0126","lnp_id",1
"PAIR_07601","VP_164","LNP_0026","lnp_id",1
"PAIR_07602","VP_041","LNP_0440","lnp_id",3
"PAIR_07603","VP_100","LNP_0393","lnp_id",4
"PAIR_07604","VP_014","LNP_0299","lnp_id",3
"PAIR_07605","VP_048","LNP_0369","lnp_id",2
"PAIR_07606","VP_105","LNP_0454","lnp_id",5
"PAIR_07607","VP_144","LNP_0027","lnp_id",3
"PAIR_07608","VP_112","LNP_0490","lnp_id",5
"PAIR_07609","VP_102","LNP_0358","lnp_id",4
"PAIR_07610","VP_180","LNP_0048","lnp_id",1
"PAIR_07611","VP_008","LNP_0308","lnp_id",5
"PAIR_07612","VP_148","LNP_0060","lnp_id",3
"PAIR_07613","VP_064","LNP_0399","lnp_id",3
"PAIR_07614","VP_158","LNP_0061","lnp_id",1
"PAIR_07615","VP_040","LNP_0454","lnp_id",5
"PAIR_07616","VP_089","LNP_0327","lnp_id",5
"PAIR_07617","VP_006","LNP_0374","lnp_id",2
"PAIR_07618","VP_109","LNP_0168","lnp_id",3
"PAIR_07619","VP_146","LNP_0268","lnp_id",3
"PAIR_07620","VP_129","LNP_0394","lnp_id",2
"PAIR_07621","VP_079","LNP_0043","lnp_id",3
"PAIR_07622","VP_047","LNP_0218","lnp_id",3
"PAIR_07623","VP_133","LNP_0322","lnp_id",5
"PAIR_07624","VP_048","LNP_0322","lnp_id",5
"PAIR_07625","VP_047","LNP_0209","lnp_id",4
"PAIR_07626","VP_199","LNP_0380","lnp_id",5
"PAIR_07627","VP_083","LNP_0103","lnp_id",5
"PAIR_07628","VP_117","LNP_0058","lnp_id",3
"PAIR_07629","VP_016","LNP_0475","lnp_id",1
"PAIR_07630","VP_183","LNP_0402","lnp_id",1
"PAIR_07631","VP_047","LNP_0467","lnp_id",3
"PAIR_07632","VP_027","LNP_0245","lnp_id",5
"PAIR_07633","VP_016","LNP_0032","lnp_id",2
"PAIR_07634","VP_055","LNP_0359","lnp_id",2
"PAIR_07635","VP_173","LNP_0199","lnp_id",1
"PAIR_07636","VP_100","LNP_0344","lnp_id",5
"PAIR_07637","VP_195","LNP_0088","lnp_id",1
"PAIR_07638","VP_161","LNP_0487","lnp_id",5
"PAIR_07639","VP_134","LNP_0094","lnp_id",1
"PAIR_07640","VP_146","LNP_0235","lnp_id",2
"PAIR_07641","VP_062","LNP_0405","lnp_id",4
"PAIR_07642","VP_062","LNP_0249","lnp_id",1
"PAIR_07643","VP_114","LNP_0413","lnp_id",5
"PAIR_07644","VP_109","LNP_0122","lnp_id",3
"PAIR_07645","VP_158","LNP_0257","lnp_id",3
"PAIR_07646","VP_116","LNP_0215","lnp_id",1
"PAIR_07647","VP_095","LNP_0309","lnp_id",2
"PAIR_07648","VP_055","LNP_0388","lnp_id",5
"PAIR_07649","VP_096","LNP_0182","lnp_id",2
"PAIR_07650","VP_021","LNP_0217","lnp_id",4
"PAIR_07651","VP_050","LNP_0073","lnp_id",3
"PAIR_07652","VP_132","LNP_0412","lnp_id",3
"PAIR_07653","VP_132","LNP_0171","lnp_id",3
"PAIR_07654","VP_154","LNP_0445","lnp_id",1
"PAIR_07655","VP_113","LNP_0220","lnp_id",2
"PAIR_07656","VP_164","LNP_0168","lnp_id",3
"PAIR_07657","VP_134","LNP_0440","lnp_id",3
"PAIR_07658","VP_072","LNP_0290","lnp_id",4
"PAIR_07659","VP_036","LNP_0023","lnp_id",1
"PAIR_07660","VP_159","LNP_0496","lnp_id",5
"PAIR_07661","VP_049","LNP_0213","lnp_id",2
"PAIR_07662","VP_183","LNP_0438","lnp_id",5
"PAIR_07663","VP_172","LNP_0105","lnp_id",5
"PAIR_07664","VP_144","LNP_0178","lnp_id",4
"PAIR_07665","VP_185","LNP_0043","lnp_id",3
"PAIR_07666","VP_124","LNP_0020","lnp_id",1
"PAIR_07667","VP_093","LNP_0388","lnp_id",5
"PAIR_07668","VP_080","LNP_0356","lnp_id",5
"PAIR_07669","VP_113","LNP_0116","lnp_id",1
"PAIR_07670","VP_021","LNP_0448","lnp_id",3
"PAIR_07671","VP_136","LNP_0273","lnp_id",3
"PAIR_07672","VP_075","LNP_0116","lnp_id",1
"PAIR_07673","VP_108","LNP_0342","lnp_id",4
"PAIR_07674","VP_145","LNP_0255","lnp_id",4
"PAIR_07675","VP_002","LNP_0187","lnp_id",2
"PAIR_07676","VP_128","LNP_0289","lnp_id",1
"PAIR_07677","VP_089","LNP_0365","lnp_id",2
"PAIR_07678","VP_118","LNP_0048","lnp_id",1
"PAIR_07679","VP_009","LNP_0028","lnp_id",5
"PAIR_07680","VP_105","LNP_0386","lnp_id",1
"PAIR_07681","VP_109","LNP_0492","lnp_id",5
"PAIR_07682","VP_138","LNP_0154","lnp_id",1
"PAIR_07683","VP_002","LNP_0051","lnp_id",1
"PAIR_07684","VP_195","LNP_0016","lnp_id",5
"PAIR_07685","VP_157","LNP_0248","lnp_id",2
"PAIR_07686","VP_085","LNP_0141","lnp_id",5
"PAIR_07687","VP_063","LNP_0340","lnp_id",5
"PAIR_07688","VP_095","LNP_0365","lnp_id",2
"PAIR_07689","VP_079","LNP_0481","lnp_id",1
"PAIR_07690","VP_070","LNP_0318","lnp_id",3
"PAIR_07691","VP_163","LNP_0033","lnp_id",3
"PAIR_07692","VP_022","LNP_0003","lnp_id",4
"PAIR_07693","VP_016","LNP_0106","lnp_id",4
"PAIR_07694","VP_056","LNP_0422","lnp_id",3
"PAIR_07695","VP_036","LNP_0287","lnp_id",5
"PAIR_07696","VP_185","LNP_0283","lnp_id",1
"PAIR_07697","VP_151","LNP_0262","lnp_id",4
"PAIR_07698","VP_182","LNP_0378","lnp_id",5
"PAIR_07699","VP_119","LNP_0128","lnp_id",1
"PAIR_07700","VP_131","LNP_0238","lnp_id",4
"PAIR_07701","VP_169","LNP_0061","lnp_id",1
"PAIR_07702","VP_138","LNP_0265","lnp_id",3
"PAIR_07703","VP_123","LNP_0152","lnp_id",4
"PAIR_07704","VP_185","LNP_0451","lnp_id",4
"PAIR_07705","VP_001","LNP_0346","lnp_id",3
"PAIR_07706","VP_186","LNP_0056","lnp_id",1
"PAIR_07707","VP_053","LNP_0106","lnp_id",4
"PAIR_07708","VP_197","LNP_0404","lnp_id",3
"PAIR_07709","VP_170","LNP_0184","lnp_id",5
"PAIR_07710","VP_018","LNP_0079","lnp_id",2
"PAIR_07711","VP_091","LNP_0223","lnp_id",4
"PAIR_07712","VP_197","LNP_0345","lnp_id",3
"PAIR_07713","VP_072","LNP_0230","lnp_id",5
"PAIR_07714","VP_101","LNP_0446","lnp_id",1
"PAIR_07715","VP_100","LNP_0374","lnp_id",2
"PAIR_07716","VP_038","LNP_0404","lnp_id",3
"PAIR_07717","VP_165","LNP_0139","lnp_id",4
"PAIR_07718","VP_057","LNP_0484","lnp_id",3
"PAIR_07719","VP_139","LNP_0284","lnp_id",2
"PAIR_07720","VP_050","LNP_0101","lnp_id",2
"PAIR_07721","VP_050","LNP_0322","lnp_id",5
"PAIR_07722","VP_145","LNP_0160","lnp_id",4
"PAIR_07723","VP_099","LNP_0441","lnp_id",1
"PAIR_07724","VP_090","LNP_0275","lnp_id",2
"PAIR_07725","VP_169","LNP_0454","lnp_id",5
"PAIR_07726","VP_141","LNP_0174","lnp_id",1
"PAIR_07727","VP_102","LNP_0326","lnp_id",2
"PAIR_07728","VP_008","LNP_0037","lnp_id",5
"PAIR_07729","VP_196","LNP_0455","lnp_id",2
"PAIR_07730","VP_147","LNP_0091","lnp_id",3
"PAIR_07731","VP_190","LNP_0216","lnp_id",1
"PAIR_07732","VP_185","LNP_0341","lnp_id",5
"PAIR_07733","VP_064","LNP_0321","lnp_id",2
"PAIR_07734","VP_069","LNP_0224","lnp_id",1
"PAIR_07735","VP_015","LNP_0220","lnp_id",2
"PAIR_07736","VP_057","LNP_0318","lnp_id",3
"PAIR_07737","VP_065","LNP_0249","lnp_id",1
"PAIR_07738","VP_158","LNP_0364","lnp_id",3
"PAIR_07739","VP_118","LNP_0366","lnp_id",3
"PAIR_07740","VP_097","LNP_0011","lnp_id",5
"PAIR_07741","VP_008","LNP_0329","lnp_id",3
"PAIR_07742","VP_045","LNP_0153","lnp_id",2
"PAIR_07743","VP_134","LNP_0388","lnp_id",5
"PAIR_07744","VP_165","LNP_0026","lnp_id",1
"PAIR_07745","VP_138","LNP_0387","lnp_id",2
"PAIR_07746","VP_067","LNP_0230","lnp_id",5
"PAIR_07747","VP_041","LNP_0332","lnp_id",5
"PAIR_07748","VP_031","LNP_0386","lnp_id",1
"PAIR_07749","VP_064","LNP_0080","lnp_id",4
"PAIR_07750","VP_061","LNP_0139","lnp_id",4
"PAIR_07751","VP_150","LNP_0080","lnp_id",4
"PAIR_07752","VP_179","LNP_0390","lnp_id",3
"PAIR_07753","VP_003","LNP_0308","lnp_id",5
"PAIR_07754","VP_169","LNP_0447","lnp_id",2
"PAIR_07755","VP_027","LNP_0298","lnp_id",3
"PAIR_07756","VP_185","LNP_0040","lnp_id",3
"PAIR_07757","VP_040","LNP_0295","lnp_id",4
"PAIR_07758","VP_080","LNP_0088","lnp_id",1
"PAIR_07759","VP_110","LNP_0210","lnp_id",2
"PAIR_07760","VP_196","LNP_0438","lnp_id",5
"PAIR_07761","VP_024","LNP_0489","lnp_id",2
"PAIR_07762","VP_124","LNP_0286","lnp_id",4
"PAIR_07763","VP_150","LNP_0411","lnp_id",1
"PAIR_07764","VP_185","LNP_0215","lnp_id",1
"PAIR_07765","VP_106","LNP_0237","lnp_id",4
"PAIR_07766","VP_075","LNP_0219","lnp_id",3
"PAIR_07767","VP_002","LNP_0091","lnp_id",3
"PAIR_07768","VP_172","LNP_0019","lnp_id",4
"PAIR_07769","VP_159","LNP_0200","lnp_id",5
"PAIR_07770","VP_073","LNP_0455","lnp_id",2
"PAIR_07771","VP_178","LNP_0227","lnp_id",1
"PAIR_07772","VP_024","LNP_0134","lnp_id",1
"PAIR_07773","VP_129","LNP_0100","lnp_id",2
"PAIR_07774","VP_022","LNP_0078","lnp_id",1
"PAIR_07775","VP_105","LNP_0207","lnp_id",1
"PAIR_07776","VP_052","LNP_0288","lnp_id",1
"PAIR_07777","VP_173","LNP_0137","lnp_id",3
"PAIR_07778","VP_090","LNP_0082","lnp_id",2
"PAIR_07779","VP_192","LNP_0435","lnp_id",1
"PAIR_07780","VP_145","LNP_0420","lnp_id",4
"PAIR_07781","VP_156","LNP_0011","lnp_id",5
"PAIR_07782","VP_169","LNP_0222","lnp_id",2
"PAIR_07783","VP_056","LNP_0135","lnp_id",4
"PAIR_07784","VP_022","LNP_0247","lnp_id",1
"PAIR_07785","VP_003","LNP_0408","lnp_id",4
"PAIR_07786","VP_093","LNP_0423","lnp_id",4
"PAIR_07787","VP_183","LNP_0036","lnp_id",2
"PAIR_07788","VP_052","LNP_0261","lnp_id",1
"PAIR_07789","VP_113","LNP_0125","lnp_id",5
"PAIR_07790","VP_143","LNP_0150","lnp_id",1
"PAIR_07791","VP_161","LNP_0307","lnp_id",1
"PAIR_07792","VP_103","LNP_0085","lnp_id",4
"PAIR_07793","VP_098","LNP_0261","lnp_id",1
"PAIR_07794","VP_153","LNP_0343","lnp_id",2
"PAIR_07795","VP_118","LNP_0087","lnp_id",2
"PAIR_07796","VP_163","LNP_0229","lnp_id",1
"PAIR_07797","VP_179","LNP_0124","lnp_id",3
"PAIR_07798","VP_147","LNP_0337","lnp_id",3
"PAIR_07799","VP_182","LNP_0101","lnp_id",2
"PAIR_07800","VP_168","LNP_0047","lnp_id",5
"PAIR_07801","VP_090","LNP_0198","lnp_id",2
"PAIR_07802","VP_026","LNP_0138","lnp_id",5
"PAIR_07803","VP_099","LNP_0460","lnp_id",3
"PAIR_07804","VP_034","LNP_0018","lnp_id",1
"PAIR_07805","VP_017","LNP_0426","lnp_id",4
"PAIR_07806","VP_060","LNP_0402","lnp_id",1
"PAIR_07807","VP_141","LNP_0105","lnp_id",5
"PAIR_07808","VP_131","LNP_0452","lnp_id",2
"PAIR_07809","VP_020","LNP_0332","lnp_id",5
"PAIR_07810","VP_036","LNP_0202","lnp_id",1
"PAIR_07811","VP_046","LNP_0283","lnp_id",1
"PAIR_07812","VP_050","LNP_0427","lnp_id",5
"PAIR_07813","VP_067","LNP_0261","lnp_id",1
"PAIR_07814","VP_012","LNP_0341","lnp_id",5
"PAIR_07815","VP_147","LNP_0134","lnp_id",1
"PAIR_07816","VP_153","LNP_0163","lnp_id",1
"PAIR_07817","VP_158","LNP_0377","lnp_id",4
"PAIR_07818","VP_144","LNP_0318","lnp_id",3
"PAIR_07819","VP_168","LNP_0261","lnp_id",1
"PAIR_07820","VP_188","LNP_0403","lnp_id",5
"PAIR_07821","VP_153","LNP_0127","lnp_id",1
"PAIR_07822","VP_177","LNP_0367","lnp_id",3
"PAIR_07823","VP_108","LNP_0146","lnp_id",1
"PAIR_07824","VP_181","LNP_0369","lnp_id",2
"PAIR_07825","VP_192","LNP_0230","lnp_id",5
"PAIR_07826","VP_153","LNP_0188","lnp_id",5
"PAIR_07827","VP_157","LNP_0248","lnp_id",2
"PAIR_07828","VP_061","LNP_0371","lnp_id",4
"PAIR_07829","VP_031","LNP_0261","lnp_id",1
"PAIR_07830","VP_052","LNP_0092","lnp_id",3
"PAIR_07831","VP_055","LNP_0120","lnp_id",4
"PAIR_07832","VP_125","LNP_0093","lnp_id",3
"PAIR_07833","VP_016","LNP_0039","lnp_id",1
"PAIR_07834","VP_178","LNP_0359","lnp_id",2
"PAIR_07835","VP_195","LNP_0107","lnp_id",1
"PAIR_07836","VP_122","LNP_0159","lnp_id",5
"PAIR_07837","VP_074","LNP_0498","lnp_id",4
"PAIR_07838","VP_109","LNP_0383","lnp_id",1
"PAIR_07839","VP_046","LNP_0333","lnp_id",2
"PAIR_07840","VP_147","LNP_0083","lnp_id",1
"PAIR_07841","VP_142","LNP_0153","lnp_id",2
"PAIR_07842","VP_084","LNP_0018","lnp_id",1
"PAIR_07843","VP_068","LNP_0349","lnp_id",5
"PAIR_07844","VP_170","LNP_0228","lnp_id",1
"PAIR_07845","VP_078","LNP_0237","lnp_id",4
"PAIR_07846","VP_012","LNP_0416","lnp_id",1
"PAIR_07847","VP_008","LNP_0122","lnp_id",3
"PAIR_07848","VP_163","LNP_0162","lnp_id",2
"PAIR_07849","VP_150","LNP_0053","lnp_id",5
"PAIR_07850","VP_002","LNP_0270","lnp_id",1
"PAIR_07851","VP_120","LNP_0396","lnp_id",3
"PAIR_07852","VP_063","LNP_0196","lnp_id",2
"PAIR_07853","VP_135","LNP_0445","lnp_id",1
"PAIR_07854","VP_038","LNP_0084","lnp_id",1
"PAIR_07855","VP_020","LNP_0034","lnp_id",5
"PAIR_07856","VP_113","LNP_0357","lnp_id",2
"PAIR_07857","VP_002","LNP_0325","lnp_id",4
"PAIR_07858","VP_173","LNP_0182","lnp_id",2
"PAIR_07859","VP_136","LNP_0471","lnp_id",2
"PAIR_07860","VP_182","LNP_0024","lnp_id",4
"PAIR_07861","VP_200","LNP_0253","lnp_id",2
"PAIR_07862","VP_026","LNP_0196","lnp_id",2
"PAIR_07863","VP_193","LNP_0451","lnp_id",4
"PAIR_07864","VP_187","LNP_0200","lnp_id",5
"PAIR_07865","VP_016","LNP_0287","lnp_id",5
"PAIR_07866","VP_011","LNP_0169","lnp_id",1
"PAIR_07867","VP_175","LNP_0498","lnp_id",4
"PAIR_07868","VP_082","LNP_0359","lnp_id",2
"PAIR_07869","VP_158","LNP_0177","lnp_id",4
"PAIR_07870","VP_175","LNP_0115","lnp_id",4
"PAIR_07871","VP_158","LNP_0337","lnp_id",3
"PAIR_07872","VP_187","LNP_0213","lnp_id",2
"PAIR_07873","VP_067","LNP_0086","lnp_id",3
"PAIR_07874","VP_022","LNP_0344","lnp_id",5
"PAIR_07875","VP_141","LNP_0025","lnp_id",3
"PAIR_07876","VP_191","LNP_0416","lnp_id",1
"PAIR_07877","VP_112","LNP_0035","lnp_id",5
"PAIR_07878","VP_126","LNP_0307","lnp_id",1
"PAIR_07879","VP_152","LNP_0115","lnp_id",4
"PAIR_07880","VP_030","LNP_0193","lnp_id",1
"PAIR_07881","VP_109","LNP_0346","lnp_id",3
"PAIR_07882","VP_139","LNP_0118","lnp_id",1
"PAIR_07883","VP_028","LNP_0480","lnp_id",2
"PAIR_07884","VP_083","LNP_0066","lnp_id",2
"PAIR_07885","VP_051","LNP_0379","lnp_id",4
"PAIR_07886","VP_047","LNP_0168","lnp_id",3
"PAIR_07887","VP_047","LNP_0122","lnp_id",3
"PAIR_07888","VP_080","LNP_0448","lnp_id",3
"PAIR_07889","VP_068","LNP_0306","lnp_id",2
"PAIR_07890","VP_055","LNP_0500","lnp_id",2
"PAIR_07891","VP_159","LNP_0136","lnp_id",2
"PAIR_07892","VP_039","LNP_0394","lnp_id",2
"PAIR_07893","VP_184","LNP_0094","lnp_id",1
"PAIR_07894","VP_148","LNP_0172","lnp_id",1
"PAIR_07895","VP_142","LNP_0148","lnp_id",2
"PAIR_07896","VP_105","LNP_0459","lnp_id",4
"PAIR_07897","VP_195","LNP_0242","lnp_id",1
"PAIR_07898","VP_172","LNP_0187","lnp_id",2
"PAIR_07899","VP_171","LNP_0208","lnp_id",5
"PAIR_07900","VP_170","LNP_0413","lnp_id",5
"PAIR_07901","VP_079","LNP_0061","lnp_id",1
"PAIR_07902","VP_139","LNP_0239","lnp_id",4
"PAIR_07903","VP_002","LNP_0312","lnp_id",2
"PAIR_07904","VP_112","LNP_0059","lnp_id",1
"PAIR_07905","VP_043","LNP_0395","lnp_id",1
"PAIR_07906","VP_118","LNP_0304","lnp_id",2
"PAIR_07907","VP_174","LNP_0308","lnp_id",5
"PAIR_07908","VP_172","LNP_0288","lnp_id",1
"PAIR_07909","VP_075","LNP_0090","lnp_id",5
"PAIR_07910","VP_021","LNP_0087","lnp_id",2
"PAIR_07911","VP_007","LNP_0498","lnp_id",4
"PAIR_07912","VP_150","LNP_0279","lnp_id",5
"PAIR_07913","VP_186","LNP_0027","lnp_id",3
"PAIR_07914","VP_046","LNP_0392","lnp_id",5
"PAIR_07915","VP_186","LNP_0055","lnp_id",1
"PAIR_07916","VP_001","LNP_0294","lnp_id",4
"PAIR_07917","VP_090","LNP_0297","lnp_id",4
"PAIR_07918","VP_069","LNP_0304","lnp_id",2
"PAIR_07919","VP_198","LNP_0089","lnp_id",2
"PAIR_07920","VP_026","LNP_0017","lnp_id",4
"PAIR_07921","VP_188","LNP_0207","lnp_id",1
"PAIR_07922","VP_132","LNP_0261","lnp_id",1
"PAIR_07923","VP_150","LNP_0169","lnp_id",1
"PAIR_07924","VP_119","LNP_0062","lnp_id",2
"PAIR_07925","VP_159","LNP_0456","lnp_id",2
"PAIR_07926","VP_043","LNP_0324","lnp_id",3
"PAIR_07927","VP_060","LNP_0245","lnp_id",5
"PAIR_07928","VP_179","LNP_0311","lnp_id",1
"PAIR_07929","VP_031","LNP_0390","lnp_id",3
"PAIR_07930","VP_054","LNP_0238","lnp_id",4
"PAIR_07931","VP_177","LNP_0109","lnp_id",3
"PAIR_07932","VP_007","LNP_0116","lnp_id",1
"PAIR_07933","VP_150","LNP_0358","lnp_id",4
"PAIR_07934","VP_083","LNP_0182","lnp_id",2
"PAIR_07935","VP_088","LNP_0039","lnp_id",1
"PAIR_07936","VP_075","LNP_0072","lnp_id",2
"PAIR_07937","VP_063","LNP_0373","lnp_id",4
"PAIR_07938","VP_168","LNP_0419","lnp_id",4
"PAIR_07939","VP_076","LNP_0132","lnp_id",4
"PAIR_07940","VP_013","LNP_0344","lnp_id",5
"PAIR_07941","VP_144","LNP_0490","lnp_id",5
"PAIR_07942","VP_149","LNP_0094","lnp_id",1
"PAIR_07943","VP_164","LNP_0103","lnp_id",5
"PAIR_07944","VP_105","LNP_0090","lnp_id",5
"PAIR_07945","VP_162","LNP_0443","lnp_id",5
"PAIR_07946","VP_130","LNP_0207","lnp_id",1
"PAIR_07947","VP_121","LNP_0229","lnp_id",1
"PAIR_07948","VP_054","LNP_0287","lnp_id",5
"PAIR_07949","VP_196","LNP_0373","lnp_id",4
"PAIR_07950","VP_174","LNP_0014","lnp_id",5
"PAIR_07951","VP_175","LNP_0261","lnp_id",1
"PAIR_07952","VP_090","LNP_0010","lnp_id",4
"PAIR_07953","VP_036","LNP_0035","lnp_id",5
"PAIR_07954","VP_165","LNP_0221","lnp_id",3
"PAIR_07955","VP_006","LNP_0214","lnp_id",3
"PAIR_07956","VP_160","LNP_0051","lnp_id",1
"PAIR_07957","VP_116","LNP_0356","lnp_id",5
"PAIR_07958","VP_118","LNP_0101","lnp_id",2
"PAIR_07959","VP_150","LNP_0052","lnp_id",3
"PAIR_07960","VP_162","LNP_0211","lnp_id",5
"PAIR_07961","VP_051","LNP_0488","lnp_id",4
"PAIR_07962","VP_159","LNP_0306","lnp_id",2
"PAIR_07963","VP_051","LNP_0203","lnp_id",4
"PAIR_07964","VP_161","LNP_0021","lnp_id",2
"PAIR_07965","VP_193","LNP_0107","lnp_id",1
"PAIR_07966","VP_157","LNP_0275","lnp_id",2
"PAIR_07967","VP_044","LNP_0247","lnp_id",1
"PAIR_07968","VP_185","LNP_0026","lnp_id",1
"PAIR_07969","VP_076","LNP_0232","lnp_id",4
"PAIR_07970","VP_034","LNP_0418","lnp_id",1
"PAIR_07971","VP_063","LNP_0276","lnp_id",5
"PAIR_07972","VP_062","LNP_0165","lnp_id",3
"PAIR_07973","VP_112","LNP_0449","lnp_id",3
"PAIR_07974","VP_106","LNP_0487","lnp_id",5
"PAIR_07975","VP_092","LNP_0027","lnp_id",3
"PAIR_07976","VP_118","LNP_0128","lnp_id",1
"PAIR_07977","VP_113","LNP_0187","lnp_id",2
"PAIR_07978","VP_010","LNP_0279","lnp_id",5
"PAIR_07979","VP_027","LNP_0041","lnp_id",1
"PAIR_07980","VP_063","LNP_0306","lnp_id",2
"PAIR_07981","VP_147","LNP_0149","lnp_id",1
"PAIR_07982","VP_045","LNP_0283","lnp_id",1
"PAIR_07983","VP_168","LNP_0267","lnp_id",5
"PAIR_07984","VP_172","LNP_0196","lnp_id",2
"PAIR_07985","VP_186","LNP_0285","lnp_id",1
"PAIR_07986","VP_028","LNP_0382","lnp_id",3
"PAIR_07987","VP_181","LNP_0151","lnp_id",1
"PAIR_07988","VP_085","LNP_0249","lnp_id",1
"PAIR_07989","VP_142","LNP_0364","lnp_id",3
"PAIR_07990","VP_073","LNP_0478","lnp_id",5
"PAIR_07991","VP_192","LNP_0305","lnp_id",3
"PAIR_07992","VP_085","LNP_0136","lnp_id",2
"PAIR_07993","VP_062","LNP_0135","lnp_id",4
"PAIR_07994","VP_139","LNP_0241","lnp_id",1
"PAIR_07995","VP_120","LNP_0090","lnp_id",5
"PAIR_07996","VP_028","LNP_0459","lnp_id",4
"PAIR_07997","VP_039","LNP_0121","lnp_id",1
"PAIR_07998","VP_162","LNP_0393","lnp_id",4
"PAIR_07999","VP_176","LNP_0232","lnp_id",4
"PAIR_08000","VP_118","LNP_0483","lnp_id",3
"PAIR_08001","VP_200","LNP_0447","lnp_id",2
"PAIR_08002","VP_195","LNP_0270","lnp_id",1
"PAIR_08003","VP_156","LNP_0086","lnp_id",3
"PAIR_08004","VP_011","LNP_0044","lnp_id",2
"PAIR_08005","VP_182","LNP_0183","lnp_id",4
"PAIR_08006","VP_198","LNP_0048","lnp_id",1
"PAIR_08007","VP_156","LNP_0392","lnp_id",5
"PAIR_08008","VP_124","LNP_0085","lnp_id",4
"PAIR_08009","VP_192","LNP_0436","lnp_id",2
"PAIR_08010","VP_111","LNP_0137","lnp_id",3
"PAIR_08011","VP_065","LNP_0262","lnp_id",4
"PAIR_08012","VP_138","LNP_0356","lnp_id",5
"PAIR_08013","VP_122","LNP_0391","lnp_id",2
"PAIR_08014","VP_160","LNP_0290","lnp_id",4
"PAIR_08015","VP_002","LNP_0191","lnp_id",3
"PAIR_08016","VP_080","LNP_0455","lnp_id",2
"PAIR_08017","VP_024","LNP_0284","lnp_id",2
"PAIR_08018","VP_036","LNP_0068","lnp_id",2
"PAIR_08019","VP_137","LNP_0359","lnp_id",2
"PAIR_08020","VP_125","LNP_0162","lnp_id",2
"PAIR_08021","VP_056","LNP_0062","lnp_id",2
"PAIR_08022","VP_123","LNP_0385","lnp_id",5
"PAIR_08023","VP_071","LNP_0004","lnp_id",2
"PAIR_08024","VP_123","LNP_0202","lnp_id",1
"PAIR_08025","VP_135","LNP_0064","lnp_id",5
"PAIR_08026","VP_061","LNP_0445","lnp_id",1
"PAIR_08027","VP_010","LNP_0075","lnp_id",5
"PAIR_08028","VP_036","LNP_0296","lnp_id",4
"PAIR_08029","VP_092","LNP_0111","lnp_id",4
"PAIR_08030","VP_070","LNP_0041","lnp_id",1
"PAIR_08031","VP_103","LNP_0311","lnp_id",1
"PAIR_08032","VP_035","LNP_0435","lnp_id",1
"PAIR_08033","VP_047","LNP_0244","lnp_id",4
"PAIR_08034","VP_118","LNP_0499","lnp_id",3
"PAIR_08035","VP_199","LNP_0051","lnp_id",1
"PAIR_08036","VP_056","LNP_0279","lnp_id",5
"PAIR_08037","VP_083","LNP_0137","lnp_id",3
"PAIR_08038","VP_129","LNP_0395","lnp_id",1
"PAIR_08039","VP_117","LNP_0215","lnp_id",1
"PAIR_08040","VP_160","LNP_0326","lnp_id",2
"PAIR_08041","VP_027","LNP_0463","lnp_id",5
"PAIR_08042","VP_177","LNP_0287","lnp_id",5
"PAIR_08043","VP_068","LNP_0480","lnp_id",2
"PAIR_08044","VP_007","LNP_0232","lnp_id",4
"PAIR_08045","VP_140","LNP_0189","lnp_id",2
"PAIR_08046","VP_137","LNP_0387","lnp_id",2
"PAIR_08047","VP_135","LNP_0381","lnp_id",4
"PAIR_08048","VP_033","LNP_0401","lnp_id",5
"PAIR_08049","VP_124","LNP_0175","lnp_id",1
"PAIR_08050","VP_145","LNP_0095","lnp_id",2
"PAIR_08051","VP_019","LNP_0232","lnp_id",4
"PAIR_08052","VP_092","LNP_0450","lnp_id",1
"PAIR_08053","VP_027","LNP_0393","lnp_id",4
"PAIR_08054","VP_021","LNP_0120","lnp_id",4
"PAIR_08055","VP_163","LNP_0237","lnp_id",4
"PAIR_08056","VP_197","LNP_0079","lnp_id",2
"PAIR_08057","VP_001","LNP_0493","lnp_id",5
"PAIR_08058","VP_013","LNP_0364","lnp_id",3
"PAIR_08059","VP_123","LNP_0311","lnp_id",1
"PAIR_08060","VP_139","LNP_0068","lnp_id",2
"PAIR_08061","VP_052","LNP_0414","lnp_id",4
"PAIR_08062","VP_067","LNP_0040","lnp_id",3
"PAIR_08063","VP_107","LNP_0205","lnp_id",3
"PAIR_08064","VP_038","LNP_0052","lnp_id",3
"PAIR_08065","VP_199","LNP_0422","lnp_id",3
"PAIR_08066","VP_055","LNP_0245","lnp_id",5
"PAIR_08067","VP_056","LNP_0114","lnp_id",2
"PAIR_08068","VP_178","LNP_0300","lnp_id",2
"PAIR_08069","VP_014","LNP_0041","lnp_id",1
"PAIR_08070","VP_196","LNP_0489","lnp_id",2
"PAIR_08071","VP_021","LNP_0109","lnp_id",3
"PAIR_08072","VP_033","LNP_0494","lnp_id",4
"PAIR_08073","VP_010","LNP_0372","lnp_id",4
"PAIR_08074","VP_016","LNP_0095","lnp_id",2
"PAIR_08075","VP_156","LNP_0098","lnp_id",4
"PAIR_08076","VP_030","LNP_0268","lnp_id",3
"PAIR_08077","VP_135","LNP_0368","lnp_id",5
"PAIR_08078","VP_115","LNP_0445","lnp_id",1
"PAIR_08079","VP_117","LNP_0209","lnp_id",4
"PAIR_08080","VP_029","LNP_0497","lnp_id",5
"PAIR_08081","VP_110","LNP_0203","lnp_id",4
"PAIR_08082","VP_094","LNP_0499","lnp_id",3
"PAIR_08083","VP_042","LNP_0393","lnp_id",4
"PAIR_08084","VP_068","LNP_0466","lnp_id",3
"PAIR_08085","VP_069","LNP_0402","lnp_id",1
"PAIR_08086","VP_103","LNP_0409","lnp_id",5
"PAIR_08087","VP_083","LNP_0102","lnp_id",3
"PAIR_08088","VP_190","LNP_0323","lnp_id",5
"PAIR_08089","VP_021","LNP_0263","lnp_id",2
"PAIR_08090","VP_124","LNP_0445","lnp_id",1
"PAIR_08091","VP_148","LNP_0196","lnp_id",2
"PAIR_08092","VP_120","LNP_0376","lnp_id",3
"PAIR_08093","VP_059","LNP_0377","lnp_id",4
"PAIR_08094","VP_024","LNP_0308","lnp_id",5
"PAIR_08095","VP_170","LNP_0122","lnp_id",3
"PAIR_08096","VP_011","LNP_0448","lnp_id",3
"PAIR_08097","VP_066","LNP_0275","lnp_id",2
"PAIR_08098","VP_133","LNP_0344","lnp_id",5
"PAIR_08099","VP_046","LNP_0272","lnp_id",1
"PAIR_08100","VP_190","LNP_0163","lnp_id",1
"PAIR_08101","VP_007","LNP_0043","lnp_id",3
"PAIR_08102","VP_059","LNP_0341","lnp_id",5
"PAIR_08103","VP_048","LNP_0179","lnp_id",4
"PAIR_08104","VP_020","LNP_0169","lnp_id",1
"PAIR_08105","VP_126","LNP_0240","lnp_id",2
"PAIR_08106","VP_176","LNP_0050","lnp_id",5
"PAIR_08107","VP_168","LNP_0140","lnp_id",4
"PAIR_08108","VP_185","LNP_0133","lnp_id",5
"PAIR_08109","VP_117","LNP_0356","lnp_id",5
"PAIR_08110","VP_004","LNP_0166","lnp_id",1
"PAIR_08111","VP_020","LNP_0350","lnp_id",5
"PAIR_08112","VP_022","LNP_0298","lnp_id",3
"PAIR_08113","VP_039","LNP_0225","lnp_id",1
"PAIR_08114","VP_134","LNP_0447","lnp_id",2
"PAIR_08115","VP_044","LNP_0477","lnp_id",5
"PAIR_08116","VP_142","LNP_0308","lnp_id",5
"PAIR_08117","VP_186","LNP_0048","lnp_id",1
"PAIR_08118","VP_138","LNP_0235","lnp_id",2
"PAIR_08119","VP_164","LNP_0066","lnp_id",2
"PAIR_08120","VP_116","LNP_0134","lnp_id",1
"PAIR_08121","VP_010","LNP_0379","lnp_id",4
"PAIR_08122","VP_169","LNP_0125","lnp_id",5
"PAIR_08123","VP_016","LNP_0218","lnp_id",3
"PAIR_08124","VP_179","LNP_0025","lnp_id",3
"PAIR_08125","VP_039","LNP_0491","lnp_id",5
"PAIR_08126","VP_132","LNP_0448","lnp_id",3
"PAIR_08127","VP_112","LNP_0233","lnp_id",2
"PAIR_08128","VP_004","LNP_0331","lnp_id",1
"PAIR_08129","VP_008","LNP_0358","lnp_id",4
"PAIR_08130","VP_173","LNP_0056","lnp_id",1
"PAIR_08131","VP_023","LNP_0350","lnp_id",5
"PAIR_08132","VP_169","LNP_0041","lnp_id",1
"PAIR_08133","VP_130","LNP_0024","lnp_id",4
"PAIR_08134","VP_094","LNP_0082","lnp_id",2
"PAIR_08135","VP_007","LNP_0316","lnp_id",5
"PAIR_08136","VP_195","LNP_0354","lnp_id",4
"PAIR_08137","VP_138","LNP_0171","lnp_id",3
"PAIR_08138","VP_085","LNP_0165","lnp_id",3
"PAIR_08139","VP_185","LNP_0497","lnp_id",5
"PAIR_08140","VP_042","LNP_0035","lnp_id",5
"PAIR_08141","VP_190","LNP_0123","lnp_id",2
"PAIR_08142","VP_134","LNP_0198","lnp_id",2
"PAIR_08143","VP_147","LNP_0069","lnp_id",2
"PAIR_08144","VP_199","LNP_0019","lnp_id",4
"PAIR_08145","VP_095","LNP_0266","lnp_id",2
"PAIR_08146","VP_015","LNP_0138","lnp_id",5
"PAIR_08147","VP_041","LNP_0429","lnp_id",2
"PAIR_08148","VP_019","LNP_0045","lnp_id",2
"PAIR_08149","VP_161","LNP_0196","lnp_id",2
"PAIR_08150","VP_090","LNP_0258","lnp_id",5
"PAIR_08151","VP_011","LNP_0119","lnp_id",5
"PAIR_08152","VP_054","LNP_0424","lnp_id",1
"PAIR_08153","VP_193","LNP_0039","lnp_id",1
"PAIR_08154","VP_200","LNP_0147","lnp_id",1
"PAIR_08155","VP_082","LNP_0359","lnp_id",2
"PAIR_08156","VP_163","LNP_0423","lnp_id",4
"PAIR_08157","VP_052","LNP_0113","lnp_id",3
"PAIR_08158","VP_040","LNP_0288","lnp_id",1
"PAIR_08159","VP_150","LNP_0387","lnp_id",2
"PAIR_08160","VP_087","LNP_0110","lnp_id",2
"PAIR_08161","VP_057","LNP_0303","lnp_id",4
"PAIR_08162","VP_040","LNP_0153","lnp_id",2
"PAIR_08163","VP_077","LNP_0224","lnp_id",1
"PAIR_08164","VP_187","LNP_0005","lnp_id",5
"PAIR_08165","VP_061","LNP_0069","lnp_id",2
"PAIR_08166","VP_150","LNP_0130","lnp_id",4
"PAIR_08167","VP_167","LNP_0156","lnp_id",3
"PAIR_08168","VP_160","LNP_0141","lnp_id",5
"PAIR_08169","VP_117","LNP_0041","lnp_id",1
"PAIR_08170","VP_184","LNP_0115","lnp_id",4
"PAIR_08171","VP_002","LNP_0231","lnp_id",2
"PAIR_08172","VP_111","LNP_0280","lnp_id",1
"PAIR_08173","VP_068","LNP_0066","lnp_id",2
"PAIR_08174","VP_158","LNP_0097","lnp_id",5
"PAIR_08175","VP_061","LNP_0467","lnp_id",3
"PAIR_08176","VP_158","LNP_0148","lnp_id",2
"PAIR_08177","VP_018","LNP_0494","lnp_id",4
"PAIR_08178","VP_143","LNP_0479","lnp_id",5
"PAIR_08179","VP_064","LNP_0093","lnp_id",3
"PAIR_08180","VP_032","LNP_0461","lnp_id",3
"PAIR_08181","VP_057","LNP_0106","lnp_id",4
"PAIR_08182","VP_155","LNP_0201","lnp_id",3
"PAIR_08183","VP_117","LNP_0461","lnp_id",3
"PAIR_08184","VP_094","LNP_0448","lnp_id",3
"PAIR_08185","VP_020","LNP_0238","lnp_id",4
"PAIR_08186","VP_080","LNP_0332","lnp_id",5
"PAIR_08187","VP_177","LNP_0414","lnp_id",4
"PAIR_08188","VP_104","LNP_0355","lnp_id",1
"PAIR_08189","VP_006","LNP_0464","lnp_id",5
"PAIR_08190","VP_106","LNP_0300","lnp_id",2
"PAIR_08191","VP_107","LNP_0483","lnp_id",3
"PAIR_08192","VP_128","LNP_0398","lnp_id",5
"PAIR_08193","VP_069","LNP_0091","lnp_id",3
"PAIR_08194","VP_119","LNP_0292","lnp_id",3
"PAIR_08195","VP_065","LNP_0327","lnp_id",5
"PAIR_08196","VP_010","LNP_0385","lnp_id",5
"PAIR_08197","VP_134","LNP_0164","lnp_id",4
"PAIR_08198","VP_127","LNP_0094","lnp_id",1
"PAIR_08199","VP_165","LNP_0195","lnp_id",3
"PAIR_08200","VP_115","LNP_0280","lnp_id",1
"PAIR_08201","VP_167","LNP_0295","lnp_id",4
"PAIR_08202","VP_044","LNP_0055","lnp_id",1
"PAIR_08203","VP_146","LNP_0431","lnp_id",2
"PAIR_08204","VP_156","LNP_0206","lnp_id",5
"PAIR_08205","VP_002","LNP_0093","lnp_id",3
"PAIR_08206","VP_162","LNP_0002","lnp_id",4
"PAIR_08207","VP_089","LNP_0049","lnp_id",3
"PAIR_08208","VP_065","LNP_0174","lnp_id",1
"PAIR_08209","VP_022","LNP_0387","lnp_id",2
"PAIR_08210","VP_164","LNP_0450","lnp_id",1
"PAIR_08211","VP_124","LNP_0155","lnp_id",5
"PAIR_08212","VP_138","LNP_0218","lnp_id",3
"PAIR_08213","VP_093","LNP_0144","lnp_id",5
"PAIR_08214","VP_005","LNP_0360","lnp_id",5
"PAIR_08215","VP_180","LNP_0456","lnp_id",2
"PAIR_08216","VP_173","LNP_0412","lnp_id",3
"PAIR_08217","VP_159","LNP_0322","lnp_id",5
"PAIR_08218","VP_062","LNP_0210","lnp_id",2
"PAIR_08219","VP_154","LNP_0071","lnp_id",5
"PAIR_08220","VP_141","LNP_0239","lnp_id",4
"PAIR_08221","VP_026","LNP_0287","lnp_id",5
"PAIR_08222","VP_115","LNP_0120","lnp_id",4
"PAIR_08223","VP_054","LNP_0020","lnp_id",1
"PAIR_08224","VP_134","LNP_0054","lnp_id",2
"PAIR_08225","VP_104","LNP_0053","lnp_id",5
"PAIR_08226","VP_013","LNP_0495","lnp_id",2
"PAIR_08227","VP_033","LNP_0460","lnp_id",3
"PAIR_08228","VP_176","LNP_0045","lnp_id",2
"PAIR_08229","VP_007","LNP_0005","lnp_id",5
"PAIR_08230","VP_129","LNP_0266","lnp_id",2
"PAIR_08231","VP_113","LNP_0477","lnp_id",5
"PAIR_08232","VP_118","LNP_0388","lnp_id",5
"PAIR_08233","VP_032","LNP_0280","lnp_id",1
"PAIR_08234","VP_024","LNP_0356","lnp_id",5
"PAIR_08235","VP_107","LNP_0156","lnp_id",3
"PAIR_08236","VP_141","LNP_0490","lnp_id",5
"PAIR_08237","VP_069","LNP_0067","lnp_id",2
"PAIR_08238","VP_031","LNP_0481","lnp_id",1
"PAIR_08239","VP_167","LNP_0254","lnp_id",2
"PAIR_08240","VP_198","LNP_0098","lnp_id",4
"PAIR_08241","VP_067","LNP_0397","lnp_id",2
"PAIR_08242","VP_034","LNP_0430","lnp_id",4
"PAIR_08243","VP_116","LNP_0019","lnp_id",4
"PAIR_08244","VP_118","LNP_0011","lnp_id",5
"PAIR_08245","VP_051","LNP_0008","lnp_id",4
"PAIR_08246","VP_017","LNP_0494","lnp_id",4
"PAIR_08247","VP_057","LNP_0054","lnp_id",2
"PAIR_08248","VP_076","LNP_0487","lnp_id",5
"PAIR_08249","VP_137","LNP_0007","lnp_id",3
"PAIR_08250","VP_192","LNP_0272","lnp_id",1
"PAIR_08251","VP_053","LNP_0391","lnp_id",2
"PAIR_08252","VP_044","LNP_0406","lnp_id",3
"PAIR_08253","VP_021","LNP_0343","lnp_id",2
"PAIR_08254","VP_113","LNP_0490","lnp_id",5
"PAIR_08255","VP_103","LNP_0145","lnp_id",3
"PAIR_08256","VP_018","LNP_0327","lnp_id",5
"PAIR_08257","VP_057","LNP_0463","lnp_id",5
"PAIR_08258","VP_010","LNP_0362","lnp_id",4
"PAIR_08259","VP_020","LNP_0299","lnp_id",3
"PAIR_08260","VP_153","LNP_0074","lnp_id",2
"PAIR_08261","VP_020","LNP_0002","lnp_id",4
"PAIR_08262","VP_039","LNP_0080","lnp_id",4
"PAIR_08263","VP_015","LNP_0282","lnp_id",1
"PAIR_08264","VP_150","LNP_0068","lnp_id",2
"PAIR_08265","VP_137","LNP_0484","lnp_id",3
"PAIR_08266","VP_064","LNP_0398","lnp_id",5
"PAIR_08267","VP_010","LNP_0167","lnp_id",5
"PAIR_08268","VP_112","LNP_0386","lnp_id",1
"PAIR_08269","VP_033","LNP_0419","lnp_id",4
"PAIR_08270","VP_125","LNP_0283","lnp_id",1
"PAIR_08271","VP_199","LNP_0355","lnp_id",1
"PAIR_08272","VP_038","LNP_0016","lnp_id",5
"PAIR_08273","VP_073","LNP_0479","lnp_id",5
"PAIR_08274","VP_139","LNP_0332","lnp_id",5
"PAIR_08275","VP_065","LNP_0322","lnp_id",5
"PAIR_08276","VP_180","LNP_0087","lnp_id",2
"PAIR_08277","VP_192","LNP_0176","lnp_id",2
"PAIR_08278","VP_033","LNP_0287","lnp_id",5
"PAIR_08279","VP_154","LNP_0497","lnp_id",5
"PAIR_08280","VP_088","LNP_0412","lnp_id",3
"PAIR_08281","VP_163","LNP_0436","lnp_id",2
"PAIR_08282","VP_114","LNP_0308","lnp_id",5
"PAIR_08283","VP_166","LNP_0212","lnp_id",4
"PAIR_08284","VP_123","LNP_0325","lnp_id",4
"PAIR_08285","VP_193","LNP_0161","lnp_id",1
"PAIR_08286","VP_134","LNP_0099","lnp_id",5
"PAIR_08287","VP_146","LNP_0042","lnp_id",4
"PAIR_08288","VP_032","LNP_0207","lnp_id",1
"PAIR_08289","VP_142","LNP_0094","lnp_id",1
"PAIR_08290","VP_123","LNP_0385","lnp_id",5
"PAIR_08291","VP_127","LNP_0210","lnp_id",2
"PAIR_08292","VP_013","LNP_0265","lnp_id",3
"PAIR_08293","VP_169","LNP_0494","lnp_id",4
"PAIR_08294","VP_181","LNP_0314","lnp_id",3
"PAIR_08295","VP_183","LNP_0175","lnp_id",1
"PAIR_08296","VP_086","LNP_0378","lnp_id",5
"PAIR_08297","VP_152","LNP_0298","lnp_id",3
"PAIR_08298","VP_104","LNP_0303","lnp_id",4
"PAIR_08299","VP_072","LNP_0427","lnp_id",5
"PAIR_08300","VP_182","LNP_0252","lnp_id",3
"PAIR_08301","VP_051","LNP_0148","lnp_id",2
"PAIR_08302","VP_009","LNP_0043","lnp_id",3
"PAIR_08303","VP_044","LNP_0403","lnp_id",5
"PAIR_08304","VP_097","LNP_0267","lnp_id",5
"PAIR_08305","VP_185","LNP_0182","lnp_id",2
"PAIR_08306","VP_187","LNP_0281","lnp_id",3
"PAIR_08307","VP_019","LNP_0359","lnp_id",2
"PAIR_08308","VP_050","LNP_0494","lnp_id",4
"PAIR_08309","VP_200","LNP_0235","lnp_id",2
"PAIR_08310","VP_040","LNP_0059","lnp_id",1
"PAIR_08311","VP_022","LNP_0453","lnp_id",4
"PAIR_08312","VP_200","LNP_0076","lnp_id",1
"PAIR_08313","VP_027","LNP_0350","lnp_id",5
"PAIR_08314","VP_117","LNP_0147","lnp_id",1
"PAIR_08315","VP_042","LNP_0134","lnp_id",1
"PAIR_08316","VP_157","LNP_0122","lnp_id",3
"PAIR_08317","VP_126","LNP_0239","lnp_id",4
"PAIR_08318","VP_133","LNP_0343","lnp_id",2
"PAIR_08319","VP_020","LNP_0336","lnp_id",4
"PAIR_08320","VP_115","LNP_0287","lnp_id",5
"PAIR_08321","VP_198","LNP_0127","lnp_id",1
"PAIR_08322","VP_095","LNP_0453","lnp_id",4
"PAIR_08323","VP_165","LNP_0334","lnp_id",4
"PAIR_08324","VP_052","LNP_0229","lnp_id",1
"PAIR_08325","VP_125","LNP_0443","lnp_id",5
"PAIR_08326","VP_194","LNP_0288","lnp_id",1
"PAIR_08327","VP_079","LNP_0436","lnp_id",2
"PAIR_08328","VP_135","LNP_0113","lnp_id",3
"PAIR_08329","VP_015","LNP_0068","lnp_id",2
"PAIR_08330","VP_143","LNP_0395","lnp_id",1
"PAIR_08331","VP_195","LNP_0435","lnp_id",1
"PAIR_08332","VP_113","LNP_0021","lnp_id",2
"PAIR_08333","VP_047","LNP_0132","lnp_id",4
"PAIR_08334","VP_066","LNP_0198","lnp_id",2
"PAIR_08335","VP_002","LNP_0298","lnp_id",3
"PAIR_08336","VP_167","LNP_0442","lnp_id",5
"PAIR_08337","VP_163","LNP_0385","lnp_id",5
"PAIR_08338","VP_047","LNP_0325","lnp_id",4
"PAIR_08339","VP_055","LNP_0104","lnp_id",5
"PAIR_08340","VP_024","LNP_0328","lnp_id",3
"PAIR_08341","VP_091","LNP_0231","lnp_id",2
"PAIR_08342","VP_177","LNP_0156","lnp_id",3
"PAIR_08343","VP_162","LNP_0149","lnp_id",1
"PAIR_08344","VP_017","LNP_0084","lnp_id",1
"PAIR_08345","VP_157","LNP_0470","lnp_id",4
"PAIR_08346","VP_182","LNP_0236","lnp_id",5
"PAIR_08347","VP_102","LNP_0467","lnp_id",3
"PAIR_08348","VP_031","LNP_0392","lnp_id",5
"PAIR_08349","VP_163","LNP_0134","lnp_id",1
"PAIR_08350","VP_087","LNP_0115","lnp_id",4
"PAIR_08351","VP_117","LNP_0137","lnp_id",3
"PAIR_08352","VP_173","LNP_0441","lnp_id",1
"PAIR_08353","VP_056","LNP_0351","lnp_id",2
"PAIR_08354","VP_104","LNP_0300","lnp_id",2
"PAIR_08355","VP_053","LNP_0278","lnp_id",4
"PAIR_08356","VP_118","LNP_0109","lnp_id",3
"PAIR_08357","VP_042","LNP_0270","lnp_id",1
"PAIR_08358","VP_142","LNP_0489","lnp_id",2
"PAIR_08359","VP_129","LNP_0014","lnp_id",5
"PAIR_08360","VP_129","LNP_0463","lnp_id",5
"PAIR_08361","VP_153","LNP_0461","lnp_id",3
"PAIR_08362","VP_171","LNP_0334","lnp_id",4
"PAIR_08363","VP_046","LNP_0441","lnp_id",1
"PAIR_08364","VP_026","LNP_0304","lnp_id",2
"PAIR_08365","VP_198","LNP_0364","lnp_id",3
"PAIR_08366","VP_064","LNP_0400","lnp_id",3
"PAIR_08367","VP_027","LNP_0009","lnp_id",5
"PAIR_08368","VP_069","LNP_0297","lnp_id",4
"PAIR_08369","VP_147","LNP_0450","lnp_id",1
"PAIR_08370","VP_007","LNP_0478","lnp_id",5
"PAIR_08371","VP_170","LNP_0426","lnp_id",4
"PAIR_08372","VP_124","LNP_0220","lnp_id",2
"PAIR_08373","VP_164","LNP_0469","lnp_id",3
"PAIR_08374","VP_155","LNP_0100","lnp_id",2
"PAIR_08375","VP_095","LNP_0160","lnp_id",4
"PAIR_08376","VP_189","LNP_0155","lnp_id",5
"PAIR_08377","VP_070","LNP_0171","lnp_id",3
"PAIR_08378","VP_168","LNP_0001","lnp_id",1
"PAIR_08379","VP_088","LNP_0144","lnp_id",5
"PAIR_08380","VP_004","LNP_0486","lnp_id",3
"PAIR_08381","VP_046","LNP_0119","lnp_id",5
"PAIR_08382","VP_116","LNP_0221","lnp_id",3
"PAIR_08383","VP_143","LNP_0383","lnp_id",1
"PAIR_08384","VP_158","LNP_0296","lnp_id",4
"PAIR_08385","VP_126","LNP_0413","lnp_id",5
"PAIR_08386","VP_101","LNP_0197","lnp_id",5
"PAIR_08387","VP_195","LNP_0388","lnp_id",5
"PAIR_08388","VP_016","LNP_0070","lnp_id",4
"PAIR_08389","VP_104","LNP_0406","lnp_id",3
"PAIR_08390","VP_075","LNP_0279","lnp_id",5
"PAIR_08391","VP_179","LNP_0439","lnp_id",1
"PAIR_08392","VP_049","LNP_0183","lnp_id",4
"PAIR_08393","VP_109","LNP_0391","lnp_id",2
"PAIR_08394","VP_168","LNP_0274","lnp_id",4
"PAIR_08395","VP_196","LNP_0166","lnp_id",1
"PAIR_08396","VP_019","LNP_0162","lnp_id",2
"PAIR_08397","VP_068","LNP_0084","lnp_id",1
"PAIR_08398","VP_056","LNP_0438","lnp_id",5
"PAIR_08399","VP_015","LNP_0300","lnp_id",2
"PAIR_08400","VP_195","LNP_0226","lnp_id",2
"PAIR_08401","VP_196","LNP_0349","lnp_id",5
"PAIR_08402","VP_114","LNP_0473","lnp_id",1
"PAIR_08403","VP_102","LNP_0288","lnp_id",1
"PAIR_08404","VP_097","LNP_0091","lnp_id",3
"PAIR_08405","VP_081","LNP_0196","lnp_id",2
"PAIR_08406","VP_122","LNP_0414","lnp_id",4
"PAIR_08407","VP_021","LNP_0204","lnp_id",3
"PAIR_08408","VP_174","LNP_0446","lnp_id",1
"PAIR_08409","VP_137","LNP_0377","lnp_id",4
"PAIR_08410","VP_146","LNP_0044","lnp_id",2
"PAIR_08411","VP_187","LNP_0433","lnp_id",1
"PAIR_08412","VP_147","LNP_0207","lnp_id",1
"PAIR_08413","VP_143","LNP_0180","lnp_id",4
"PAIR_08414","VP_118","LNP_0094","lnp_id",1
"PAIR_08415","VP_063","LNP_0007","lnp_id",3
"PAIR_08416","VP_177","LNP_0428","lnp_id",1
"PAIR_08417","VP_195","LNP_0412","lnp_id",3
"PAIR_08418","VP_043","LNP_0335","lnp_id",1
"PAIR_08419","VP_081","LNP_0141","lnp_id",5
"PAIR_08420","VP_157","LNP_0446","lnp_id",1
"PAIR_08421","VP_192","LNP_0350","lnp_id",5
"PAIR_08422","VP_141","LNP_0372","lnp_id",4
"PAIR_08423","VP_188","LNP_0004","lnp_id",2
"PAIR_08424","VP_035","LNP_0280","lnp_id",1
"PAIR_08425","VP_177","LNP_0435","lnp_id",1
"PAIR_08426","VP_106","LNP_0189","lnp_id",2
"PAIR_08427","VP_046","LNP_0468","lnp_id",4
"PAIR_08428","VP_079","LNP_0100","lnp_id",2
"PAIR_08429","VP_161","LNP_0106","lnp_id",4
"PAIR_08430","VP_069","LNP_0171","lnp_id",3
"PAIR_08431","VP_136","LNP_0149","lnp_id",1
"PAIR_08432","VP_077","LNP_0337","lnp_id",3
"PAIR_08433","VP_008","LNP_0457","lnp_id",1
"PAIR_08434","VP_099","LNP_0449","lnp_id",3
"PAIR_08435","VP_199","LNP_0014","lnp_id",5
"PAIR_08436","VP_182","LNP_0386","lnp_id",1
"PAIR_08437","VP_078","LNP_0305","lnp_id",3
"PAIR_08438","VP_101","LNP_0027","lnp_id",3
"PAIR_08439","VP_008","LNP_0367","lnp_id",3
"PAIR_08440","VP_125","LNP_0214","lnp_id",3
"PAIR_08441","VP_018","LNP_0040","lnp_id",3
"PAIR_08442","VP_175","LNP_0135","lnp_id",4
"PAIR_08443","VP_176","LNP_0477","lnp_id",5
"PAIR_08444","VP_194","LNP_0225","lnp_id",1
"PAIR_08445","VP_092","LNP_0251","lnp_id",3
"PAIR_08446","VP_151","LNP_0035","lnp_id",5
"PAIR_08447","VP_091","LNP_0250","lnp_id",5
"PAIR_08448","VP_027","LNP_0299","lnp_id",3
"PAIR_08449","VP_005","LNP_0307","lnp_id",1
"PAIR_08450","VP_032","LNP_0391","lnp_id",2
"PAIR_08451","VP_140","LNP_0467","lnp_id",3
"PAIR_08452","VP_009","LNP_0278","lnp_id",4
"PAIR_08453","VP_119","LNP_0158","lnp_id",5
"PAIR_08454","VP_189","LNP_0213","lnp_id",2
"PAIR_08455","VP_047","LNP_0094","lnp_id",1
"PAIR_08456","VP_094","LNP_0115","lnp_id",4
"PAIR_08457","VP_073","LNP_0052","lnp_id",3
"PAIR_08458","VP_110","LNP_0049","lnp_id",3
"PAIR_08459","VP_113","LNP_0088","lnp_id",1
"PAIR_08460","VP_117","LNP_0309","lnp_id",2
"PAIR_08461","VP_010","LNP_0286","lnp_id",4
"PAIR_08462","VP_110","LNP_0156","lnp_id",3
"PAIR_08463","VP_015","LNP_0310","lnp_id",1
"PAIR_08464","VP_109","LNP_0479","lnp_id",5
"PAIR_08465","VP_197","LNP_0211","lnp_id",5
"PAIR_08466","VP_113","LNP_0290","lnp_id",4
"PAIR_08467","VP_085","LNP_0035","lnp_id",5
"PAIR_08468","VP_023","LNP_0198","lnp_id",2
"PAIR_08469","VP_021","LNP_0258","lnp_id",5
"PAIR_08470","VP_189","LNP_0481","lnp_id",1
"PAIR_08471","VP_042","LNP_0095","lnp_id",2
"PAIR_08472","VP_117","LNP_0275","lnp_id",2
"PAIR_08473","VP_110","LNP_0101","lnp_id",2
"PAIR_08474","VP_127","LNP_0446","lnp_id",1
"PAIR_08475","VP_144","LNP_0490","lnp_id",5
"PAIR_08476","VP_067","LNP_0073","lnp_id",3
"PAIR_08477","VP_060","LNP_0179","lnp_id",4
"PAIR_08478","VP_158","LNP_0277","lnp_id",2
"PAIR_08479","VP_099","LNP_0189","lnp_id",2
"PAIR_08480","VP_106","LNP_0202","lnp_id",1
"PAIR_08481","VP_135","LNP_0157","lnp_id",3
"PAIR_08482","VP_054","LNP_0395","lnp_id",1
"PAIR_08483","VP_041","LNP_0149","lnp_id",1
"PAIR_08484","VP_059","LNP_0330","lnp_id",5
"PAIR_08485","VP_033","LNP_0397","lnp_id",2
"PAIR_08486","VP_179","LNP_0018","lnp_id",1
"PAIR_08487","VP_093","LNP_0253","lnp_id",2
"PAIR_08488","VP_183","LNP_0049","lnp_id",3
"PAIR_08489","VP_180","LNP_0417","lnp_id",2
"PAIR_08490","VP_135","LNP_0173","lnp_id",3
"PAIR_08491","VP_089","LNP_0333","lnp_id",2
"PAIR_08492","VP_090","LNP_0299","lnp_id",3
"PAIR_08493","VP_145","LNP_0308","lnp_id",5
"PAIR_08494","VP_081","LNP_0336","lnp_id",4
"PAIR_08495","VP_082","LNP_0178","lnp_id",4
"PAIR_08496","VP_153","LNP_0137","lnp_id",3
"PAIR_08497","VP_108","LNP_0214","lnp_id",3
"PAIR_08498","VP_145","LNP_0207","lnp_id",1
"PAIR_08499","VP_023","LNP_0096","lnp_id",2
"PAIR_08500","VP_157","LNP_0384","lnp_id",3
"PAIR_08501","VP_183","LNP_0007","lnp_id",3
"PAIR_08502","VP_043","LNP_0480","lnp_id",2
"PAIR_08503","VP_196","LNP_0341","lnp_id",5
"PAIR_08504","VP_176","LNP_0445","lnp_id",1
"PAIR_08505","VP_191","LNP_0209","lnp_id",4
"PAIR_08506","VP_200","LNP_0311","lnp_id",1
"PAIR_08507","VP_191","LNP_0303","lnp_id",4
"PAIR_08508","VP_033","LNP_0343","lnp_id",2
"PAIR_08509","VP_026","LNP_0396","lnp_id",3
"PAIR_08510","VP_190","LNP_0143","lnp_id",4
"PAIR_08511","VP_002","LNP_0263","lnp_id",2
"PAIR_08512","VP_011","LNP_0312","lnp_id",2
"PAIR_08513","VP_115","LNP_0101","lnp_id",2
"PAIR_08514","VP_095","LNP_0244","lnp_id",4
"PAIR_08515","VP_054","LNP_0064","lnp_id",5
"PAIR_08516","VP_008","LNP_0114","lnp_id",2
"PAIR_08517","VP_197","LNP_0400","lnp_id",3
"PAIR_08518","VP_144","LNP_0482","lnp_id",3
"PAIR_08519","VP_165","LNP_0396","lnp_id",3
"PAIR_08520","VP_010","LNP_0421","lnp_id",4
"PAIR_08521","VP_071","LNP_0044","lnp_id",2
"PAIR_08522","VP_042","LNP_0125","lnp_id",5
"PAIR_08523","VP_195","LNP_0387","lnp_id",2
"PAIR_08524","VP_012","LNP_0307","lnp_id",1
"PAIR_08525","VP_055","LNP_0080","lnp_id",4
"PAIR_08526","VP_016","LNP_0009","lnp_id",5
"PAIR_08527","VP_195","LNP_0415","lnp_id",2
"PAIR_08528","VP_058","LNP_0334","lnp_id",4
"PAIR_08529","VP_182","LNP_0448","lnp_id",3
"PAIR_08530","VP_171","LNP_0285","lnp_id",1
"PAIR_08531","VP_173","LNP_0269","lnp_id",5
"PAIR_08532","VP_020","LNP_0115","lnp_id",4
"PAIR_08533","VP_120","LNP_0447","lnp_id",2
"PAIR_08534","VP_005","LNP_0259","lnp_id",2
"PAIR_08535","VP_130","LNP_0486","lnp_id",3
"PAIR_08536","VP_169","LNP_0277","lnp_id",2
"PAIR_08537","VP_161","LNP_0346","lnp_id",3
"PAIR_08538","VP_066","LNP_0146","lnp_id",1
"PAIR_08539","VP_169","LNP_0003","lnp_id",4
"PAIR_08540","VP_185","LNP_0387","lnp_id",2
"PAIR_08541","VP_100","LNP_0025","lnp_id",3
"PAIR_08542","VP_107","LNP_0438","lnp_id",5
"PAIR_08543","VP_034","LNP_0404","lnp_id",3
"PAIR_08544","VP_034","LNP_0072","lnp_id",2
"PAIR_08545","VP_102","LNP_0229","lnp_id",1
"PAIR_08546","VP_025","LNP_0057","lnp_id",5
"PAIR_08547","VP_029","LNP_0013","lnp_id",2
"PAIR_08548","VP_175","LNP_0481","lnp_id",1
"PAIR_08549","VP_073","LNP_0126","lnp_id",1
"PAIR_08550","VP_063","LNP_0380","lnp_id",5
"PAIR_08551","VP_128","LNP_0020","lnp_id",1
"PAIR_08552","VP_005","LNP_0030","lnp_id",5
"PAIR_08553","VP_072","LNP_0112","lnp_id",3
"PAIR_08554","VP_180","LNP_0025","lnp_id",3
"PAIR_08555","VP_117","LNP_0080","lnp_id",4
"PAIR_08556","VP_099","LNP_0465","lnp_id",2
"PAIR_08557","VP_130","LNP_0207","lnp_id",1
"PAIR_08558","VP_179","LNP_0242","lnp_id",1
"PAIR_08559","VP_147","LNP_0145","lnp_id",3
"PAIR_08560","VP_113","LNP_0384","lnp_id",3
"PAIR_08561","VP_198","LNP_0389","lnp_id",3
"PAIR_08562","VP_119","LNP_0063","lnp_id",1
"PAIR_08563","VP_139","LNP_0189","lnp_id",2
"PAIR_08564","VP_196","LNP_0361","lnp_id",4
"PAIR_08565","VP_115","LNP_0384","lnp_id",3
"PAIR_08566","VP_110","LNP_0366","lnp_id",3
"PAIR_08567","VP_172","LNP_0237","lnp_id",4
"PAIR_08568","VP_129","LNP_0384","lnp_id",3
"PAIR_08569","VP_003","LNP_0215","lnp_id",1
"PAIR_08570","VP_124","LNP_0079","lnp_id",2
"PAIR_08571","VP_186","LNP_0075","lnp_id",5
"PAIR_08572","VP_025","LNP_0157","lnp_id",3
"PAIR_08573","VP_065","LNP_0361","lnp_id",4
"PAIR_08574","VP_138","LNP_0356","lnp_id",5
"PAIR_08575","VP_184","LNP_0276","lnp_id",5
"PAIR_08576","VP_094","LNP_0241","lnp_id",1
"PAIR_08577","VP_051","LNP_0418","lnp_id",1
"PAIR_08578","VP_097","LNP_0295","lnp_id",4
"PAIR_08579","VP_074","LNP_0257","lnp_id",3
"PAIR_08580","VP_182","LNP_0052","lnp_id",3
"PAIR_08581","VP_093","LNP_0315","lnp_id",3
"PAIR_08582","VP_197","LNP_0464","lnp_id",5
"PAIR_08583","VP_027","LNP_0420","lnp_id",4
"PAIR_08584","VP_138","LNP_0465","lnp_id",2
"PAIR_08585","VP_139","LNP_0443","lnp_id",5
"PAIR_08586","VP_013","LNP_0383","lnp_id",1
"PAIR_08587","VP_082","LNP_0433","lnp_id",1
"PAIR_08588","VP_189","LNP_0414","lnp_id",4
"PAIR_08589","VP_105","LNP_0323","lnp_id",5
"PAIR_08590","VP_146","LNP_0089","lnp_id",2
"PAIR_08591","VP_179","LNP_0046","lnp_id",3
"PAIR_08592","VP_057","LNP_0115","lnp_id",4
"PAIR_08593","VP_081","LNP_0261","lnp_id",1
"PAIR_08594","VP_092","LNP_0326","lnp_id",2
"PAIR_08595","VP_152","LNP_0238","lnp_id",4
"PAIR_08596","VP_063","LNP_0461","lnp_id",3
"PAIR_08597","VP_133","LNP_0121","lnp_id",1
"PAIR_08598","VP_001","LNP_0191","lnp_id",3
"PAIR_08599","VP_040","LNP_0302","lnp_id",4
"PAIR_08600","VP_037","LNP_0267","lnp_id",5
"PAIR_08601","VP_133","LNP_0115","lnp_id",4
"PAIR_08602","VP_151","LNP_0378","lnp_id",5
"PAIR_08603","VP_171","LNP_0327","lnp_id",5
"PAIR_08604","VP_078","LNP_0253","lnp_id",2
"PAIR_08605","VP_018","LNP_0295","lnp_id",4
"PAIR_08606","VP_109","LNP_0107","lnp_id",1
"PAIR_08607","VP_020","LNP_0019","lnp_id",4
"PAIR_08608","VP_034","LNP_0310","lnp_id",1
"PAIR_08609","VP_167","LNP_0266","lnp_id",2
"PAIR_08610","VP_178","LNP_0146","lnp_id",1
"PAIR_08611","VP_067","LNP_0311","lnp_id",1
"PAIR_08612","VP_100","LNP_0337","lnp_id",3
"PAIR_08613","VP_029","LNP_0486","lnp_id",3
"PAIR_08614","VP_143","LNP_0473","lnp_id",1
"PAIR_08615","VP_119","LNP_0073","lnp_id",3
"PAIR_08616","VP_095","LNP_0156","lnp_id",3
"PAIR_08617","VP_159","LNP_0381","lnp_id",4
"PAIR_08618","VP_107","LNP_0259","lnp_id",2
"PAIR_08619","VP_042","LNP_0099","lnp_id",5
"PAIR_08620","VP_003","LNP_0417","lnp_id",2
"PAIR_08621","VP_047","LNP_0230","lnp_id",5
"PAIR_08622","VP_145","LNP_0361","lnp_id",4
"PAIR_08623","VP_187","LNP_0142","lnp_id",4
"PAIR_08624","VP_157","LNP_0102","lnp_id",3
"PAIR_08625","VP_185","LNP_0099","lnp_id",5
"PAIR_08626","VP_194","LNP_0243","lnp_id",3
"PAIR_08627","VP_011","LNP_0113","lnp_id",3
"PAIR_08628","VP_164","LNP_0373","lnp_id",4
"PAIR_08629","VP_135","LNP_0330","lnp_id",5
"PAIR_08630","VP_084","LNP_0394","lnp_id",2
"PAIR_08631","VP_058","LNP_0196","lnp_id",2
"PAIR_08632","VP_079","LNP_0119","lnp_id",5
"PAIR_08633","VP_120","LNP_0088","lnp_id",1
"PAIR_08634","VP_047","LNP_0117","lnp_id",3
"PAIR_08635","VP_057","LNP_0346","lnp_id",3
"PAIR_08636","VP_069","LNP_0469","lnp_id",3
"PAIR_08637","VP_073","LNP_0332","lnp_id",5
"PAIR_08638","VP_064","LNP_0283","lnp_id",1
"PAIR_08639","VP_146","LNP_0074","lnp_id",2
"PAIR_08640","VP_069","LNP_0291","lnp_id",5
"PAIR_08641","VP_052","LNP_0246","lnp_id",2
"PAIR_08642","VP_147","LNP_0049","lnp_id",3
"PAIR_08643","VP_029","LNP_0306","lnp_id",2
"PAIR_08644","VP_191","LNP_0271","lnp_id",4
"PAIR_08645","VP_191","LNP_0101","lnp_id",2
"PAIR_08646","VP_033","LNP_0436","lnp_id",2
"PAIR_08647","VP_154","LNP_0112","lnp_id",3
"PAIR_08648","VP_178","LNP_0460","lnp_id",3
"PAIR_08649","VP_029","LNP_0375","lnp_id",4
"PAIR_08650","VP_014","LNP_0416","lnp_id",1
"PAIR_08651","VP_061","LNP_0178","lnp_id",4
"PAIR_08652","VP_031","LNP_0500","lnp_id",2
"PAIR_08653","VP_103","LNP_0419","lnp_id",4
"PAIR_08654","VP_075","LNP_0272","lnp_id",1
"PAIR_08655","VP_057","LNP_0205","lnp_id",3
"PAIR_08656","VP_091","LNP_0441","lnp_id",1
"PAIR_08657","VP_090","LNP_0006","lnp_id",4
"PAIR_08658","VP_178","LNP_0169","lnp_id",1
"PAIR_08659","VP_165","LNP_0391","lnp_id",2
"PAIR_08660","VP_110","LNP_0482","lnp_id",3
"PAIR_08661","VP_061","LNP_0003","lnp_id",4
"PAIR_08662","VP_161","LNP_0028","lnp_id",5
"PAIR_08663","VP_137","LNP_0424","lnp_id",1
"PAIR_08664","VP_186","LNP_0021","lnp_id",2
"PAIR_08665","VP_052","LNP_0173","lnp_id",3
"PAIR_08666","VP_071","LNP_0236","lnp_id",5
"PAIR_08667","VP_039","LNP_0050","lnp_id",5
"PAIR_08668","VP_065","LNP_0402","lnp_id",1
"PAIR_08669","VP_079","LNP_0273","lnp_id",3
"PAIR_08670","VP_080","LNP_0044","lnp_id",2
"PAIR_08671","VP_038","LNP_0297","lnp_id",4
"PAIR_08672","VP_120","LNP_0247","lnp_id",1
"PAIR_08673","VP_123","LNP_0079","lnp_id",2
"PAIR_08674","VP_138","LNP_0175","lnp_id",1
"PAIR_08675","VP_060","LNP_0417","lnp_id",2
"PAIR_08676","VP_122","LNP_0256","lnp_id",2
"PAIR_08677","VP_020","LNP_0456","lnp_id",2
"PAIR_08678","VP_051","LNP_0038","lnp_id",4
"PAIR_08679","VP_193","LNP_0049","lnp_id",3
"PAIR_08680","VP_041","LNP_0494","lnp_id",4
"PAIR_08681","VP_125","LNP_0019","lnp_id",4
"PAIR_08682","VP_109","LNP_0106","lnp_id",4
"PAIR_08683","VP_027","LNP_0003","lnp_id",4
"PAIR_08684","VP_189","LNP_0370","lnp_id",2
"PAIR_08685","VP_122","LNP_0416","lnp_id",1
"PAIR_08686","VP_095","LNP_0179","lnp_id",4
"PAIR_08687","VP_028","LNP_0361","lnp_id",4
"PAIR_08688","VP_050","LNP_0170","lnp_id",5
"PAIR_08689","VP_083","LNP_0144","lnp_id",5
"PAIR_08690","VP_150","LNP_0427","lnp_id",5
"PAIR_08691","VP_089","LNP_0107","lnp_id",1
"PAIR_08692","VP_182","LNP_0242","lnp_id",1
"PAIR_08693","VP_134","LNP_0425","lnp_id",5
"PAIR_08694","VP_151","LNP_0388","lnp_id",5
"PAIR_08695","VP_006","LNP_0034","lnp_id",5
"PAIR_08696","VP_029","LNP_0046","lnp_id",3
"PAIR_08697","VP_179","LNP_0192","lnp_id",1
"PAIR_08698","VP_176","LNP_0243","lnp_id",3
"PAIR_08699","VP_092","LNP_0357","lnp_id",2
"PAIR_08700","VP_190","LNP_0346","lnp_id",3
"PAIR_08701","VP_152","LNP_0201","lnp_id",3
"PAIR_08702","VP_098","LNP_0309","lnp_id",2
"PAIR_08703","VP_071","LNP_0262","lnp_id",4
"PAIR_08704","VP_043","LNP_0320","lnp_id",2
"PAIR_08705","VP_184","LNP_0156","lnp_id",3
"PAIR_08706","VP_185","LNP_0432","lnp_id",5
"PAIR_08707","VP_022","LNP_0069","lnp_id",2
"PAIR_08708","VP_156","LNP_0105","lnp_id",5
"PAIR_08709","VP_131","LNP_0322","lnp_id",5
"PAIR_08710","VP_118","LNP_0470","lnp_id",4
"PAIR_08711","VP_130","LNP_0328","lnp_id",3
"PAIR_08712","VP_151","LNP_0326","lnp_id",2
"PAIR_08713","VP_050","LNP_0111","lnp_id",4
"PAIR_08714","VP_058","LNP_0017","lnp_id",4
"PAIR_08715","VP_089","LNP_0368","lnp_id",5
"PAIR_08716","VP_136","LNP_0247","lnp_id",1
"PAIR_08717","VP_144","LNP_0455","lnp_id",2
"PAIR_08718","VP_078","LNP_0160","lnp_id",4
"PAIR_08719","VP_197","LNP_0350","lnp_id",5
"PAIR_08720","VP_026","LNP_0331","lnp_id",1
"PAIR_08721","VP_017","LNP_0414","lnp_id",4
"PAIR_08722","VP_022","LNP_0445","lnp_id",1
"PAIR_08723","VP_127","LNP_0010","lnp_id",4
"PAIR_08724","VP_076","LNP_0118","lnp_id",1
"PAIR_08725","VP_005","LNP_0188","lnp_id",5
"PAIR_08726","VP_023","LNP_0117","lnp_id",3
"PAIR_08727","VP_110","LNP_0466","lnp_id",3
"PAIR_08728","VP_054","LNP_0026","lnp_id",1
"PAIR_08729","VP_154","LNP_0458","lnp_id",4
"PAIR_08730","VP_095","LNP_0140","lnp_id",4
"PAIR_08731","VP_172","LNP_0179","lnp_id",4
"PAIR_08732","VP_161","LNP_0237","lnp_id",4
"PAIR_08733","VP_039","LNP_0028","lnp_id",5
"PAIR_08734","VP_100","LNP_0495","lnp_id",2
"PAIR_08735","VP_028","LNP_0128","lnp_id",1
"PAIR_08736","VP_039","LNP_0279","lnp_id",5
"PAIR_08737","VP_153","LNP_0204","lnp_id",3
"PAIR_08738","VP_084","LNP_0408","lnp_id",4
"PAIR_08739","VP_144","LNP_0207","lnp_id",1
"PAIR_08740","VP_113","LNP_0181","lnp_id",3
"PAIR_08741","VP_013","LNP_0450","lnp_id",1
"PAIR_08742","VP_054","LNP_0236","lnp_id",5
"PAIR_08743","VP_112","LNP_0236","lnp_id",5
"PAIR_08744","VP_189","LNP_0268","lnp_id",3
"PAIR_08745","VP_013","LNP_0134","lnp_id",1
"PAIR_08746","VP_104","LNP_0355","lnp_id",1
"PAIR_08747","VP_042","LNP_0275","lnp_id",2
"PAIR_08748","VP_062","LNP_0283","lnp_id",1
"PAIR_08749","VP_025","LNP_0013","lnp_id",2
"PAIR_08750","VP_163","LNP_0127","lnp_id",1
"PAIR_08751","VP_102","LNP_0039","lnp_id",1
"PAIR_08752","VP_142","LNP_0400","lnp_id",3
"PAIR_08753","VP_063","LNP_0443","lnp_id",5
"PAIR_08754","VP_157","LNP_0016","lnp_id",5
"PAIR_08755","VP_146","LNP_0389","lnp_id",3
"PAIR_08756","VP_115","LNP_0203","lnp_id",4
"PAIR_08757","VP_063","LNP_0206","lnp_id",5
"PAIR_08758","VP_017","LNP_0041","lnp_id",1
"PAIR_08759","VP_197","LNP_0176","lnp_id",2
"PAIR_08760","VP_072","LNP_0404","lnp_id",3
"PAIR_08761","VP_064","LNP_0326","lnp_id",2
"PAIR_08762","VP_173","LNP_0413","lnp_id",5
"PAIR_08763","VP_081","LNP_0098","lnp_id",4
"PAIR_08764","VP_131","LNP_0031","lnp_id",4
"PAIR_08765","VP_128","LNP_0406","lnp_id",3
"PAIR_08766","VP_114","LNP_0056","lnp_id",1
"PAIR_08767","VP_161","LNP_0429","lnp_id",2
"PAIR_08768","VP_169","LNP_0306","lnp_id",2
"PAIR_08769","VP_020","LNP_0463","lnp_id",5
"PAIR_08770","VP_010","LNP_0092","lnp_id",3
"PAIR_08771","VP_028","LNP_0376","lnp_id",3
"PAIR_08772","VP_075","LNP_0411","lnp_id",1
"PAIR_08773","VP_012","LNP_0130","lnp_id",4
"PAIR_08774","VP_092","LNP_0498","lnp_id",4
"PAIR_08775","VP_020","LNP_0023","lnp_id",1
"PAIR_08776","VP_067","LNP_0042","lnp_id",4
"PAIR_08777","VP_095","LNP_0412","lnp_id",3
"PAIR_08778","VP_189","LNP_0086","lnp_id",3
"PAIR_08779","VP_094","LNP_0090","lnp_id",5
"PAIR_08780","VP_023","LNP_0251","lnp_id",3
"PAIR_08781","VP_010","LNP_0142","lnp_id",4
"PAIR_08782","VP_099","LNP_0189","lnp_id",2
"PAIR_08783","VP_066","LNP_0392","lnp_id",5
"PAIR_08784","VP_172","LNP_0406","lnp_id",3
"PAIR_08785","VP_184","LNP_0410","lnp_id",2
"PAIR_08786","VP_145","LNP_0357","lnp_id",2
"PAIR_08787","VP_087","LNP_0339","lnp_id",2
"PAIR_08788","VP_190","LNP_0347","lnp_id",4
"PAIR_08789","VP_108","LNP_0131","lnp_id",1
"PAIR_08790","VP_068","LNP_0189","lnp_id",2
"PAIR_08791","VP_190","LNP_0252","lnp_id",3
"PAIR_08792","VP_053","LNP_0074","lnp_id",2
"PAIR_08793","VP_142","LNP_0204","lnp_id",3
"PAIR_08794","VP_013","LNP_0341","lnp_id",5
"PAIR_08795","VP_197","LNP_0458","lnp_id",4
"PAIR_08796","VP_085","LNP_0314","lnp_id",3
"PAIR_08797","VP_078","LNP_0460","lnp_id",3
"PAIR_08798","VP_146","LNP_0231","lnp_id",2
"PAIR_08799","VP_035","LNP_0104","lnp_id",5
"PAIR_08800","VP_108","LNP_0110","lnp_id",2
"PAIR_08801","VP_172","LNP_0238","lnp_id",4
"PAIR_08802","VP_087","LNP_0436","lnp_id",2
"PAIR_08803","VP_043","LNP_0185","lnp_id",3
"PAIR_08804","VP_087","LNP_0478","lnp_id",5
"PAIR_08805","VP_096","LNP_0252","lnp_id",3
"PAIR_08806","VP_094","LNP_0324","lnp_id",3
"PAIR_08807","VP_115","LNP_0394","lnp_id",2
"PAIR_08808","VP_066","LNP_0317","lnp_id",4
"PAIR_08809","VP_197","LNP_0367","lnp_id",3
"PAIR_08810","VP_007","LNP_0249","lnp_id",1
"PAIR_08811","VP_026","LNP_0035","lnp_id",5
"PAIR_08812","VP_013","LNP_0486","lnp_id",3
"PAIR_08813","VP_192","LNP_0091","lnp_id",3
"PAIR_08814","VP_157","LNP_0097","lnp_id",5
"PAIR_08815","VP_077","LNP_0349","lnp_id",5
"PAIR_08816","VP_115","LNP_0488","lnp_id",4
"PAIR_08817","VP_113","LNP_0147","lnp_id",1
"PAIR_08818","VP_014","LNP_0389","lnp_id",3
"PAIR_08819","VP_107","LNP_0240","lnp_id",2
"PAIR_08820","VP_022","LNP_0483","lnp_id",3
"PAIR_08821","VP_101","LNP_0097","lnp_id",5
"PAIR_08822","VP_008","LNP_0472","lnp_id",1
"PAIR_08823","VP_174","LNP_0209","lnp_id",4
"PAIR_08824","VP_074","LNP_0494","lnp_id",4
"PAIR_08825","VP_129","LNP_0031","lnp_id",4
"PAIR_08826","VP_131","LNP_0283","lnp_id",1
"PAIR_08827","VP_100","LNP_0349","lnp_id",5
"PAIR_08828","VP_143","LNP_0019","lnp_id",4
"PAIR_08829","VP_029","LNP_0304","lnp_id",2
"PAIR_08830","VP_094","LNP_0232","lnp_id",4
"PAIR_08831","VP_072","LNP_0051","lnp_id",1
"PAIR_08832","VP_094","LNP_0002","lnp_id",4
"PAIR_08833","VP_106","LNP_0103","lnp_id",5
"PAIR_08834","VP_091","LNP_0270","lnp_id",1
"PAIR_08835","VP_186","LNP_0370","lnp_id",2
"PAIR_08836","VP_200","LNP_0146","lnp_id",1
"PAIR_08837","VP_128","LNP_0445","lnp_id",1
"PAIR_08838","VP_011","LNP_0309","lnp_id",2
"PAIR_08839","VP_029","LNP_0086","lnp_id",3
"PAIR_08840","VP_093","LNP_0172","lnp_id",1
"PAIR_08841","VP_088","LNP_0334","lnp_id",4
"PAIR_08842","VP_129","LNP_0108","lnp_id",2
"PAIR_08843","VP_102","LNP_0361","lnp_id",4
"PAIR_08844","VP_069","LNP_0269","lnp_id",5
"PAIR_08845","VP_189","LNP_0468","lnp_id",4
"PAIR_08846","VP_098","LNP_0426","lnp_id",4
"PAIR_08847","VP_093","LNP_0380","lnp_id",5
"PAIR_08848","VP_170","LNP_0374","lnp_id",2
"PAIR_08849","VP_058","LNP_0113","lnp_id",3
"PAIR_08850","VP_037","LNP_0360","lnp_id",5
"PAIR_08851","VP_076","LNP_0299","lnp_id",3
"PAIR_08852","VP_065","LNP_0078","lnp_id",1
"PAIR_08853","VP_157","LNP_0164","lnp_id",4
"PAIR_08854","VP_123","LNP_0105","lnp_id",5
"PAIR_08855","VP_150","LNP_0391","lnp_id",2
"PAIR_08856","VP_100","LNP_0064","lnp_id",5
"PAIR_08857","VP_073","LNP_0436","lnp_id",2
"PAIR_08858","VP_086","LNP_0284","lnp_id",2
"PAIR_08859","VP_085","LNP_0205","lnp_id",3
"PAIR_08860","VP_128","LNP_0295","lnp_id",4
"PAIR_08861","VP_154","LNP_0391","lnp_id",2
"PAIR_08862","VP_174","LNP_0483","lnp_id",3
"PAIR_08863","VP_068","LNP_0317","lnp_id",4
"PAIR_08864","VP_172","LNP_0344","lnp_id",5
"PAIR_08865","VP_138","LNP_0175","lnp_id",1
"PAIR_08866","VP_074","LNP_0452","lnp_id",2
"PAIR_08867","VP_099","LNP_0457","lnp_id",1
"PAIR_08868","VP_184","LNP_0177","lnp_id",4
"PAIR_08869","VP_104","LNP_0198","lnp_id",2
"PAIR_08870","VP_023","LNP_0326","lnp_id",2
"PAIR_08871","VP_035","LNP_0049","lnp_id",3
"PAIR_08872","VP_023","LNP_0420","lnp_id",4
"PAIR_08873","VP_046","LNP_0266","lnp_id",2
"PAIR_08874","VP_074","LNP_0274","lnp_id",4
"PAIR_08875","VP_068","LNP_0491","lnp_id",5
"PAIR_08876","VP_160","LNP_0411","lnp_id",1
"PAIR_08877","VP_037","LNP_0012","lnp_id",3
"PAIR_08878","VP_109","LNP_0199","lnp_id",1
"PAIR_08879","VP_126","LNP_0306","lnp_id",2
"PAIR_08880","VP_163","LNP_0016","lnp_id",5
"PAIR_08881","VP_157","LNP_0336","lnp_id",4
"PAIR_08882","VP_112","LNP_0223","lnp_id",4
"PAIR_08883","VP_108","LNP_0015","lnp_id",5
"PAIR_08884","VP_145","LNP_0249","lnp_id",1
"PAIR_08885","VP_054","LNP_0369","lnp_id",2
"PAIR_08886","VP_173","LNP_0099","lnp_id",5
"PAIR_08887","VP_123","LNP_0482","lnp_id",3
"PAIR_08888","VP_154","LNP_0462","lnp_id",4
"PAIR_08889","VP_046","LNP_0171","lnp_id",3
"PAIR_08890","VP_172","LNP_0122","lnp_id",3
"PAIR_08891","VP_078","LNP_0236","lnp_id",5
"PAIR_08892","VP_031","LNP_0134","lnp_id",1
"PAIR_08893","VP_179","LNP_0477","lnp_id",5
"PAIR_08894","VP_147","LNP_0453","lnp_id",4
"PAIR_08895","VP_022","LNP_0287","lnp_id",5
"PAIR_08896","VP_111","LNP_0492","lnp_id",5
"PAIR_08897","VP_088","LNP_0174","lnp_id",1
"PAIR_08898","VP_053","LNP_0197","lnp_id",5
"PAIR_08899","VP_051","LNP_0072","lnp_id",2
"PAIR_08900","VP_186","LNP_0097","lnp_id",5
"PAIR_08901","VP_013","LNP_0050","lnp_id",5
"PAIR_08902","VP_195","LNP_0458","lnp_id",4
"PAIR_08903","VP_018","LNP_0234","lnp_id",3
"PAIR_08904","VP_073","LNP_0329","lnp_id",3
"PAIR_08905","VP_190","LNP_0035","lnp_id",5
"PAIR_08906","VP_058","LNP_0272","lnp_id",1
"PAIR_08907","VP_010","LNP_0179","lnp_id",4
"PAIR_08908","VP_176","LNP_0487","lnp_id",5
"PAIR_08909","VP_016","LNP_0165","lnp_id",3
"PAIR_08910","VP_129","LNP_0201","lnp_id",3
"PAIR_08911","VP_161","LNP_0268","lnp_id",3
"PAIR_08912","VP_164","LNP_0066","lnp_id",2
"PAIR_08913","VP_058","LNP_0402","lnp_id",1
"PAIR_08914","VP_164","LNP_0263","lnp_id",2
"PAIR_08915","VP_117","LNP_0096","lnp_id",2
"PAIR_08916","VP_032","LNP_0077","lnp_id",3
"PAIR_08917","VP_110","LNP_0463","lnp_id",5
"PAIR_08918","VP_158","LNP_0270","lnp_id",1
"PAIR_08919","VP_038","LNP_0030","lnp_id",5
"PAIR_08920","VP_089","LNP_0330","lnp_id",5
"PAIR_08921","VP_041","LNP_0206","lnp_id",5
"PAIR_08922","VP_108","LNP_0027","lnp_id",3
"PAIR_08923","VP_114","LNP_0499","lnp_id",3
"PAIR_08924","VP_139","LNP_0070","lnp_id",4
"PAIR_08925","VP_100","LNP_0277","lnp_id",2
"PAIR_08926","VP_106","LNP_0280","lnp_id",1
"PAIR_08927","VP_143","LNP_0006","lnp_id",4
"PAIR_08928","VP_024","LNP_0060","lnp_id",3
"PAIR_08929","VP_139","LNP_0071","lnp_id",5
"PAIR_08930","VP_092","LNP_0270","lnp_id",1
"PAIR_08931","VP_155","LNP_0341","lnp_id",5
"PAIR_08932","VP_033","LNP_0271","lnp_id",4
"PAIR_08933","VP_027","LNP_0091","lnp_id",3
"PAIR_08934","VP_142","LNP_0284","lnp_id",2
"PAIR_08935","VP_058","LNP_0244","lnp_id",4
"PAIR_08936","VP_136","LNP_0464","lnp_id",5
"PAIR_08937","VP_167","LNP_0427","lnp_id",5
"PAIR_08938","VP_168","LNP_0500","lnp_id",2
"PAIR_08939","VP_027","LNP_0424","lnp_id",1
"PAIR_08940","VP_179","LNP_0359","lnp_id",2
"PAIR_08941","VP_139","LNP_0075","lnp_id",5
"PAIR_08942","VP_054","LNP_0169","lnp_id",1
"PAIR_08943","VP_045","LNP_0410","lnp_id",2
"PAIR_08944","VP_078","LNP_0257","lnp_id",3
"PAIR_08945","VP_055","LNP_0287","lnp_id",5
"PAIR_08946","VP_025","LNP_0328","lnp_id",3
"PAIR_08947","VP_002","LNP_0266","lnp_id",2
"PAIR_08948","VP_186","LNP_0129","lnp_id",3
"PAIR_08949","VP_003","LNP_0223","lnp_id",4
"PAIR_08950","VP_024","LNP_0008","lnp_id",4
"PAIR_08951","VP_190","LNP_0211","lnp_id",5
"PAIR_08952","VP_126","LNP_0237","lnp_id",4
"PAIR_08953","VP_132","LNP_0446","lnp_id",1
"PAIR_08954","VP_101","LNP_0123","lnp_id",2
"PAIR_08955","VP_015","LNP_0467","lnp_id",3
"PAIR_08956","VP_095","LNP_0066","lnp_id",2
"PAIR_08957","VP_125","LNP_0390","lnp_id",3
"PAIR_08958","VP_164","LNP_0214","lnp_id",3
"PAIR_08959","VP_193","LNP_0302","lnp_id",4
"PAIR_08960","VP_021","LNP_0312","lnp_id",2
"PAIR_08961","VP_024","LNP_0039","lnp_id",1
"PAIR_08962","VP_033","LNP_0239","lnp_id",4
"PAIR_08963","VP_101","LNP_0206","lnp_id",5
"PAIR_08964","VP_145","LNP_0029","lnp_id",1
"PAIR_08965","VP_041","LNP_0132","lnp_id",4
"PAIR_08966","VP_065","LNP_0026","lnp_id",1
"PAIR_08967","VP_085","LNP_0386","lnp_id",1
"PAIR_08968","VP_073","LNP_0161","lnp_id",1
"PAIR_08969","VP_083","LNP_0342","lnp_id",4
"PAIR_08970","VP_011","LNP_0168","lnp_id",3
"PAIR_08971","VP_046","LNP_0040","lnp_id",3
"PAIR_08972","VP_148","LNP_0263","lnp_id",2
"PAIR_08973","VP_196","LNP_0442","lnp_id",5
"PAIR_08974","VP_107","LNP_0070","lnp_id",4
"PAIR_08975","VP_042","LNP_0341","lnp_id",5
"PAIR_08976","VP_190","LNP_0492","lnp_id",5
"PAIR_08977","VP_064","LNP_0426","lnp_id",4
"PAIR_08978","VP_051","LNP_0466","lnp_id",3
"PAIR_08979","VP_179","LNP_0433","lnp_id",1
"PAIR_08980","VP_122","LNP_0067","lnp_id",2
"PAIR_08981","VP_045","LNP_0209","lnp_id",4
"PAIR_08982","VP_013","LNP_0291","lnp_id",5
"PAIR_08983","VP_009","LNP_0046","lnp_id",3
"PAIR_08984","VP_084","LNP_0014","lnp_id",5
"PAIR_08985","VP_099","LNP_0496","lnp_id",5
"PAIR_08986","VP_074","LNP_0025","lnp_id",3
"PAIR_08987","VP_067","LNP_0156","lnp_id",3
"PAIR_08988","VP_123","LNP_0002","lnp_id",4
"PAIR_08989","VP_084","LNP_0104","lnp_id",5
"PAIR_08990","VP_187","LNP_0262","lnp_id",4
"PAIR_08991","VP_188","LNP_0209","lnp_id",4
"PAIR_08992","VP_031","LNP_0113","lnp_id",3
"PAIR_08993","VP_146","LNP_0282","lnp_id",1
"PAIR_08994","VP_097","LNP_0097","lnp_id",5
"PAIR_08995","VP_143","LNP_0244","lnp_id",4
"PAIR_08996","VP_149","LNP_0219","lnp_id",3
"PAIR_08997","VP_127","LNP_0172","lnp_id",1
"PAIR_08998","VP_086","LNP_0077","lnp_id",3
"PAIR_08999","VP_048","LNP_0086","lnp_id",3
"PAIR_09000","VP_070","LNP_0093","lnp_id",3
"PAIR_09001","VP_046","LNP_0072","lnp_id",2
"PAIR_09002","VP_037","LNP_0380","lnp_id",5
"PAIR_09003","VP_117","LNP_0195","lnp_id",3
"PAIR_09004","VP_050","LNP_0274","lnp_id",4
"PAIR_09005","VP_079","LNP_0139","lnp_id",4
"PAIR_09006","VP_109","LNP_0058","lnp_id",3
"PAIR_09007","VP_057","LNP_0360","lnp_id",5
"PAIR_09008","VP_025","LNP_0308","lnp_id",5
"PAIR_09009","VP_071","LNP_0308","lnp_id",5
"PAIR_09010","VP_075","LNP_0267","lnp_id",5
"PAIR_09011","VP_040","LNP_0082","lnp_id",2
"PAIR_09012","VP_173","LNP_0017","lnp_id",4
"PAIR_09013","VP_084","LNP_0257","lnp_id",3
"PAIR_09014","VP_015","LNP_0005","lnp_id",5
"PAIR_09015","VP_020","LNP_0177","lnp_id",4
"PAIR_09016","VP_060","LNP_0381","lnp_id",4
"PAIR_09017","VP_194","LNP_0109","lnp_id",3
"PAIR_09018","VP_172","LNP_0381","lnp_id",4
"PAIR_09019","VP_074","LNP_0085","lnp_id",4
"PAIR_09020","VP_035","LNP_0074","lnp_id",2
"PAIR_09021","VP_092","LNP_0362","lnp_id",4
"PAIR_09022","VP_137","LNP_0240","lnp_id",2
"PAIR_09023","VP_064","LNP_0019","lnp_id",4
"PAIR_09024","VP_197","LNP_0469","lnp_id",3
"PAIR_09025","VP_170","LNP_0420","lnp_id",4
"PAIR_09026","VP_061","LNP_0390","lnp_id",3
"PAIR_09027","VP_188","LNP_0093","lnp_id",3
"PAIR_09028","VP_056","LNP_0029","lnp_id",1
"PAIR_09029","VP_024","LNP_0059","lnp_id",1
"PAIR_09030","VP_059","LNP_0160","lnp_id",4
"PAIR_09031","VP_003","LNP_0261","lnp_id",1
"PAIR_09032","VP_164","LNP_0214","lnp_id",3
"PAIR_09033","VP_040","LNP_0138","lnp_id",5
"PAIR_09034","VP_146","LNP_0422","lnp_id",3
"PAIR_09035","VP_047","LNP_0123","lnp_id",2
"PAIR_09036","VP_006","LNP_0085","lnp_id",4
"PAIR_09037","VP_178","LNP_0144","lnp_id",5
"PAIR_09038","VP_111","LNP_0436","lnp_id",2
"PAIR_09039","VP_001","LNP_0307","lnp_id",1
"PAIR_09040","VP_035","LNP_0096","lnp_id",2
"PAIR_09041","VP_159","LNP_0255","lnp_id",4
"PAIR_09042","VP_093","LNP_0278","lnp_id",4
"PAIR_09043","VP_189","LNP_0385","lnp_id",5
"PAIR_09044","VP_166","LNP_0211","lnp_id",5
"PAIR_09045","VP_111","LNP_0338","lnp_id",2
"PAIR_09046","VP_168","LNP_0312","lnp_id",2
"PAIR_09047","VP_199","LNP_0480","lnp_id",2
"PAIR_09048","VP_136","LNP_0087","lnp_id",2
"PAIR_09049","VP_116","LNP_0197","lnp_id",5
"PAIR_09050","VP_099","LNP_0350","lnp_id",5
"PAIR_09051","VP_080","LNP_0364","lnp_id",3
"PAIR_09052","VP_184","LNP_0191","lnp_id",3
"PAIR_09053","VP_122","LNP_0489","lnp_id",2
"PAIR_09054","VP_047","LNP_0498","lnp_id",4
"PAIR_09055","VP_157","LNP_0152","lnp_id",4
"PAIR_09056","VP_064","LNP_0320","lnp_id",2
"PAIR_09057","VP_169","LNP_0203","lnp_id",4
"PAIR_09058","VP_168","LNP_0075","lnp_id",5
"PAIR_09059","VP_124","LNP_0447","lnp_id",2
"PAIR_09060","VP_022","LNP_0500","lnp_id",2
"PAIR_09061","VP_138","LNP_0075","lnp_id",5
"PAIR_09062","VP_092","LNP_0362","lnp_id",4
"PAIR_09063","VP_046","LNP_0444","lnp_id",3
"PAIR_09064","VP_039","LNP_0152","lnp_id",4
"PAIR_09065","VP_030","LNP_0295","lnp_id",4
"PAIR_09066","VP_150","LNP_0500","lnp_id",2
"PAIR_09067","VP_077","LNP_0069","lnp_id",2
"PAIR_09068","VP_083","LNP_0071","lnp_id",5
"PAIR_09069","VP_046","LNP_0372","lnp_id",4
"PAIR_09070","VP_027","LNP_0337","lnp_id",3
"PAIR_09071","VP_029","LNP_0126","lnp_id",1
"PAIR_09072","VP_155","LNP_0349","lnp_id",5
"PAIR_09073","VP_150","LNP_0038","lnp_id",4
"PAIR_09074","VP_141","LNP_0478","lnp_id",5
"PAIR_09075","VP_001","LNP_0280","lnp_id",1
"PAIR_09076","VP_174","LNP_0424","lnp_id",1
"PAIR_09077","VP_009","LNP_0148","lnp_id",2
"PAIR_09078","VP_090","LNP_0424","lnp_id",1
"PAIR_09079","VP_024","LNP_0061","lnp_id",1
"PAIR_09080","VP_067","LNP_0066","lnp_id",2
"PAIR_09081","VP_166","LNP_0184","lnp_id",5
"PAIR_09082","VP_150","LNP_0120","lnp_id",4
"PAIR_09083","VP_057","LNP_0055","lnp_id",1
"PAIR_09084","VP_184","LNP_0256","lnp_id",2
"PAIR_09085","VP_179","LNP_0291","lnp_id",5
"PAIR_09086","VP_059","LNP_0301","lnp_id",1
"PAIR_09087","VP_134","LNP_0132","lnp_id",4
"PAIR_09088","VP_012","LNP_0309","lnp_id",2
"PAIR_09089","VP_082","LNP_0429","lnp_id",2
"PAIR_09090","VP_003","LNP_0274","lnp_id",4
"PAIR_09091","VP_021","LNP_0420","lnp_id",4
"PAIR_09092","VP_057","LNP_0404","lnp_id",3
"PAIR_09093","VP_196","LNP_0084","lnp_id",1
"PAIR_09094","VP_155","LNP_0016","lnp_id",5
"PAIR_09095","VP_189","LNP_0450","lnp_id",1
"PAIR_09096","VP_099","LNP_0303","lnp_id",4
"PAIR_09097","VP_176","LNP_0166","lnp_id",1
"PAIR_09098","VP_078","LNP_0193","lnp_id",1
"PAIR_09099","VP_057","LNP_0406","lnp_id",3
"PAIR_09100","VP_050","LNP_0292","lnp_id",3
"PAIR_09101","VP_032","LNP_0230","lnp_id",5
"PAIR_09102","VP_134","LNP_0415","lnp_id",2
"PAIR_09103","VP_079","LNP_0326","lnp_id",2
"PAIR_09104","VP_181","LNP_0266","lnp_id",2
"PAIR_09105","VP_002","LNP_0120","lnp_id",4
"PAIR_09106","VP_068","LNP_0250","lnp_id",5
"PAIR_09107","VP_043","LNP_0226","lnp_id",2
"PAIR_09108","VP_056","LNP_0388","lnp_id",5
"PAIR_09109","VP_129","LNP_0338","lnp_id",2
"PAIR_09110","VP_079","LNP_0494","lnp_id",4
"PAIR_09111","VP_099","LNP_0110","lnp_id",2
"PAIR_09112","VP_180","LNP_0025","lnp_id",3
"PAIR_09113","VP_058","LNP_0086","lnp_id",3
"PAIR_09114","VP_001","LNP_0281","lnp_id",3
"PAIR_09115","VP_013","LNP_0156","lnp_id",3
"PAIR_09116","VP_075","LNP_0393","lnp_id",4
"PAIR_09117","VP_163","LNP_0051","lnp_id",1
"PAIR_09118","VP_159","LNP_0335","lnp_id",1
"PAIR_09119","VP_102","LNP_0041","lnp_id",1
"PAIR_09120","VP_063","LNP_0300","lnp_id",2
"PAIR_09121","VP_008","LNP_0068","lnp_id",2
"PAIR_09122","VP_064","LNP_0267","lnp_id",5
"PAIR_09123","VP_141","LNP_0270","lnp_id",1
"PAIR_09124","VP_051","LNP_0405","lnp_id",4
"PAIR_09125","VP_064","LNP_0102","lnp_id",3
"PAIR_09126","VP_184","LNP_0210","lnp_id",2
"PAIR_09127","VP_076","LNP_0015","lnp_id",5
"PAIR_09128","VP_009","LNP_0166","lnp_id",1
"PAIR_09129","VP_024","LNP_0470","lnp_id",4
"PAIR_09130","VP_033","LNP_0310","lnp_id",1
"PAIR_09131","VP_096","LNP_0256","lnp_id",2
"PAIR_09132","VP_105","LNP_0318","lnp_id",3
"PAIR_09133","VP_088","LNP_0014","lnp_id",5
"PAIR_09134","VP_021","LNP_0088","lnp_id",1
"PAIR_09135","VP_190","LNP_0236","lnp_id",5
"PAIR_09136","VP_053","LNP_0448","lnp_id",3
"PAIR_09137","VP_101","LNP_0233","lnp_id",2
"PAIR_09138","VP_037","LNP_0028","lnp_id",5
"PAIR_09139","VP_070","LNP_0227","lnp_id",1
"PAIR_09140","VP_186","LNP_0475","lnp_id",1
"PAIR_09141","VP_067","LNP_0096","lnp_id",2
"PAIR_09142","VP_019","LNP_0284","lnp_id",2
"PAIR_09143","VP_116","LNP_0053","lnp_id",5
"PAIR_09144","VP_154","LNP_0227","lnp_id",1
"PAIR_09145","VP_038","LNP_0241","lnp_id",1
"PAIR_09146","VP_057","LNP_0034","lnp_id",5
"PAIR_09147","VP_171","LNP_0286","lnp_id",4
"PAIR_09148","VP_166","LNP_0421","lnp_id",4
"PAIR_09149","VP_087","LNP_0123","lnp_id",2
"PAIR_09150","VP_083","LNP_0010","lnp_id",4
"PAIR_09151","VP_012","LNP_0040","lnp_id",3
"PAIR_09152","VP_059","LNP_0145","lnp_id",3
"PAIR_09153","VP_024","LNP_0285","lnp_id",1
"PAIR_09154","VP_055","LNP_0180","lnp_id",4
"PAIR_09155","VP_094","LNP_0333","lnp_id",2
"PAIR_09156","VP_082","LNP_0189","lnp_id",2
"PAIR_09157","VP_040","LNP_0232","lnp_id",4
"PAIR_09158","VP_113","LNP_0463","lnp_id",5
"PAIR_09159","VP_168","LNP_0116","lnp_id",1
"PAIR_09160","VP_072","LNP_0179","lnp_id",4
"PAIR_09161","VP_188","LNP_0171","lnp_id",3
"PAIR_09162","VP_097","LNP_0384","lnp_id",3
"PAIR_09163","VP_184","LNP_0248","lnp_id",2
"PAIR_09164","VP_093","LNP_0159","lnp_id",5
"PAIR_09165","VP_053","LNP_0377","lnp_id",4
"PAIR_09166","VP_166","LNP_0221","lnp_id",3
"PAIR_09167","VP_167","LNP_0030","lnp_id",5
"PAIR_09168","VP_190","LNP_0155","lnp_id",5
"PAIR_09169","VP_034","LNP_0407","lnp_id",4
"PAIR_09170","VP_121","LNP_0436","lnp_id",2
"PAIR_09171","VP_133","LNP_0470","lnp_id",4
"PAIR_09172","VP_073","LNP_0372","lnp_id",4
"PAIR_09173","VP_112","LNP_0067","lnp_id",2
"PAIR_09174","VP_152","LNP_0008","lnp_id",4
"PAIR_09175","VP_183","LNP_0126","lnp_id",1
"PAIR_09176","VP_062","LNP_0237","lnp_id",4
"PAIR_09177","VP_078","LNP_0435","lnp_id",1
"PAIR_09178","VP_134","LNP_0120","lnp_id",4
"PAIR_09179","VP_098","LNP_0392","lnp_id",5
"PAIR_09180","VP_040","LNP_0370","lnp_id",2
"PAIR_09181","VP_087","LNP_0046","lnp_id",3
"PAIR_09182","VP_077","LNP_0230","lnp_id",5
"PAIR_09183","VP_009","LNP_0169","lnp_id",1
"PAIR_09184","VP_159","LNP_0302","lnp_id",4
"PAIR_09185","VP_069","LNP_0108","lnp_id",2
"PAIR_09186","VP_031","LNP_0142","lnp_id",4
"PAIR_09187","VP_091","LNP_0500","lnp_id",2
"PAIR_09188","VP_101","LNP_0294","lnp_id",4
"PAIR_09189","VP_176","LNP_0391","lnp_id",2
"PAIR_09190","VP_123","LNP_0404","lnp_id",3
"PAIR_09191","VP_005","LNP_0275","lnp_id",2
"PAIR_09192","VP_145","LNP_0017","lnp_id",4
"PAIR_09193","VP_135","LNP_0056","lnp_id",1
"PAIR_09194","VP_141","LNP_0449","lnp_id",3
"PAIR_09195","VP_074","LNP_0094","lnp_id",1
"PAIR_09196","VP_160","LNP_0298","lnp_id",3
"PAIR_09197","VP_155","LNP_0253","lnp_id",2
"PAIR_09198","VP_112","LNP_0450","lnp_id",1
"PAIR_09199","VP_139","LNP_0136","lnp_id",2
"PAIR_09200","VP_004","LNP_0238","lnp_id",4
"PAIR_09201","VP_025","LNP_0280","lnp_id",1
"PAIR_09202","VP_105","LNP_0239","lnp_id",4
"PAIR_09203","VP_057","LNP_0427","lnp_id",5
"PAIR_09204","VP_148","LNP_0408","lnp_id",4
"PAIR_09205","VP_104","LNP_0478","lnp_id",5
"PAIR_09206","VP_027","LNP_0318","lnp_id",3
"PAIR_09207","VP_017","LNP_0086","lnp_id",3
"PAIR_09208","VP_033","LNP_0068","lnp_id",2
"PAIR_09209","VP_182","LNP_0027","lnp_id",3
"PAIR_09210","VP_058","LNP_0379","lnp_id",4
"PAIR_09211","VP_027","LNP_0110","lnp_id",2
"PAIR_09212","VP_142","LNP_0168","lnp_id",3
"PAIR_09213","VP_117","LNP_0376","lnp_id",3
"PAIR_09214","VP_177","LNP_0387","lnp_id",2
"PAIR_09215","VP_107","LNP_0262","lnp_id",4
"PAIR_09216","VP_029","LNP_0174","lnp_id",1
"PAIR_09217","VP_082","LNP_0280","lnp_id",1
"PAIR_09218","VP_134","LNP_0422","lnp_id",3
"PAIR_09219","VP_182","LNP_0333","lnp_id",2
"PAIR_09220","VP_014","LNP_0281","lnp_id",3
"PAIR_09221","VP_163","LNP_0103","lnp_id",5
"PAIR_09222","VP_200","LNP_0178","lnp_id",4
"PAIR_09223","VP_175","LNP_0200","lnp_id",5
"PAIR_09224","VP_032","LNP_0089","lnp_id",2
"PAIR_09225","VP_099","LNP_0252","lnp_id",3
"PAIR_09226","VP_007","LNP_0246","lnp_id",2
"PAIR_09227","VP_051","LNP_0182","lnp_id",2
"PAIR_09228","VP_161","LNP_0098","lnp_id",4
"PAIR_09229","VP_046","LNP_0311","lnp_id",1
"PAIR_09230","VP_026","LNP_0310","lnp_id",1
"PAIR_09231","VP_120","LNP_0141","lnp_id",5
"PAIR_09232","VP_094","LNP_0278","lnp_id",4
"PAIR_09233","VP_178","LNP_0073","lnp_id",3
"PAIR_09234","VP_096","LNP_0125","lnp_id",5
"PAIR_09235","VP_070","LNP_0229","lnp_id",1
"PAIR_09236","VP_006","LNP_0339","lnp_id",2
"PAIR_09237","VP_053","LNP_0301","lnp_id",1
"PAIR_09238","VP_070","LNP_0450","lnp_id",1
"PAIR_09239","VP_070","LNP_0237","lnp_id",4
"PAIR_09240","VP_022","LNP_0487","lnp_id",5
"PAIR_09241","VP_101","LNP_0464","lnp_id",5
"PAIR_09242","VP_094","LNP_0042","lnp_id",4
"PAIR_09243","VP_098","LNP_0056","lnp_id",1
"PAIR_09244","VP_139","LNP_0140","lnp_id",4
"PAIR_09245","VP_161","LNP_0215","lnp_id",1
"PAIR_09246","VP_145","LNP_0086","lnp_id",3
"PAIR_09247","VP_015","LNP_0082","lnp_id",2
"PAIR_09248","VP_044","LNP_0215","lnp_id",1
"PAIR_09249","VP_200","LNP_0457","lnp_id",1
"PAIR_09250","VP_144","LNP_0486","lnp_id",3
"PAIR_09251","VP_142","LNP_0289","lnp_id",1
"PAIR_09252","VP_054","LNP_0266","lnp_id",2
"PAIR_09253","VP_072","LNP_0007","lnp_id",3
"PAIR_09254","VP_026","LNP_0476","lnp_id",1
"PAIR_09255","VP_087","LNP_0414","lnp_id",4
"PAIR_09256","VP_048","LNP_0435","lnp_id",1
"PAIR_09257","VP_118","LNP_0139","lnp_id",4
"PAIR_09258","VP_165","LNP_0132","lnp_id",4
"PAIR_09259","VP_111","LNP_0225","lnp_id",1
"PAIR_09260","VP_103","LNP_0009","lnp_id",5
"PAIR_09261","VP_098","LNP_0069","lnp_id",2
"PAIR_09262","VP_010","LNP_0457","lnp_id",1
"PAIR_09263","VP_192","LNP_0217","lnp_id",4
"PAIR_09264","VP_063","LNP_0328","lnp_id",3
"PAIR_09265","VP_129","LNP_0331","lnp_id",1
"PAIR_09266","VP_152","LNP_0321","lnp_id",2
"PAIR_09267","VP_188","LNP_0497","lnp_id",5
"PAIR_09268","VP_175","LNP_0459","lnp_id",4
"PAIR_09269","VP_016","LNP_0237","lnp_id",4
"PAIR_09270","VP_172","LNP_0032","lnp_id",2
"PAIR_09271","VP_169","LNP_0013","lnp_id",2
"PAIR_09272","VP_033","LNP_0349","lnp_id",5
"PAIR_09273","VP_094","LNP_0161","lnp_id",1
"PAIR_09274","VP_057","LNP_0098","lnp_id",4
"PAIR_09275","VP_037","LNP_0484","lnp_id",3
"PAIR_09276","VP_089","LNP_0200","lnp_id",5
"PAIR_09277","VP_168","LNP_0284","lnp_id",2
"PAIR_09278","VP_103","LNP_0457","lnp_id",1
"PAIR_09279","VP_022","LNP_0087","lnp_id",2
"PAIR_09280","VP_144","LNP_0081","lnp_id",2
"PAIR_09281","VP_059","LNP_0080","lnp_id",4
"PAIR_09282","VP_145","LNP_0141","lnp_id",5
"PAIR_09283","VP_183","LNP_0208","lnp_id",5
"PAIR_09284","VP_007","LNP_0150","lnp_id",1
"PAIR_09285","VP_067","LNP_0028","lnp_id",5
"PAIR_09286","VP_135","LNP_0210","lnp_id",2
"PAIR_09287","VP_070","LNP_0309","lnp_id",2
"PAIR_09288","VP_098","LNP_0445","lnp_id",1
"PAIR_09289","VP_039","LNP_0410","lnp_id",2
"PAIR_09290","VP_125","LNP_0176","lnp_id",2
"PAIR_09291","VP_099","LNP_0272","lnp_id",1
"PAIR_09292","VP_023","LNP_0207","lnp_id",1
"PAIR_09293","VP_070","LNP_0455","lnp_id",2
"PAIR_09294","VP_101","LNP_0202","lnp_id",1
"PAIR_09295","VP_069","LNP_0393","lnp_id",4
"PAIR_09296","VP_121","LNP_0236","lnp_id",5
"PAIR_09297","VP_109","LNP_0356","lnp_id",5
"PAIR_09298","VP_154","LNP_0459","lnp_id",4
"PAIR_09299","VP_097","LNP_0155","lnp_id",5
"PAIR_09300","VP_019","LNP_0352","lnp_id",4
"PAIR_09301","VP_076","LNP_0159","lnp_id",5
"PAIR_09302","VP_182","LNP_0346","lnp_id",3
"PAIR_09303","VP_155","LNP_0354","lnp_id",4
"PAIR_09304","VP_021","LNP_0247","lnp_id",1
"PAIR_09305","VP_072","LNP_0018","lnp_id",1
"PAIR_09306","VP_034","LNP_0284","lnp_id",2
"PAIR_09307","VP_185","LNP_0102","lnp_id",3
"PAIR_09308","VP_129","LNP_0031","lnp_id",4
"PAIR_09309","VP_127","LNP_0039","lnp_id",1
"PAIR_09310","VP_137","LNP_0052","lnp_id",3
"PAIR_09311","VP_189","LNP_0067","lnp_id",2
"PAIR_09312","VP_025","LNP_0280","lnp_id",1
"PAIR_09313","VP_005","LNP_0067","lnp_id",2
"PAIR_09314","VP_155","LNP_0080","lnp_id",4
"PAIR_09315","VP_152","LNP_0290","lnp_id",4
"PAIR_09316","VP_029","LNP_0058","lnp_id",3
"PAIR_09317","VP_110","LNP_0264","lnp_id",1
"PAIR_09318","VP_073","LNP_0091","lnp_id",3
"PAIR_09319","VP_124","LNP_0368","lnp_id",5
"PAIR_09320","VP_078","LNP_0438","lnp_id",5
"PAIR_09321","VP_156","LNP_0459","lnp_id",4
"PAIR_09322","VP_017","LNP_0306","lnp_id",2
"PAIR_09323","VP_044","LNP_0238","lnp_id",4
"PAIR_09324","VP_047","LNP_0044","lnp_id",2
"PAIR_09325","VP_176","LNP_0467","lnp_id",3
"PAIR_09326","VP_041","LNP_0447","lnp_id",2
"PAIR_09327","VP_010","LNP_0310","lnp_id",1
"PAIR_09328","VP_054","LNP_0016","lnp_id",5
"PAIR_09329","VP_075","LNP_0006","lnp_id",4
"PAIR_09330","VP_077","LNP_0219","lnp_id",3
"PAIR_09331","VP_075","LNP_0171","lnp_id",3
"PAIR_09332","VP_129","LNP_0156","lnp_id",3
"PAIR_09333","VP_126","LNP_0022","lnp_id",2
"PAIR_09334","VP_200","LNP_0025","lnp_id",3
"PAIR_09335","VP_189","LNP_0282","lnp_id",1
"PAIR_09336","VP_065","LNP_0353","lnp_id",3
"PAIR_09337","VP_090","LNP_0018","lnp_id",1
"PAIR_09338","VP_124","LNP_0434","lnp_id",3
"PAIR_09339","VP_105","LNP_0398","lnp_id",5
"PAIR_09340","VP_191","LNP_0105","lnp_id",5
"PAIR_09341","VP_020","LNP_0111","lnp_id",4
"PAIR_09342","VP_016","LNP_0489","lnp_id",2
"PAIR_09343","VP_038","LNP_0409","lnp_id",5
"PAIR_09344","VP_063","LNP_0448","lnp_id",3
"PAIR_09345","VP_020","LNP_0179","lnp_id",4
"PAIR_09346","VP_189","LNP_0052","lnp_id",3
"PAIR_09347","VP_170","LNP_0119","lnp_id",5
"PAIR_09348","VP_018","LNP_0491","lnp_id",5
"PAIR_09349","VP_016","LNP_0262","lnp_id",4
"PAIR_09350","VP_139","LNP_0311","lnp_id",1
"PAIR_09351","VP_008","LNP_0251","lnp_id",3
"PAIR_09352","VP_181","LNP_0256","lnp_id",2
"PAIR_09353","VP_039","LNP_0436","lnp_id",2
"PAIR_09354","VP_085","LNP_0392","lnp_id",5
"PAIR_09355","VP_064","LNP_0396","lnp_id",3
"PAIR_09356","VP_003","LNP_0404","lnp_id",3
"PAIR_09357","VP_175","LNP_0320","lnp_id",2
"PAIR_09358","VP_025","LNP_0485","lnp_id",3
"PAIR_09359","VP_070","LNP_0423","lnp_id",4
"PAIR_09360","VP_032","LNP_0134","lnp_id",1
"PAIR_09361","VP_195","LNP_0179","lnp_id",4
"PAIR_09362","VP_002","LNP_0174","lnp_id",1
"PAIR_09363","VP_102","LNP_0205","lnp_id",3
"PAIR_09364","VP_027","LNP_0135","lnp_id",4
"PAIR_09365","VP_002","LNP_0353","lnp_id",3
"PAIR_09366","VP_042","LNP_0140","lnp_id",4
"PAIR_09367","VP_135","LNP_0016","lnp_id",5
"PAIR_09368","VP_128","LNP_0219","lnp_id",3
"PAIR_09369","VP_116","LNP_0026","lnp_id",1
"PAIR_09370","VP_047","LNP_0368","lnp_id",5
"PAIR_09371","VP_031","LNP_0327","lnp_id",5
"PAIR_09372","VP_135","LNP_0192","lnp_id",1
"PAIR_09373","VP_037","LNP_0051","lnp_id",1
"PAIR_09374","VP_169","LNP_0448","lnp_id",3
"PAIR_09375","VP_120","LNP_0164","lnp_id",4
"PAIR_09376","VP_086","LNP_0071","lnp_id",5
"PAIR_09377","VP_183","LNP_0443","lnp_id",5
"PAIR_09378","VP_075","LNP_0432","lnp_id",5
"PAIR_09379","VP_010","LNP_0061","lnp_id",1
"PAIR_09380","VP_147","LNP_0360","lnp_id",5
"PAIR_09381","VP_185","LNP_0210","lnp_id",2
"PAIR_09382","VP_100","LNP_0210","lnp_id",2
"PAIR_09383","VP_040","LNP_0138","lnp_id",5
"PAIR_09384","VP_184","LNP_0237","lnp_id",4
"PAIR_09385","VP_119","LNP_0156","lnp_id",3
"PAIR_09386","VP_128","LNP_0267","lnp_id",5
"PAIR_09387","VP_130","LNP_0337","lnp_id",3
"PAIR_09388","VP_131","LNP_0257","lnp_id",3
"PAIR_09389","VP_066","LNP_0096","lnp_id",2
"PAIR_09390","VP_154","LNP_0056","lnp_id",1
"PAIR_09391","VP_059","LNP_0175","lnp_id",1
"PAIR_09392","VP_001","LNP_0364","lnp_id",3
"PAIR_09393","VP_089","LNP_0063","lnp_id",1
"PAIR_09394","VP_145","LNP_0405","lnp_id",4
"PAIR_09395","VP_120","LNP_0489","lnp_id",2
"PAIR_09396","VP_018","LNP_0110","lnp_id",2
"PAIR_09397","VP_007","LNP_0128","lnp_id",1
"PAIR_09398","VP_053","LNP_0286","lnp_id",4
"PAIR_09399","VP_197","LNP_0244","lnp_id",4
"PAIR_09400","VP_041","LNP_0080","lnp_id",4
"PAIR_09401","VP_090","LNP_0051","lnp_id",1
"PAIR_09402","VP_013","LNP_0261","lnp_id",1
"PAIR_09403","VP_153","LNP_0367","lnp_id",3
"PAIR_09404","VP_163","LNP_0363","lnp_id",2
"PAIR_09405","VP_143","LNP_0448","lnp_id",3
"PAIR_09406","VP_114","LNP_0460","lnp_id",3
"PAIR_09407","VP_011","LNP_0171","lnp_id",3
"PAIR_09408","VP_035","LNP_0324","lnp_id",3
"PAIR_09409","VP_141","LNP_0102","lnp_id",3
"PAIR_09410","VP_093","LNP_0081","lnp_id",2
"PAIR_09411","VP_091","LNP_0408","lnp_id",4
"PAIR_09412","VP_065","LNP_0381","lnp_id",4
"PAIR_09413","VP_102","LNP_0416","lnp_id",1
"PAIR_09414","VP_087","LNP_0179","lnp_id",4
"PAIR_09415","VP_148","LNP_0487","lnp_id",5
"PAIR_09416","VP_043","LNP_0357","lnp_id",2
"PAIR_09417","VP_076","LNP_0401","lnp_id",5
"PAIR_09418","VP_105","LNP_0324","lnp_id",3
"PAIR_09419","VP_073","LNP_0077","lnp_id",3
"PAIR_09420","VP_167","LNP_0482","lnp_id",3
"PAIR_09421","VP_125","LNP_0351","lnp_id",2
"PAIR_09422","VP_040","LNP_0356","lnp_id",5
"PAIR_09423","VP_184","LNP_0143","lnp_id",4
"PAIR_09424","VP_151","LNP_0044","lnp_id",2
"PAIR_09425","VP_006","LNP_0339","lnp_id",2
"PAIR_09426","VP_121","LNP_0087","lnp_id",2
"PAIR_09427","VP_042","LNP_0182","lnp_id",2
"PAIR_09428","VP_086","LNP_0224","lnp_id",1
"PAIR_09429","VP_019","LNP_0033","lnp_id",3
"PAIR_09430","VP_045","LNP_0368","lnp_id",5
"PAIR_09431","VP_191","LNP_0500","lnp_id",2
"PAIR_09432","VP_052","LNP_0082","lnp_id",2
"PAIR_09433","VP_161","LNP_0124","lnp_id",3
"PAIR_09434","VP_116","LNP_0235","lnp_id",2
"PAIR_09435","VP_041","LNP_0124","lnp_id",3
"PAIR_09436","VP_051","LNP_0046","lnp_id",3
"PAIR_09437","VP_165","LNP_0306","lnp_id",2
"PAIR_09438","VP_013","LNP_0376","lnp_id",3
"PAIR_09439","VP_182","LNP_0112","lnp_id",3
"PAIR_09440","VP_162","LNP_0004","lnp_id",2
"PAIR_09441","VP_080","LNP_0269","lnp_id",5
"PAIR_09442","VP_026","LNP_0065","lnp_id",5
"PAIR_09443","VP_035","LNP_0090","lnp_id",5
"PAIR_09444","VP_180","LNP_0309","lnp_id",2
"PAIR_09445","VP_112","LNP_0455","lnp_id",2
"PAIR_09446","VP_074","LNP_0340","lnp_id",5
"PAIR_09447","VP_181","LNP_0172","lnp_id",1
"PAIR_09448","VP_062","LNP_0036","lnp_id",2
"PAIR_09449","VP_154","LNP_0492","lnp_id",5
"PAIR_09450","VP_044","LNP_0010","lnp_id",4
"PAIR_09451","VP_121","LNP_0415","lnp_id",2
"PAIR_09452","VP_170","LNP_0252","lnp_id",3
"PAIR_09453","VP_121","LNP_0357","lnp_id",2
"PAIR_09454","VP_168","LNP_0164","lnp_id",4
"PAIR_09455","VP_142","LNP_0378","lnp_id",5
"PAIR_09456","VP_183","LNP_0274","lnp_id",4
"PAIR_09457","VP_192","LNP_0040","lnp_id",3
"PAIR_09458","VP_196","LNP_0171","lnp_id",3
"PAIR_09459","VP_096","LNP_0121","lnp_id",1
"PAIR_09460","VP_142","LNP_0404","lnp_id",3
"PAIR_09461","VP_166","LNP_0429","lnp_id",2
"PAIR_09462","VP_002","LNP_0108","lnp_id",2
"PAIR_09463","VP_066","LNP_0119","lnp_id",5
"PAIR_09464","VP_196","LNP_0303","lnp_id",4
"PAIR_09465","VP_007","LNP_0373","lnp_id",4
"PAIR_09466","VP_172","LNP_0207","lnp_id",1
"PAIR_09467","VP_010","LNP_0056","lnp_id",1
"PAIR_09468","VP_021","LNP_0411","lnp_id",1
"PAIR_09469","VP_129","LNP_0314","lnp_id",3
"PAIR_09470","VP_035","LNP_0486","lnp_id",3
"PAIR_09471","VP_163","LNP_0071","lnp_id",5
"PAIR_09472","VP_027","LNP_0408","lnp_id",4
"PAIR_09473","VP_005","LNP_0096","lnp_id",2
"PAIR_09474","VP_053","LNP_0407","lnp_id",4
"PAIR_09475","VP_035","LNP_0040","lnp_id",3
"PAIR_09476","VP_027","LNP_0291","lnp_id",5
"PAIR_09477","VP_088","LNP_0295","lnp_id",4
"PAIR_09478","VP_004","LNP_0069","lnp_id",2
"PAIR_09479","VP_037","LNP_0331","lnp_id",1
"PAIR_09480","VP_160","LNP_0143","lnp_id",4
"PAIR_09481","VP_136","LNP_0238","lnp_id",4
"PAIR_09482","VP_177","LNP_0130","lnp_id",4
"PAIR_09483","VP_021","LNP_0153","lnp_id",2
"PAIR_09484","VP_041","LNP_0405","lnp_id",4
"PAIR_09485","VP_041","LNP_0110","lnp_id",2
"PAIR_09486","VP_076","LNP_0160","lnp_id",4
"PAIR_09487","VP_013","LNP_0220","lnp_id",2
"PAIR_09488","VP_035","LNP_0049","lnp_id",3
"PAIR_09489","VP_194","LNP_0034","lnp_id",5
"PAIR_09490","VP_097","LNP_0062","lnp_id",2
"PAIR_09491","VP_191","LNP_0069","lnp_id",2
"PAIR_09492","VP_041","LNP_0071","lnp_id",5
"PAIR_09493","VP_005","LNP_0345","lnp_id",3
"PAIR_09494","VP_178","LNP_0364","lnp_id",3
"PAIR_09495","VP_049","LNP_0405","lnp_id",4
"PAIR_09496","VP_014","LNP_0477","lnp_id",5
"PAIR_09497","VP_061","LNP_0059","lnp_id",1
"PAIR_09498","VP_105","LNP_0146","lnp_id",1
"PAIR_09499","VP_105","LNP_0491","lnp_id",5
"PAIR_09500","VP_076","LNP_0354","lnp_id",4
"PAIR_09501","VP_161","LNP_0016","lnp_id",5
"PAIR_09502","VP_110","LNP_0060","lnp_id",3
"PAIR_09503","VP_064","LNP_0030","lnp_id",5
"PAIR_09504","VP_071","LNP_0186","lnp_id",2
"PAIR_09505","VP_021","LNP_0157","lnp_id",3
"PAIR_09506","VP_011","LNP_0293","lnp_id",4
"PAIR_09507","VP_046","LNP_0394","lnp_id",2
"PAIR_09508","VP_030","LNP_0236","lnp_id",5
"PAIR_09509","VP_057","LNP_0293","lnp_id",4
"PAIR_09510","VP_101","LNP_0102","lnp_id",3
"PAIR_09511","VP_144","LNP_0239","lnp_id",4
"PAIR_09512","VP_137","LNP_0241","lnp_id",1
"PAIR_09513","VP_069","LNP_0177","lnp_id",4
"PAIR_09514","VP_181","LNP_0224","lnp_id",1
"PAIR_09515","VP_052","LNP_0372","lnp_id",4
"PAIR_09516","VP_128","LNP_0484","lnp_id",3
"PAIR_09517","VP_055","LNP_0007","lnp_id",3
"PAIR_09518","VP_166","LNP_0162","lnp_id",2
"PAIR_09519","VP_082","LNP_0018","lnp_id",1
"PAIR_09520","VP_155","LNP_0464","lnp_id",5
"PAIR_09521","VP_155","LNP_0464","lnp_id",5
"PAIR_09522","VP_075","LNP_0346","lnp_id",3
"PAIR_09523","VP_051","LNP_0081","lnp_id",2
"PAIR_09524","VP_173","LNP_0201","lnp_id",3
"PAIR_09525","VP_135","LNP_0084","lnp_id",1
"PAIR_09526","VP_090","LNP_0135","lnp_id",4
"PAIR_09527","VP_168","LNP_0451","lnp_id",4
"PAIR_09528","VP_013","LNP_0490","lnp_id",5
"PAIR_09529","VP_096","LNP_0408","lnp_id",4
"PAIR_09530","VP_011","LNP_0144","lnp_id",5
"PAIR_09531","VP_122","LNP_0401","lnp_id",5
"PAIR_09532","VP_016","LNP_0042","lnp_id",4
"PAIR_09533","VP_042","LNP_0018","lnp_id",1
"PAIR_09534","VP_146","LNP_0318","lnp_id",3
"PAIR_09535","VP_146","LNP_0219","lnp_id",3
"PAIR_09536","VP_128","LNP_0026","lnp_id",1
"PAIR_09537","VP_136","LNP_0248","lnp_id",2
"PAIR_09538","VP_115","LNP_0169","lnp_id",1
"PAIR_09539","VP_123","LNP_0290","lnp_id",4
"PAIR_09540","VP_078","LNP_0161","lnp_id",1
"PAIR_09541","VP_013","LNP_0157","lnp_id",3
"PAIR_09542","VP_034","LNP_0055","lnp_id",1
"PAIR_09543","VP_031","LNP_0298","lnp_id",3
"PAIR_09544","VP_192","LNP_0340","lnp_id",5
"PAIR_09545","VP_009","LNP_0456","lnp_id",2
"PAIR_09546","VP_170","LNP_0214","lnp_id",3
"PAIR_09547","VP_075","LNP_0266","lnp_id",2
"PAIR_09548","VP_097","LNP_0165","lnp_id",3
"PAIR_09549","VP_105","LNP_0138","lnp_id",5
"PAIR_09550","VP_048","LNP_0475","lnp_id",1
"PAIR_09551","VP_110","LNP_0132","lnp_id",4
"PAIR_09552","VP_188","LNP_0229","lnp_id",1
"PAIR_09553","VP_184","LNP_0188","lnp_id",5
"PAIR_09554","VP_072","LNP_0178","lnp_id",4
"PAIR_09555","VP_155","LNP_0200","lnp_id",5
"PAIR_09556","VP_040","LNP_0350","lnp_id",5
"PAIR_09557","VP_176","LNP_0141","lnp_id",5
"PAIR_09558","VP_164","LNP_0074","lnp_id",2
"PAIR_09559","VP_018","LNP_0054","lnp_id",2
"PAIR_09560","VP_194","LNP_0145","lnp_id",3
"PAIR_09561","VP_030","LNP_0190","lnp_id",4
"PAIR_09562","VP_153","LNP_0233","lnp_id",2
"PAIR_09563","VP_168","LNP_0020","lnp_id",1
"PAIR_09564","VP_032","LNP_0343","lnp_id",2
"PAIR_09565","VP_075","LNP_0331","lnp_id",1
"PAIR_09566","VP_055","LNP_0243","lnp_id",3
"PAIR_09567","VP_099","LNP_0095","lnp_id",2
"PAIR_09568","VP_169","LNP_0202","lnp_id",1
"PAIR_09569","VP_045","LNP_0480","lnp_id",2
"PAIR_09570","VP_065","LNP_0170","lnp_id",5
"PAIR_09571","VP_060","LNP_0491","lnp_id",5
"PAIR_09572","VP_130","LNP_0266","lnp_id",2
"PAIR_09573","VP_114","LNP_0063","lnp_id",1
"PAIR_09574","VP_067","LNP_0372","lnp_id",4
"PAIR_09575","VP_114","LNP_0292","lnp_id",3
"PAIR_09576","VP_135","LNP_0271","lnp_id",4
"PAIR_09577","VP_120","LNP_0101","lnp_id",2
"PAIR_09578","VP_052","LNP_0155","lnp_id",5
"PAIR_09579","VP_083","LNP_0287","lnp_id",5
"PAIR_09580","VP_107","LNP_0293","lnp_id",4
"PAIR_09581","VP_037","LNP_0368","lnp_id",5
"PAIR_09582","VP_016","LNP_0090","lnp_id",5
"PAIR_09583","VP_055","LNP_0403","lnp_id",5
"PAIR_09584","VP_003","LNP_0110","lnp_id",2
"PAIR_09585","VP_139","LNP_0388","lnp_id",5
"PAIR_09586","VP_121","LNP_0339","lnp_id",2
"PAIR_09587","VP_137","LNP_0369","lnp_id",2
"PAIR_09588","VP_053","LNP_0197","lnp_id",5
"PAIR_09589","VP_010","LNP_0387","lnp_id",2
"PAIR_09590","VP_178","LNP_0427","lnp_id",5
"PAIR_09591","VP_095","LNP_0422","lnp_id",3
"PAIR_09592","VP_198","LNP_0487","lnp_id",5
"PAIR_09593","VP_020","LNP_0283","lnp_id",1
"PAIR_09594","VP_109","LNP_0181","lnp_id",3
"PAIR_09595","VP_121","LNP_0256","lnp_id",2
"PAIR_09596","VP_073","LNP_0280","lnp_id",1
"PAIR_09597","VP_119","LNP_0370","lnp_id",2
"PAIR_09598","VP_038","LNP_0348","lnp_id",4
"PAIR_09599","VP_055","LNP_0412","lnp_id",3
"PAIR_09600","VP_072","LNP_0295","lnp_id",4
"PAIR_09601","VP_109","LNP_0365","lnp_id",2
"PAIR_09602","VP_070","LNP_0228","lnp_id",1
"PAIR_09603","VP_150","LNP_0405","lnp_id",4
"PAIR_09604","VP_015","LNP_0364","lnp_id",3
"PAIR_09605","VP_160","LNP_0171","lnp_id",3
"PAIR_09606","VP_118","LNP_0190","lnp_id",4
"PAIR_09607","VP_035","LNP_0030","lnp_id",5
"PAIR_09608","VP_104","LNP_0487","lnp_id",5
"PAIR_09609","VP_052","LNP_0226","lnp_id",2
"PAIR_09610","VP_192","LNP_0150","lnp_id",1
"PAIR_09611","VP_057","LNP_0397","lnp_id",2
"PAIR_09612","VP_198","LNP_0116","lnp_id",1
"PAIR_09613","VP_074","LNP_0443","lnp_id",5
"PAIR_09614","VP_168","LNP_0442","lnp_id",5
"PAIR_09615","VP_182","LNP_0465","lnp_id",2
"PAIR_09616","VP_161","LNP_0193","lnp_id",1
"PAIR_09617","VP_068","LNP_0409","lnp_id",5
"PAIR_09618","VP_033","LNP_0241","lnp_id",1
"PAIR_09619","VP_176","LNP_0252","lnp_id",3
"PAIR_09620","VP_093","LNP_0110","lnp_id",2
"PAIR_09621","VP_005","LNP_0250","lnp_id",5
"PAIR_09622","VP_154","LNP_0187","lnp_id",2
"PAIR_09623","VP_062","LNP_0471","lnp_id",2
"PAIR_09624","VP_158","LNP_0273","lnp_id",3
"PAIR_09625","VP_154","LNP_0392","lnp_id",5
"PAIR_09626","VP_055","LNP_0100","lnp_id",2
"PAIR_09627","VP_148","LNP_0051","lnp_id",1
"PAIR_09628","VP_039","LNP_0087","lnp_id",2
"PAIR_09629","VP_197","LNP_0090","lnp_id",5
"PAIR_09630","VP_105","LNP_0010","lnp_id",4
"PAIR_09631","VP_009","LNP_0008","lnp_id",4
"PAIR_09632","VP_074","LNP_0249","lnp_id",1
"PAIR_09633","VP_005","LNP_0021","lnp_id",2
"PAIR_09634","VP_150","LNP_0371","lnp_id",4
"PAIR_09635","VP_156","LNP_0001","lnp_id",1
"PAIR_09636","VP_131","LNP_0176","lnp_id",2
"PAIR_09637","VP_017","LNP_0324","lnp_id",3
"PAIR_09638","VP_141","LNP_0082","lnp_id",2
"PAIR_09639","VP_150","LNP_0009","lnp_id",5
"PAIR_09640","VP_092","LNP_0284","lnp_id",2
"PAIR_09641","VP_001","LNP_0154","lnp_id",1
"PAIR_09642","VP_010","LNP_0164","lnp_id",4
"PAIR_09643","VP_079","LNP_0123","lnp_id",2
"PAIR_09644","VP_017","LNP_0241","lnp_id",1
"PAIR_09645","VP_101","LNP_0261","lnp_id",1
"PAIR_09646","VP_156","LNP_0348","lnp_id",4
"PAIR_09647","VP_080","LNP_0267","lnp_id",5
"PAIR_09648","VP_160","LNP_0216","lnp_id",1
"PAIR_09649","VP_138","LNP_0027","lnp_id",3
"PAIR_09650","VP_084","LNP_0174","lnp_id",1
"PAIR_09651","VP_043","LNP_0184","lnp_id",5
"PAIR_09652","VP_198","LNP_0354","lnp_id",4
"PAIR_09653","VP_130","LNP_0209","lnp_id",4
"PAIR_09654","VP_163","LNP_0310","lnp_id",1
"PAIR_09655","VP_087","LNP_0119","lnp_id",5
"PAIR_09656","VP_117","LNP_0133","lnp_id",5
"PAIR_09657","VP_112","LNP_0146","lnp_id",1
"PAIR_09658","VP_075","LNP_0079","lnp_id",2
"PAIR_09659","VP_071","LNP_0271","lnp_id",4
"PAIR_09660","VP_159","LNP_0215","lnp_id",1
"PAIR_09661","VP_170","LNP_0076","lnp_id",1
"PAIR_09662","VP_119","LNP_0396","lnp_id",3
"PAIR_09663","VP_003","LNP_0013","lnp_id",2
"PAIR_09664","VP_107","LNP_0019","lnp_id",4
"PAIR_09665","VP_154","LNP_0123","lnp_id",2
"PAIR_09666","VP_023","LNP_0483","lnp_id",3
"PAIR_09667","VP_114","LNP_0446","lnp_id",1
"PAIR_09668","VP_030","LNP_0398","lnp_id",5
"PAIR_09669","VP_011","LNP_0295","lnp_id",4
"PAIR_09670","VP_177","LNP_0332","lnp_id",5
"PAIR_09671","VP_058","LNP_0351","lnp_id",2
"PAIR_09672","VP_026","LNP_0236","lnp_id",5
"PAIR_09673","VP_179","LNP_0476","lnp_id",1
"PAIR_09674","VP_148","LNP_0009","lnp_id",5
"PAIR_09675","VP_142","LNP_0035","lnp_id",5
"PAIR_09676","VP_183","LNP_0482","lnp_id",3
"PAIR_09677","VP_098","LNP_0422","lnp_id",3
"PAIR_09678","VP_078","LNP_0254","lnp_id",2
"PAIR_09679","VP_032","LNP_0182","lnp_id",2
"PAIR_09680","VP_097","LNP_0398","lnp_id",5
"PAIR_09681","VP_134","LNP_0391","lnp_id",2
"PAIR_09682","VP_025","LNP_0261","lnp_id",1
"PAIR_09683","VP_024","LNP_0273","lnp_id",3
"PAIR_09684","VP_065","LNP_0279","lnp_id",5
"PAIR_09685","VP_168","LNP_0492","lnp_id",5
"PAIR_09686","VP_144","LNP_0286","lnp_id",4
"PAIR_09687","VP_168","LNP_0294","lnp_id",4
"PAIR_09688","VP_090","LNP_0415","lnp_id",2
"PAIR_09689","VP_135","LNP_0314","lnp_id",3
"PAIR_09690","VP_019","LNP_0447","lnp_id",2
"PAIR_09691","VP_133","LNP_0112","lnp_id",3
"PAIR_09692","VP_092","LNP_0471","lnp_id",2
"PAIR_09693","VP_094","LNP_0212","lnp_id",4
"PAIR_09694","VP_196","LNP_0032","lnp_id",2
"PAIR_09695","VP_003","LNP_0272","lnp_id",1
"PAIR_09696","VP_059","LNP_0304","lnp_id",2
"PAIR_09697","VP_167","LNP_0387","lnp_id",2
"PAIR_09698","VP_068","LNP_0007","lnp_id",3
"PAIR_09699","VP_009","LNP_0190","lnp_id",4
"PAIR_09700","VP_167","LNP_0473","lnp_id",1
"PAIR_09701","VP_138","LNP_0457","lnp_id",1
"PAIR_09702","VP_115","LNP_0212","lnp_id",4
"PAIR_09703","VP_131","LNP_0171","lnp_id",3
"PAIR_09704","VP_017","LNP_0498","lnp_id",4
"PAIR_09705","VP_106","LNP_0465","lnp_id",2
"PAIR_09706","VP_049","LNP_0024","lnp_id",4
"PAIR_09707","VP_040","LNP_0173","lnp_id",3
"PAIR_09708","VP_117","LNP_0351","lnp_id",2
"PAIR_09709","VP_079","LNP_0041","lnp_id",1
"PAIR_09710","VP_055","LNP_0199","lnp_id",1
"PAIR_09711","VP_161","LNP_0042","lnp_id",4
"PAIR_09712","VP_169","LNP_0282","lnp_id",1
"PAIR_09713","VP_107","LNP_0380","lnp_id",5
"PAIR_09714","VP_030","LNP_0403","lnp_id",5
"PAIR_09715","VP_147","LNP_0244","lnp_id",4
"PAIR_09716","VP_100","LNP_0403","lnp_id",5
"PAIR_09717","VP_103","LNP_0245","lnp_id",5
"PAIR_09718","VP_129","LNP_0384","lnp_id",3
"PAIR_09719","VP_069","LNP_0180","lnp_id",4
"PAIR_09720","VP_006","LNP_0054","lnp_id",2
"PAIR_09721","VP_123","LNP_0323","lnp_id",5
"PAIR_09722","VP_045","LNP_0155","lnp_id",5
"PAIR_09723","VP_170","LNP_0279","lnp_id",5
"PAIR_09724","VP_002","LNP_0178","lnp_id",4
"PAIR_09725","VP_149","LNP_0437","lnp_id",1
"PAIR_09726","VP_042","LNP_0057","lnp_id",5
"PAIR_09727","VP_097","LNP_0077","lnp_id",3
"PAIR_09728","VP_118","LNP_0254","lnp_id",2
"PAIR_09729","VP_183","LNP_0026","lnp_id",1
"PAIR_09730","VP_059","LNP_0459","lnp_id",4
"PAIR_09731","VP_188","LNP_0456","lnp_id",2
"PAIR_09732","VP_168","LNP_0135","lnp_id",4
"PAIR_09733","VP_113","LNP_0259","lnp_id",2
"PAIR_09734","VP_133","LNP_0019","lnp_id",4
"PAIR_09735","VP_025","LNP_0093","lnp_id",3
"PAIR_09736","VP_007","LNP_0460","lnp_id",3
"PAIR_09737","VP_007","LNP_0235","lnp_id",2
"PAIR_09738","VP_189","LNP_0398","lnp_id",5
"PAIR_09739","VP_050","LNP_0125","lnp_id",5
"PAIR_09740","VP_194","LNP_0413","lnp_id",5
"PAIR_09741","VP_011","LNP_0299","lnp_id",3
"PAIR_09742","VP_049","LNP_0493","lnp_id",5
"PAIR_09743","VP_074","LNP_0221","lnp_id",3
"PAIR_09744","VP_008","LNP_0343","lnp_id",2
"PAIR_09745","VP_094","LNP_0192","lnp_id",1
"PAIR_09746","VP_133","LNP_0244","lnp_id",4
"PAIR_09747","VP_173","LNP_0354","lnp_id",4
"PAIR_09748","VP_079","LNP_0360","lnp_id",5
"PAIR_09749","VP_082","LNP_0045","lnp_id",2
"PAIR_09750","VP_141","LNP_0444","lnp_id",3
"PAIR_09751","VP_072","LNP_0449","lnp_id",3
"PAIR_09752","VP_174","LNP_0449","lnp_id",3
"PAIR_09753","VP_103","LNP_0267","lnp_id",5
"PAIR_09754","VP_112","LNP_0050","lnp_id",5
"PAIR_09755","VP_153","LNP_0476","lnp_id",1
"PAIR_09756","VP_071","LNP_0461","lnp_id",3
"PAIR_09757","VP_173","LNP_0400","lnp_id",3
"PAIR_09758","VP_107","LNP_0302","lnp_id",4
"PAIR_09759","VP_064","LNP_0178","lnp_id",4
"PAIR_09760","VP_174","LNP_0242","lnp_id",1
"PAIR_09761","VP_065","LNP_0319","lnp_id",3
"PAIR_09762","VP_086","LNP_0451","lnp_id",4
"PAIR_09763","VP_105","LNP_0227","lnp_id",1
"PAIR_09764","VP_079","LNP_0270","lnp_id",1
"PAIR_09765","VP_022","LNP_0088","lnp_id",1
"PAIR_09766","VP_124","LNP_0102","lnp_id",3
"PAIR_09767","VP_135","LNP_0229","lnp_id",1
"PAIR_09768","VP_152","LNP_0029","lnp_id",1
"PAIR_09769","VP_157","LNP_0197","lnp_id",5
"PAIR_09770","VP_022","LNP_0130","lnp_id",4
"PAIR_09771","VP_161","LNP_0123","lnp_id",2
"PAIR_09772","VP_177","LNP_0057","lnp_id",5
"PAIR_09773","VP_105","LNP_0181","lnp_id",3
"PAIR_09774","VP_045","LNP_0459","lnp_id",4
"PAIR_09775","VP_181","LNP_0152","lnp_id",4
"PAIR_09776","VP_044","LNP_0227","lnp_id",1
"PAIR_09777","VP_112","LNP_0278","lnp_id",4
"PAIR_09778","VP_136","LNP_0328","lnp_id",3
"PAIR_09779","VP_060","LNP_0087","lnp_id",2
"PAIR_09780","VP_043","LNP_0365","lnp_id",2
"PAIR_09781","VP_200","LNP_0344","lnp_id",5
"PAIR_09782","VP_056","LNP_0376","lnp_id",3
"PAIR_09783","VP_025","LNP_0455","lnp_id",2
"PAIR_09784","VP_052","LNP_0170","lnp_id",5
"PAIR_09785","VP_090","LNP_0175","lnp_id",1
"PAIR_09786","VP_027","LNP_0092","lnp_id",3
"PAIR_09787","VP_072","LNP_0478","lnp_id",5
"PAIR_09788","VP_095","LNP_0086","lnp_id",3
"PAIR_09789","VP_128","LNP_0345","lnp_id",3
"PAIR_09790","VP_055","LNP_0490","lnp_id",5
"PAIR_09791","VP_124","LNP_0339","lnp_id",2
"PAIR_09792","VP_026","LNP_0040","lnp_id",3
"PAIR_09793","VP_185","LNP_0130","lnp_id",4
"PAIR_09794","VP_183","LNP_0417","lnp_id",2
"PAIR_09795","VP_044","LNP_0119","lnp_id",5
"PAIR_09796","VP_169","LNP_0340","lnp_id",5
"PAIR_09797","VP_165","LNP_0240","lnp_id",2
"PAIR_09798","VP_124","LNP_0399","lnp_id",3
"PAIR_09799","VP_083","LNP_0284","lnp_id",2
"PAIR_09800","VP_024","LNP_0090","lnp_id",5
"PAIR_09801","VP_190","LNP_0113","lnp_id",3
"PAIR_09802","VP_121","LNP_0387","lnp_id",2
"PAIR_09803","VP_189","LNP_0355","lnp_id",1
"PAIR_09804","VP_082","LNP_0460","lnp_id",3
"PAIR_09805","VP_055","LNP_0331","lnp_id",1
"PAIR_09806","VP_186","LNP_0134","lnp_id",1
"PAIR_09807","VP_123","LNP_0394","lnp_id",2
"PAIR_09808","VP_119","LNP_0396","lnp_id",3
"PAIR_09809","VP_087","LNP_0426","lnp_id",4
"PAIR_09810","VP_150","LNP_0034","lnp_id",5
"PAIR_09811","VP_084","LNP_0101","lnp_id",2
"PAIR_09812","VP_015","LNP_0128","lnp_id",1
"PAIR_09813","VP_041","LNP_0389","lnp_id",3
"PAIR_09814","VP_030","LNP_0225","lnp_id",1
"PAIR_09815","VP_014","LNP_0010","lnp_id",4
"PAIR_09816","VP_144","LNP_0448","lnp_id",3
"PAIR_09817","VP_021","LNP_0488","lnp_id",4
"PAIR_09818","VP_164","LNP_0102","lnp_id",3
"PAIR_09819","VP_168","LNP_0022","lnp_id",2
"PAIR_09820","VP_104","LNP_0450","lnp_id",1
"PAIR_09821","VP_016","LNP_0314","lnp_id",3
"PAIR_09822","VP_099","LNP_0385","lnp_id",5
"PAIR_09823","VP_170","LNP_0034","lnp_id",5
"PAIR_09824","VP_189","LNP_0130","lnp_id",4
"PAIR_09825","VP_065","LNP_0281","lnp_id",3
"PAIR_09826","VP_111","LNP_0326","lnp_id",2
"PAIR_09827","VP_050","LNP_0226","lnp_id",2
"PAIR_09828","VP_121","LNP_0331","lnp_id",1
"PAIR_09829","VP_105","LNP_0414","lnp_id",4
"PAIR_09830","VP_099","LNP_0149","lnp_id",1
"PAIR_09831","VP_097","LNP_0028","lnp_id",5
"PAIR_09832","VP_170","LNP_0490","lnp_id",5
"PAIR_09833","VP_134","LNP_0396","lnp_id",3
"PAIR_09834","VP_003","LNP_0356","lnp_id",5
"PAIR_09835","VP_085","LNP_0118","lnp_id",1
"PAIR_09836","VP_049","LNP_0424","lnp_id",1
"PAIR_09837","VP_013","LNP_0454","lnp_id",5
"PAIR_09838","VP_176","LNP_0132","lnp_id",4
"PAIR_09839","VP_125","LNP_0166","lnp_id",1
"PAIR_09840","VP_139","LNP_0486","lnp_id",3
"PAIR_09841","VP_129","LNP_0155","lnp_id",5
"PAIR_09842","VP_113","LNP_0054","lnp_id",2
"PAIR_09843","VP_176","LNP_0023","lnp_id",1
"PAIR_09844","VP_155","LNP_0294","lnp_id",4
"PAIR_09845","VP_128","LNP_0436","lnp_id",2
"PAIR_09846","VP_075","LNP_0428","lnp_id",1
"PAIR_09847","VP_178","LNP_0179","lnp_id",4
"PAIR_09848","VP_056","LNP_0155","lnp_id",5
"PAIR_09849","VP_193","LNP_0489","lnp_id",2
"PAIR_09850","VP_013","LNP_0040","lnp_id",3
"PAIR_09851","VP_100","LNP_0389","lnp_id",3
"PAIR_09852","VP_088","LNP_0123","lnp_id",2
"PAIR_09853","VP_195","LNP_0050","lnp_id",5
"PAIR_09854","VP_147","LNP_0112","lnp_id",3
"PAIR_09855","VP_137","LNP_0385","lnp_id",5
"PAIR_09856","VP_146","LNP_0437","lnp_id",1
"PAIR_09857","VP_191","LNP_0029","lnp_id",1
"PAIR_09858","VP_169","LNP_0101","lnp_id",2
"PAIR_09859","VP_162","LNP_0461","lnp_id",3
"PAIR_09860","VP_117","LNP_0328","lnp_id",3
"PAIR_09861","VP_190","LNP_0168","lnp_id",3
"PAIR_09862","VP_126","LNP_0141","lnp_id",5
"PAIR_09863","VP_001","LNP_0446","lnp_id",1
"PAIR_09864","VP_101","LNP_0371","lnp_id",4
"PAIR_09865","VP_080","LNP_0028","lnp_id",5
"PAIR_09866","VP_164","LNP_0471","lnp_id",2
"PAIR_09867","VP_102","LNP_0101","lnp_id",2
"PAIR_09868","VP_125","LNP_0113","lnp_id",3
"PAIR_09869","VP_046","LNP_0348","lnp_id",4
"PAIR_09870","VP_198","LNP_0366","lnp_id",3
"PAIR_09871","VP_140","LNP_0144","lnp_id",5
"PAIR_09872","VP_131","LNP_0415","lnp_id",2
"PAIR_09873","VP_037","LNP_0386","lnp_id",1
"PAIR_09874","VP_147","LNP_0359","lnp_id",2
"PAIR_09875","VP_003","LNP_0319","lnp_id",3
"PAIR_09876","VP_094","LNP_0494","lnp_id",4
"PAIR_09877","VP_109","LNP_0445","lnp_id",1
"PAIR_09878","VP_164","LNP_0471","lnp_id",2
"PAIR_09879","VP_178","LNP_0028","lnp_id",5
"PAIR_09880","VP_070","LNP_0383","lnp_id",1
"PAIR_09881","VP_061","LNP_0345","lnp_id",3
"PAIR_09882","VP_059","LNP_0376","lnp_id",3
"PAIR_09883","VP_093","LNP_0375","lnp_id",4
"PAIR_09884","VP_033","LNP_0410","lnp_id",2
"PAIR_09885","VP_054","LNP_0453","lnp_id",4
"PAIR_09886","VP_174","LNP_0363","lnp_id",2
"PAIR_09887","VP_152","LNP_0310","lnp_id",1
"PAIR_09888","VP_191","LNP_0418","lnp_id",1
"PAIR_09889","VP_033","LNP_0132","lnp_id",4
"PAIR_09890","VP_031","LNP_0322","lnp_id",5
"PAIR_09891","VP_110","LNP_0010","lnp_id",4
"PAIR_09892","VP_074","LNP_0041","lnp_id",1
"PAIR_09893","VP_200","LNP_0402","lnp_id",1
"PAIR_09894","VP_194","LNP_0417","lnp_id",2
"PAIR_09895","VP_091","LNP_0388","lnp_id",5
"PAIR_09896","VP_165","LNP_0225","lnp_id",1
"PAIR_09897","VP_122","LNP_0068","lnp_id",2
"PAIR_09898","VP_123","LNP_0184","lnp_id",5
"PAIR_09899","VP_057","LNP_0123","lnp_id",2
"PAIR_09900","VP_181","LNP_0212","lnp_id",4
"PAIR_09901","VP_101","LNP_0455","lnp_id",2
"PAIR_09902","VP_153","LNP_0395","lnp_id",1
"PAIR_09903","VP_174","LNP_0101","lnp_id",2
"PAIR_09904","VP_052","LNP_0044","lnp_id",2
"PAIR_09905","VP_005","LNP_0131","lnp_id",1
"PAIR_09906","VP_132","LNP_0030","lnp_id",5
"PAIR_09907","VP_162","LNP_0216","lnp_id",1
"PAIR_09908","VP_054","LNP_0439","lnp_id",1
"PAIR_09909","VP_073","LNP_0271","lnp_id",4
"PAIR_09910","VP_028","LNP_0283","lnp_id",1
"PAIR_09911","VP_073","LNP_0208","lnp_id",5
"PAIR_09912","VP_087","LNP_0434","lnp_id",3
"PAIR_09913","VP_002","LNP_0418","lnp_id",1
"PAIR_09914","VP_151","LNP_0403","lnp_id",5
"PAIR_09915","VP_037","LNP_0371","lnp_id",4
"PAIR_09916","VP_120","LNP_0439","lnp_id",1
"PAIR_09917","VP_101","LNP_0240","lnp_id",2
"PAIR_09918","VP_168","LNP_0398","lnp_id",5
"PAIR_09919","VP_054","LNP_0096","lnp_id",2
"PAIR_09920","VP_046","LNP_0071","lnp_id",5
"PAIR_09921","VP_139","LNP_0055","lnp_id",1
"PAIR_09922","VP_173","LNP_0364","lnp_id",3
"PAIR_09923","VP_188","LNP_0191","lnp_id",3
"PAIR_09924","VP_131","LNP_0127","lnp_id",1
"PAIR_09925","VP_029","LNP_0457","lnp_id",1
"PAIR_09926","VP_121","LNP_0152","lnp_id",4
"PAIR_09927","VP_031","LNP_0383","lnp_id",1
"PAIR_09928","VP_157","LNP_0441","lnp_id",1
"PAIR_09929","VP_016","LNP_0005","lnp_id",5
"PAIR_09930","VP_079","LNP_0217","lnp_id",4
"PAIR_09931","VP_033","LNP_0115","lnp_id",4
"PAIR_09932","VP_092","LNP_0350","lnp_id",5
"PAIR_09933","VP_033","LNP_0223","lnp_id",4
"PAIR_09934","VP_045","LNP_0324","lnp_id",3
"PAIR_09935","VP_067","LNP_0242","lnp_id",1
"PAIR_09936","VP_153","LNP_0409","lnp_id",5
"PAIR_09937","VP_162","LNP_0480","lnp_id",2
"PAIR_09938","VP_008","LNP_0127","lnp_id",1
"PAIR_09939","VP_183","LNP_0135","lnp_id",4
"PAIR_09940","VP_122","LNP_0087","lnp_id",2
"PAIR_09941","VP_163","LNP_0301","lnp_id",1
"PAIR_09942","VP_089","LNP_0413","lnp_id",5
"PAIR_09943","VP_068","LNP_0095","lnp_id",2
"PAIR_09944","VP_097","LNP_0325","lnp_id",4
"PAIR_09945","VP_153","LNP_0136","lnp_id",2
"PAIR_09946","VP_096","LNP_0339","lnp_id",2
"PAIR_09947","VP_079","LNP_0148","lnp_id",2
"PAIR_09948","VP_051","LNP_0180","lnp_id",4
"PAIR_09949","VP_153","LNP_0464","lnp_id",5
"PAIR_09950","VP_194","LNP_0298","lnp_id",3
"PAIR_09951","VP_010","LNP_0199","lnp_id",1
"PAIR_09952","VP_165","LNP_0200","lnp_id",5
"PAIR_09953","VP_155","LNP_0283","lnp_id",1
"PAIR_09954","VP_147","LNP_0190","lnp_id",4
"PAIR_09955","VP_124","LNP_0148","lnp_id",2
"PAIR_09956","VP_185","LNP_0121","lnp_id",1
"PAIR_09957","VP_022","LNP_0022","lnp_id",2
"PAIR_09958","VP_048","LNP_0440","lnp_id",3
"PAIR_09959","VP_032","LNP_0041","lnp_id",1
"PAIR_09960","VP_197","LNP_0095","lnp_id",2
"PAIR_09961","VP_108","LNP_0389","lnp_id",3
"PAIR_09962","VP_040","LNP_0456","lnp_id",2
"PAIR_09963","VP_042","LNP_0310","lnp_id",1
"PAIR_09964","VP_081","LNP_0202","lnp_id",1
"PAIR_09965","VP_125","LNP_0105","lnp_id",5
"PAIR_09966","VP_005","LNP_0237","lnp_id",4
"PAIR_09967","VP_106","LNP_0450","lnp_id",1
"PAIR_09968","VP_186","LNP_0002","lnp_id",4
"PAIR_09969","VP_044","LNP_0499","lnp_id",3
"PAIR_09970","VP_054","LNP_0089","lnp_id",2
"PAIR_09971","VP_009","LNP_0364","lnp_id",3
"PAIR_09972","VP_194","LNP_0263","lnp_id",2
"PAIR_09973","VP_084","LNP_0374","lnp_id",2
"PAIR_09974","VP_052","LNP_0251","lnp_id",3
"PAIR_09975","VP_145","LNP_0394","lnp_id",2
"PAIR_09976","VP_056","LNP_0143","lnp_id",4
"PAIR_09977","VP_018","LNP_0109","lnp_id",3
"PAIR_09978","VP_005","LNP_0099","lnp_id",5
"PAIR_09979","VP_055","LNP_0272","lnp_id",1
"PAIR_09980","VP_129","LNP_0052","lnp_id",3
"PAIR_09981","VP_005","LNP_0007","lnp_id",3
"PAIR_09982","VP_135","LNP_0074","lnp_id",2
"PAIR_09983","VP_149","LNP_0459","lnp_id",4
"PAIR_09984","VP_120","LNP_0360","lnp_id",5
"PAIR_09985","VP_012","LNP_0294","lnp_id",4
"PAIR_09986","VP_057","LNP_0272","lnp_id",1
"PAIR_09987","VP_014","LNP_0229","lnp_id",1
"PAIR_09988","VP_067","LNP_0023","lnp_id",1
"PAIR_09989","VP_025","LNP_0438","lnp_id",5
"PAIR_09990","VP_077","LNP_0101","lnp_id",2
"PAIR_09991","VP_110","LNP_0030","lnp_id",5
"PAIR_09992","VP_126","LNP_0279","lnp_id",5
"PAIR_09993","VP_023","LNP_0043","lnp_id",3
"PAIR_09994","VP_181","LNP_0481","lnp_id",1
"PAIR_09995","VP_050","LNP_0385","lnp_id",5
"PAIR_09996","VP_054","LNP_0444","lnp_id",3
"PAIR_09997","VP_077","LNP_0301","lnp_id",1
"PAIR_09998","VP_024","LNP_0209","lnp_id",4
"PAIR_09999","VP_024","LNP_0001","lnp_id",1
"PAIR_10000","VP_111","LNP_0173","lnp_id",3
