"lnp_id","size_nm","charge_mV","peg_mol_percent","ionizable_lipid_fraction","cholesterol_fraction","helper_lipid_fraction","targeting_ligand","n_records","mean_safety_score","sd_safety_score","mean_delivery","mean_adaptive_activation","mean_innate_activation","mean_cytokine_burden","mean_off_target_activation","sbd_rank","pareto_optimal"
"LNP_0462",93.6129996087402,-1.00800178479403,0.399105833750218,0.477647912702742,0.431320381918687,0.091031705378571,1,200,0.832594012748661,0.0364754411135041,3.07083378547233,4.26025531345435,1.47477417522785,1.57297564331146,0.509090203096148,1,TRUE
"LNP_0428",88.8204663759097,1.09363658819348,0.493633543048054,0.376300626226774,0.427976831045156,0.19572254272807,1,200,0.82576198031958,0.0377487990291161,3.09940269044178,4.30747835632731,1.49714377682436,1.82646769943265,0.561737594241675,2,TRUE
"LNP_0374",95.510805095546,0.547898812219501,0.345423847343773,0.515114624393842,0.400721801172917,0.0841635744332413,1,200,0.824679056390691,0.0389911978611578,3.03663054941978,4.2511119813628,1.53255431108287,1.74148108406529,0.28385716213646,3,TRUE
"LNP_0007",102.8105488047,0.721074412576854,0.409476848971099,0.504653408404807,0.345283777949371,0.150062813645822,1,200,0.816538856432173,0.0368876049594102,2.98013390402123,4.20389284869928,1.51129837776133,1.75505978790355,0.375816856863246,4,TRUE
"LNP_0449",85.8056963421404,-1.6948509356007,0.30026867967099,0.598698499676246,0.342006278828472,0.0592952214952825,1,200,0.812950907682577,0.0401257287248117,3.02096309087241,4.2501287962501,1.53408896751547,1.62543610274171,0.85544439376995,5,FALSE
"LNP_0364",80.8119554305449,-0.627616751007736,0.274638611916453,0.517230525633537,0.391734283551729,0.0910351908147338,1,200,0.81248332344916,0.0390549861606612,2.93171910238469,4.1494924812134,1.53978087118321,1.63965648747875,0.334533817380276,6,TRUE
"LNP_0419",97.8456383803859,-2.32126656919718,0.40911775957793,0.516176699840256,0.345445278826466,0.138378021333278,1,200,0.810994655804327,0.0369028445653152,2.99908674704447,4.23524749336108,1.4568491364805,1.54673812987953,1.17590847075589,7,TRUE
"LNP_0467",73.0096920393407,0.965611478313804,0.46767194615677,0.492253285244461,0.29697368353357,0.210773031221969,1,200,0.80429707143156,0.039822403425578,2.91156075071996,4.13635480262845,1.50921171875192,1.78671860741946,0.47199340828595,8,TRUE
"LNP_0442",108.387233596295,-0.195516035892069,0.345106361154467,0.468929058018287,0.331895852477489,0.199175089504224,1,200,0.803500383614895,0.038080630757585,2.77643501359745,4.01147738370024,1.48959525295625,1.57466611609212,0.133659214155945,9,TRUE
"LNP_0466",77.077801944688,1.38886549510062,0.445512916892767,0.526246112429754,0.380303940182633,0.0934499473876125,1,200,0.802687550902703,0.035910135557036,3.00441422493092,4.23174101332,1.55456789921557,1.93778468172842,0.700653278018333,10,FALSE
"LNP_0109",91.0689776530489,-3.3800434274599,0.480289639346302,0.466218533053709,0.394831297601722,0.138950169344569,1,200,0.800521674909667,0.0412761803244263,2.99077952961792,4.20228929809727,1.40942131727737,1.52889947892859,1.69154061882615,11,TRUE
"LNP_0017",74.608773435466,-0.90476737357676,0.323866031691432,0.406530058160932,0.458583185003285,0.134886756835784,1,200,0.794699869404868,0.0380644188037061,2.77913052760525,4.02205404060661,1.5030164787193,1.58907927134284,0.460042702234453,12,TRUE
"LNP_0140",93.9431536244228,-1.64445796515793,0.203858428541571,0.537716976281056,0.345643035436697,0.116639988282247,1,200,0.792797607903289,0.0384322213180585,2.90478968881461,4.132350054976,1.58206660604286,1.67214505517353,0.833740172283362,13,FALSE
"LNP_0180",108.175009978004,-1.03713772259653,0.353958562016487,0.445144173552853,0.43156519854507,0.123290627902077,1,200,0.790201050212456,0.0399136423380452,2.76129220425408,4.0000099902548,1.50256581321552,1.60781141756686,0.515221912072967,14,FALSE
"LNP_0141",81.170220207423,1.87676986213773,0.432716127112508,0.438773974181599,0.454307172924857,0.106918852893543,1,200,0.789913995701953,0.039538921501545,2.98920052614017,4.2147486536328,1.57774463023149,2.02622992234172,0.947211839080861,15,FALSE
"LNP_0025",115.570579911582,0.376098467968404,0.424494939856231,0.58258254117628,0.297731865694883,0.119685593128837,1,200,0.784630813398282,0.0369206201559654,2.65414237808808,3.90645275223831,1.47931988696052,1.6545897294338,0.197063812150435,16,TRUE
"LNP_0221",78.2528330106288,-1.62661683280021,0.238268989697099,0.52649488791667,0.287770801388292,0.185734310695038,1,200,0.784253869315762,0.0392263729804899,2.81361876579997,4.04386427460946,1.55978763469178,1.62899202042339,0.820801532809909,17,FALSE
"LNP_0079",85.1797909243032,1.33468165528029,0.267945685982704,0.430720612426444,0.460881131679279,0.108398255894277,1,200,0.782152087348746,0.0378878027102021,2.91256812610096,4.12927739070861,1.64845422906751,1.98747103400544,0.663220940206784,18,FALSE
"LNP_0199",65.2346616843715,-1.42773817293346,0.487420371174812,0.499189116605839,0.349672881561079,0.151138001833082,1,200,0.781035207234593,0.0382383726378848,2.66044706245919,3.8963570382494,1.41452260881073,1.52009489762793,0.734886395961359,19,TRUE
"LNP_0370",98.3167669270188,0.960645750164986,0.171623823884875,0.523827971201285,0.368251794149631,0.107920234649084,1,200,0.779130245215637,0.0407018288336757,2.85294098918766,4.09533101910618,1.6798793179303,1.93155397619904,0.481882910241388,20,FALSE
"LNP_0091",63.0695691565052,0.531801590695977,0.422499176114798,0.570619913598039,0.292134981431764,0.137245104970197,1,200,0.77250229243987,0.0395326699326175,2.59064522093897,3.85288237427672,1.4868455691787,1.70626044679012,0.272855537363867,21,FALSE
"LNP_0186",98.1289800489321,1.01233443710953,0.153998559340835,0.463687385701895,0.33033774675965,0.205974867538455,1,200,0.771749238790953,0.0396432240632334,2.80992832662561,4.05822224512523,1.68508938306609,1.95644898920108,0.510827981798616,22,FALSE
"LNP_0245",81.1869746772572,-3.57343113049865,0.420538120251149,0.382788465056154,0.432405959562547,0.184805575381299,1,200,0.771295763397439,0.0393636757659393,2.81013105329522,4.04962225349958,1.44947512491226,1.5586561648739,1.78972114832581,23,FALSE
"LNP_0479",71.7243514023721,-2.96764655970037,0.438374316692352,0.497445002433955,0.354382636381239,0.148172361184806,1,200,0.771286150673571,0.0369351851371465,2.74716644287548,3.99636679329613,1.44073920083283,1.55203853889142,1.50115471535707,24,TRUE
"LNP_0010",95.6614735303447,-3.17357432097197,0.2762132499367,0.54104059729743,0.319030594163241,0.139928808539329,1,200,0.771064507596031,0.0376441444020509,2.8374388006814,4.06703279782238,1.53606665705342,1.62128674020096,1.5741590263305,25,FALSE
"LNP_0427",80.2904915297404,-3.0396989453584,0.286179745290428,0.525902389689867,0.298062491132276,0.176035119177857,1,200,0.768091147553398,0.0398349335335869,2.79857202922425,4.03568720787363,1.53350758502517,1.6246108545879,1.50120158895143,26,FALSE
"LNP_0255",103.107039886527,1.14875166211277,0.157511241268367,0.591165452459411,0.31536321707833,0.093471330462259,1,200,0.765721367412622,0.0389384648134298,2.78753199246527,4.03138494426044,1.68869037257135,1.97884245987167,0.587370516019417,27,FALSE
"LNP_0346",87.0214798487723,-4.74487444385886,0.482129480689764,0.457434400196745,0.342177131301389,0.200388468501867,1,200,0.764883257400696,0.0390436824871221,2.82244455175452,4.06181878775481,1.39512839936549,1.50272243987461,2.36477762866484,28,TRUE
"LNP_0133",117.299909261055,-0.841568778268993,0.38119180155918,0.555363743915647,0.338281021338369,0.106355234745984,1,200,0.764658951918642,0.0395068839101926,2.51433367579153,3.78419618911843,1.47292306207184,1.56872788506112,0.420127654355953,29,TRUE
"LNP_0210",67.2171746380627,-1.42118817660958,0.316875315923244,0.545897734669014,0.332143630574536,0.121958634756449,1,200,0.764432929103379,0.0397142440211298,2.60909696509659,3.8631559649923,1.51346379788013,1.61641784513554,0.725542576361187,30,FALSE
"LNP_0414",99.7948936186731,1.52490337844938,0.164386600535363,0.59286966262149,0.295087133582735,0.112043203795774,1,200,0.759870487712996,0.036506075654573,2.82696103323666,4.06753284051392,1.72283231784875,2.1056754559697,0.758254868084104,31,FALSE
"LNP_0476",94.4527396932244,2.86443118937314,0.390119745302945,0.52316596548,0.356541447406992,0.120292587113008,1,200,0.755846946668444,0.0395779130535408,2.98141895385478,4.20140296588166,1.71596123441939,2.35096969650783,1.42060211592271,32,FALSE
"LNP_0196",96.6532702324912,1.66061190422624,0.178068572748452,0.480746501655603,0.348273867491275,0.170979630853122,1,200,0.755484058970683,0.0384666587002531,2.81938018422776,4.06702452299068,1.73800184927722,2.11951281345451,0.841795316011091,33,FALSE
"LNP_0208",78.8239280693233,-2.47111013624817,0.163065111171454,0.466697291564008,0.366337065837646,0.166965642598346,1,200,0.753080237939668,0.036839348131356,2.69356457425897,3.94937300338433,1.61088832363284,1.70076253435318,1.23148661340272,34,FALSE
"LNP_0361",64.3817043630406,-1.51095809880644,0.35955299185589,0.483462005381116,0.35247579199346,0.164062202625424,1,200,0.750175503976468,0.0402023989956401,2.49510015339822,3.74787778575862,1.49858192680679,1.61004412611487,0.743955417595676,35,FALSE
"LNP_0124",71.9767631264403,-2.46367166284472,0.225407158210874,0.546867023095595,0.296752285272456,0.156380691631949,1,200,0.749739207194984,0.0380873588212348,2.62426307921379,3.87092558406908,1.55895404887427,1.62864933754205,1.23704681852595,36,FALSE
"LNP_0497",75.3098994027823,2.8422763897106,0.49648768696934,0.409418798928009,0.417925204391451,0.172655996680539,1,200,0.748578582903456,0.0384296793484475,2.85762671907744,4.10422852119949,1.63293357695373,2.27628790689527,1.45247920288981,37,FALSE
"LNP_0307",65.663685137406,-0.230090352706611,0.12936575897038,0.558826159402888,0.346078600106481,0.095095240490631,1,200,0.746098691167731,0.0380333391037406,2.43196396283419,3.70680528594623,1.61705828583793,1.67289784574848,0.147692032358453,38,FALSE
"LNP_0437",60.817852942273,0.519485482946038,0.358206245675683,0.532797285146388,0.313021145123866,0.154181569729747,1,200,0.744989012269657,0.0382559915327756,2.40702179777237,3.6864259829264,1.52756627634244,1.71716612703732,0.288498332971907,39,FALSE
"LNP_0423",109.626354463398,-2.72514610551298,0.266289060562849,0.553421391008186,0.29363391324062,0.152944695751194,1,200,0.744553113133476,0.0367205515984229,2.59978601671212,3.84097113068554,1.54292648636204,1.62008663687222,1.36933658926978,40,FALSE
"LNP_0192",82.1482756407931,2.69601019565016,0.322031241096556,0.492451268021807,0.377697105756558,0.129851626221634,1,200,0.743813477106774,0.037938707264881,2.88207734287261,4.10252673290658,1.73075639290707,2.33411323429628,1.35083350555806,41,FALSE
"LNP_0066",94.8516341391951,3.07533364742994,0.385260075516999,0.478430011157797,0.307832555612139,0.213737433230064,1,200,0.74331423367581,0.0383321926310948,2.93275540850775,4.14871379222579,1.73490457002169,2.40235137761621,1.53449295035566,42,FALSE
"LNP_0387",68.5296441894025,-1.58433248754591,0.186026698723435,0.435040565857467,0.394398361108528,0.170561073034005,1,200,0.741010774481253,0.0397989941891803,2.48769836746315,3.75686422522643,1.5726133065126,1.66703695286431,0.79672808701455,43,FALSE
"LNP_0480",120.48722456675,-1.61908550187945,0.431282921507955,0.518653265821846,0.410247313247181,0.0710994209309734,1,200,0.740818961135825,0.0386062363704128,2.37102941747781,3.65295745974351,1.43318044286237,1.53971714207712,0.802620140654757,44,FALSE
"LNP_0080",61.1135424347594,-0.198730938136578,0.24217386841774,0.528099444345447,0.289141429274323,0.18275912638023,1,200,0.734212498890397,0.0404834946524816,2.30010452619692,3.59451398108092,1.56093467258992,1.66767226459983,0.135476184959504,45,FALSE
"LNP_0343",102.602966013364,2.25446937140077,0.253737013787031,0.426824862763834,0.406169896784864,0.167005240451302,1,200,0.733288150021484,0.0387067079767028,2.725745588031,3.97361935188821,1.73026686780052,2.2315400946444,1.11783164419151,46,FALSE
"LNP_0056",70.653138961643,1.73917313572019,0.210575953498483,0.511674870439076,0.328180664879609,0.160144464681315,1,200,0.72890025776809,0.0362805208109484,2.62107028812487,3.87217159816381,1.72146667497535,2.12598146715047,0.903655115209166,47,FALSE
"LNP_0406",94.9802484130487,0.226291930302978,0.403274215571582,0.516308419445917,0.33083055585591,0.152861024698173,0,200,0.72789357255862,0.0362758447741671,2.40145598660785,3.38260726693904,1.49389305200905,1.607425720987,0.712704183925587,48,FALSE
"LNP_0160",71.799066872336,-2.98910453915596,0.183999223448336,0.532688068240611,0.322373801907196,0.144938129852193,1,200,0.726808163045842,0.0383501375175328,2.5332295136828,3.78409211215759,1.60103980030668,1.67991953780307,1.48757146204468,49,FALSE
"LNP_0153",88.7909029843286,-0.484989886172116,0.399842838384211,0.433950636910407,0.384746412908648,0.181302950180945,0,200,0.725817440214525,0.0384970986050239,2.37063947931392,3.34839200792904,1.44869354540298,1.54551132578518,0.850001935680956,50,FALSE
"LNP_0494",120.158511842601,-1.99661643244326,0.406275866832584,0.425405822751866,0.473497626593823,0.101096550654311,1,200,0.722419927099728,0.0408710205638025,2.27912060292774,3.57437391970292,1.45210196790553,1.57509551524757,0.972409058481064,51,FALSE
"LNP_0415",77.6049672625959,-3.72314855922014,0.173176276870072,0.452985436361898,0.379267989058194,0.167746574579908,1,200,0.72025285591008,0.0382495883834727,2.54238627428782,3.80528551928007,1.59129678736003,1.67014516655572,1.86938148961223,52,FALSE
"LNP_0228",106.025326368399,2.25559297949076,0.19042548192665,0.56802303015318,0.348993888188273,0.0829830816585472,1,200,0.719446490608185,0.0385067258525964,2.66299490720167,3.9102339396685,1.77729539840382,2.28225867940476,1.126870064859,53,FALSE
"LNP_0284",72.4985329201445,3.08801533188671,0.402439205534756,0.479081828882705,0.333758349446487,0.187159821670808,1,200,0.718511330404675,0.0388722214349399,2.71989896417677,3.9545488841102,1.70355796649915,2.38568881031196,1.54721646427446,54,FALSE
"LNP_0102",83.2823540316895,3.72980702202767,0.391105084121227,0.451161832335164,0.379532254264412,0.169305913400424,1,200,0.71679797102622,0.0375350595051006,2.8365479288712,4.07996896044186,1.75688126205453,2.56006794743948,1.86381505896537,55,FALSE
"LNP_0022",119.28034061566,-2.70657944027334,0.417095336690545,0.422581976338178,0.403725893769031,0.173692129892791,1,200,0.715738805628336,0.0400107171384784,2.29313140060091,3.58759383787751,1.44943636185848,1.55685377495796,1.35327247854854,56,FALSE
"LNP_0268",84.732463140972,-1.75433774013072,0.474930946156383,0.455685445128992,0.448088917876037,0.0962256369949717,0,200,0.713617063106965,0.0399310564193935,2.38525327253431,3.35659274655258,1.42858860866155,1.52106902774561,1.51389109866607,57,FALSE
"LNP_0159",94.476800202392,0.0581660820171237,0.30416452055797,0.5109793424211,0.410971489572261,0.078049168006639,0,200,0.713262965602094,0.0384145030016508,2.3059902366193,3.29144693939996,1.53618087906377,1.64750724760463,0.613964550412772,58,FALSE
"LNP_0333",123.779740300961,-0.740495775826275,0.332573263067752,0.522472967085931,0.339001607117719,0.13852542579635,1,200,0.712681708452021,0.0377945195362181,2.1353176167776,3.42668698837305,1.50564928301837,1.61437257136377,0.363146594261804,59,FALSE
"LNP_0212",75.2964928513393,0.416847025044262,0.499553059600294,0.418021898426446,0.439291505741024,0.142686595832531,0,200,0.712475404951832,0.0402062529400544,2.28281777745575,3.27149750179221,1.44439487283711,1.66564594812204,0.791065926575756,60,FALSE
"LNP_0339",114.39229149837,-4.21295709908009,0.437565883249044,0.4952267305992,0.368538979737981,0.136234289662819,1,200,0.711178077598632,0.0384824550403804,2.4033503547018,3.669058771746,1.43810207182701,1.56615904021009,2.11293574582319,61,FALSE
"LNP_0244",113.305535982363,1.94706965237856,0.276096739806235,0.414606047326271,0.523771811576271,0.0616221410974585,1,200,0.709274646348898,0.0381675759852891,2.46931473824829,3.7376925055229,1.69259832978375,2.15454216375377,0.965386673486291,62,FALSE
"LNP_0493",95.978519320488,1.44297359045595,0.49857828291133,0.51263961187414,0.331063669156799,0.156296718969061,0,200,0.707160751670033,0.0393563987477969,2.45241887870381,3.42267996244836,1.52173498746733,1.9119883446159,1.32509919489973,63,FALSE
"LNP_0127",65.4202300822362,-4.52497460413724,0.47243985645473,0.495705326794892,0.420238884936402,0.084055788268706,1,200,0.70660511694228,0.0396351478876354,2.38363372830461,3.66706286582815,1.42213190901031,1.56004348416374,2.28140807599468,64,FALSE
"LNP_0040",73.1625785352662,-4.50909272767603,0.279092039354146,0.445354897198398,0.378783270643247,0.175861832158354,1,200,0.704070575030794,0.0402702050509101,2.44301395091358,3.71864832531385,1.53654412796577,1.61887098689673,2.25495147386309,65,FALSE
"LNP_0335",81.4270780421793,3.33011434413493,0.275309815071523,0.405334906251748,0.460545084632759,0.134120009115492,1,200,0.702308170381131,0.0379056791580988,2.71404002676222,3.95966561380321,1.80628502284258,2.52880102482262,1.68192823836478,66,FALSE
"LNP_0398",60.105849406682,-2.38192599732429,0.286401465628296,0.522928186416402,0.337576614000767,0.139495199582831,1,200,0.701290666667424,0.0385143769116382,2.22167284594653,3.49692804826904,1.5222078304662,1.62681233047068,1.20203853552173,67,FALSE
"LNP_0071",125.447515863925,1.06627975124866,0.415363752655685,0.514057068585655,0.337953981772417,0.147988949641928,1,200,0.696392176094294,0.0379010804632398,2.11513986274566,3.40221727316199,1.53110216581669,1.83162687814973,0.542902610219333,68,FALSE
"LNP_0345",98.6411764053628,1.00518092978746,0.361850697919726,0.525208821621478,0.316277506624429,0.158513671754094,0,200,0.695047286443954,0.039332281766472,2.31684565798947,3.31364175505595,1.56359837783726,1.83678996651554,1.09812765968312,69,FALSE
"LNP_0305",113.013185281307,-4.74407391622663,0.39146581524983,0.474369533672643,0.371032883360739,0.154597582966617,1,200,0.694217691672074,0.0385217828346348,2.33119975673568,3.60962382997626,1.46403471478015,1.55415383128226,2.37132919185315,70,FALSE
"LNP_0489",92.894859588705,-6.1737562622875,0.332857558876276,0.576193392417098,0.343405560486484,0.0804010470964186,1,200,0.693569873599013,0.0400288606311667,2.5025598991175,3.76222336678991,1.50818284115197,1.60383767461093,3.09052796706542,71,FALSE
"LNP_0312",96.4665941894054,3.90210488811135,0.246392055321485,0.581723531571741,0.292406554403864,0.125869914024395,1,200,0.692936456907271,0.0391390352927947,2.75958864787624,4.01233328441845,1.87147258759841,2.65796671520692,1.94646005441349,72,FALSE
"LNP_0349",72.9244840331376,-5.27530128136277,0.314543972350657,0.553232114665062,0.352531975504902,0.0942359098300359,1,200,0.691256071844249,0.0381668995885273,2.40474595037239,3.68974159981814,1.52383156411566,1.60518857384904,2.64578203960453,73,FALSE
"LNP_0378",70.8876348566264,3.8639780273661,0.481136401835829,0.470111819571979,0.419809074009277,0.110079106418744,1,200,0.691229296367544,0.0369570693861424,2.64507100208099,3.9171490418625,1.74321398013346,2.5793964841359,1.93669650744857,74,FALSE
"LNP_0481",71.5166488196701,-0.842464058659971,0.404657737724483,0.536960837837878,0.296424013667027,0.166615148495095,0,200,0.691053395652973,0.0381400146955223,2.15550421329865,3.16044992053624,1.47057275335087,1.57554738171438,1.04205699707291,75,FALSE
"LNP_0278",96.6472376836464,-1.85461420100182,0.349251664802432,0.508141135583716,0.418396550040074,0.0734623143762104,0,200,0.689131431926276,0.0395193893666133,2.2658604462959,3.2558756971414,1.50741776576518,1.59539983987168,1.55173363141299,76,FALSE
"LNP_0154",74.6448994148523,1.34238932281733,0.467581898067147,0.571680562570489,0.362003970861303,0.0663154665682077,0,200,0.688819622862258,0.0406974843534841,2.30308618689254,3.2959489097083,1.52768822014545,1.91186881088735,1.28479002724739,77,FALSE
"LNP_0286",89.5892688306049,-0.772621463984251,0.210359605122358,0.465696543947062,0.359951889671996,0.174351566380942,0,200,0.688617860569231,0.0376597223066521,2.22021669267155,3.22983942066761,1.58141834607102,1.68678378918826,1.00257532805935,78,FALSE
"LNP_0369",90.6607866287231,0.153657263144851,0.159511190839112,0.515086743104905,0.429994328288429,0.0549189286066664,0,200,0.687246436339574,0.0369501673244331,2.20006797200865,3.20333033126647,1.63739391342745,1.74851493262981,0.679887958698734,79,FALSE
"LNP_0246",122.45543464087,0.558580006472766,0.211713522020727,0.37211402159619,0.4485234604696,0.17936251793421,1,200,0.686350833234316,0.0370937030715662,2.03014187757648,3.34052757898814,1.61525118213075,1.80400682640917,0.303242156315667,80,FALSE
"LNP_0030",64.7113647311926,-3.94224750809371,0.322070881910622,0.407703176833876,0.398528991880257,0.193767831285867,1,200,0.685907684625501,0.0380647513211416,2.23395295999537,3.51181529997392,1.50623537019205,1.60936348780161,1.97621043802369,81,FALSE
"LNP_0338",114.146235398948,3.1444212095812,0.399114619474858,0.430893833849089,0.441555073272245,0.127551092878666,1,200,0.68554864977301,0.0374758826200796,2.47130973438182,3.75018820936596,1.70935443161387,2.40480164933065,1.57781175431605,82,FALSE
"LNP_0039",81.8181007634848,0.710827833972871,0.270754230581224,0.483593431453983,0.366676960862261,0.149729607683756,0,200,0.683447289961427,0.0386279636592397,2.22795171732866,3.22176010386133,1.60677472035393,1.83019133137487,0.958347318941974,83,FALSE
"LNP_0187",76.503273146227,0.446715322323143,0.254999303072691,0.489719771258062,0.426336901896178,0.0839433268457607,0,200,0.678220592203059,0.0407716790706269,2.12745485566089,3.13344523834674,1.5820175336831,1.7500242259846,0.832529221087974,84,FALSE
"LNP_0418",82.1725537767634,0.628186715766788,0.224992945045233,0.513433324492682,0.33151381176361,0.155052863743708,0,200,0.677062564295075,0.0376805022491277,2.19093771280888,3.17200534392415,1.62928421881902,1.83984754422863,0.913731013445636,85,FALSE
"LNP_0265",101.644489425234,1.38705377466977,0.38122918959707,0.459699345502742,0.388650835392563,0.151649819104695,0,200,0.676702370971248,0.0366575582440822,2.24358837469495,3.23399951875118,1.5809469891458,1.91224125810866,1.28543471395599,86,FALSE
"LNP_0069",129.434232111089,0.94046835321933,0.489665477629751,0.438603468472169,0.48749160459693,0.0739049269309014,1,200,0.676690488750612,0.0374157138153734,1.90643159530822,3.25481007893786,1.48823948419347,1.80583840002972,0.488985228372266,87,FALSE
"LNP_0130",119.000710151158,-3.91044418793172,0.325917792599648,0.537668875140451,0.409119766402697,0.0532113584568521,1,200,0.67541464166358,0.0386759445537867,2.15490407030853,3.45441319125418,1.52140049587313,1.61491249685784,1.95775962312742,88,FALSE
"LNP_0213",71.625478961505,3.19242674391717,0.202269246801734,0.474754294873261,0.364293619821478,0.160952085305261,1,200,0.675196493534333,0.0393245081212874,2.49604641983134,3.76281758588911,1.83403243587663,2.50114505157814,1.59372165571941,89,FALSE
"LNP_0215",54.7663627425209,-0.263542532920837,0.131588471028954,0.513944643539551,0.41596487944741,0.0700904770130386,1,200,0.6730875619317,0.0380122011977721,1.88602771738414,3.21517709793111,1.63624942847725,1.7104191087472,0.154360283797049,90,FALSE
"LNP_0144",68.384952400811,-2.29616813361645,0.481503449846059,0.635146305455294,0.281821798563881,0.0830318959808256,0,200,0.67280123355248,0.0399579648388625,2.09250117043564,3.10326607082799,1.39978353477411,1.5216306326898,1.75216543446162,91,TRUE
"LNP_0055",106.094798375852,0.594281828962266,0.322125436738133,0.423860856117254,0.411283064814853,0.164856079067893,0,200,0.67195237786803,0.0395832379269409,2.07996400958652,3.08445001136566,1.55550630699934,1.76990254251002,0.885988347069476,92,FALSE
"LNP_0077",87.9816537722945,-1.73389183823019,0.20856360187754,0.467034795311028,0.463078981713432,0.0698862229755401,0,200,0.670929647334704,0.0407472299463773,2.17370010934489,3.18802915889424,1.59274768223524,1.67215801037118,1.46580387429681,93,FALSE
"LNP_0451",102.382260165177,1.20561074931175,0.33952085962519,0.450866618673013,0.482386089049124,0.0667472922778629,0,200,0.667293839049561,0.0376145861717771,2.17666495471725,3.17056458905903,1.60317728427134,1.94016807192703,1.20591003160766,94,FALSE
"LNP_0225",55.2843942772597,2.15735922101885,0.481701989285648,0.370588188990779,0.448469995005498,0.180941816003723,1,200,0.667120469412152,0.0387023548947656,2.08325344938652,3.39413081514135,1.58037273647642,2.10648733238768,1.08534228934128,95,FALSE
"LNP_0319",85.3986102622002,1.79803247563541,0.319217330403626,0.556666241666808,0.322787323449165,0.120546434884026,0,200,0.667102554054469,0.0357539515373575,2.30911133438725,3.28035415641567,1.6663386446944,2.09117510284019,1.49362442553387,96,FALSE
"LNP_0076",72.0118885161355,4.18075806926936,0.351571104303002,0.539378393324061,0.405667099530294,0.0549545071456451,1,200,0.665610153239683,0.0379162860726966,2.5688764264013,3.83330804686743,1.83979411500217,2.70612520827795,2.08539338959374,97,FALSE
"LNP_0058",125.330786430277,0.597849171608686,0.197374096978456,0.464432108740197,0.448612618764091,0.0869552724957116,1,200,0.66517998679927,0.038576475881113,1.90162026943549,3.22522160405431,1.65203634012741,1.85372381954753,0.312215986274294,98,FALSE
"LNP_0351",63.6540197068825,-3.47533706575632,0.109959307778627,0.491192481264539,0.345703254035239,0.163104264700221,1,200,0.663617150313282,0.0378949335868403,2.12514372828448,3.42909800709623,1.64507673982658,1.72280820896535,1.75257453526612,99,FALSE
"LNP_0205",90.2573342202231,-3.30824077595025,0.294682229030877,0.604607632345913,0.306866802776469,0.088525564877618,0,200,0.66122748274205,0.0391286620599884,2.20220696703679,3.2026343911847,1.53081219020237,1.6175661070951,2.2624539179352,100,FALSE
"LNP_0267",83.6331205908209,-7.08582474850118,0.348722824919969,0.565716352238983,0.279371332437034,0.154912315323983,1,200,0.659777241872917,0.0393632822064131,2.30911507817176,3.59505298066722,1.48915862356226,1.59921037267531,3.53419511389866,101,FALSE
"LNP_0498",54.9538435647264,-2.17002496588975,0.180303837172687,0.593177248493121,0.340596745820796,0.0662260056860829,1,200,0.656530174052469,0.0377735699820504,1.90575804247612,3.21997271292914,1.59676722781979,1.67281919303262,1.08875067752619,102,FALSE
"LNP_0207",86.4091864787042,0.928525174967945,0.12590045183897,0.465214974132271,0.324993057680086,0.209791968187643,0,200,0.655781228838396,0.0370721206785004,2.12679485129377,3.13392515954707,1.70720454964622,1.96201871727685,1.07146890325503,103,FALSE
"LNP_0172",68.3828490786254,0.426276926882565,0.260725541692227,0.541512860629409,0.37572038321202,0.0827667561585712,0,200,0.654497495057926,0.0392918298870605,1.9314257865383,2.96393011406354,1.5763824532679,1.74575330097179,0.807788336578811,104,FALSE
"LNP_0174",124.656800413504,-4.33995307888836,0.466522295866162,0.568745577033124,0.355582012846813,0.0756724101200623,1,200,0.654052076631208,0.0408161115042366,1.95869300526915,3.27337060667493,1.42426451712135,1.54606964055274,2.19104742376411,105,FALSE
"LNP_0182",81.2448164913803,4.29509621113539,0.184209295921028,0.499901064260541,0.394125487315333,0.105973448424126,1,200,0.653029643155934,0.0378968069963496,2.58059674138439,3.82638602189873,1.94180889429532,2.80987666154493,2.17255086368662,106,FALSE
"LNP_0053",129.892484564334,1.38765325304121,0.456758507806808,0.455160795748156,0.42215317523909,0.122686029012754,1,200,0.652531099459292,0.0375234166023568,1.83529713416927,3.17035569698615,1.55440921000425,1.91169556436986,0.71966496266867,107,FALSE
"LNP_0459",65.4911725781858,-1.80108143016696,0.43520927913487,0.496450397717376,0.383622494640556,0.119927107642068,0,200,0.65133805306608,0.0414845725623409,1.9099768507514,2.93684512133535,1.43706567384595,1.55812166179495,1.50107917192414,108,FALSE
"LNP_0014",107.263340195641,-2.08678720053285,0.302799090743065,0.470070286730452,0.430707121725937,0.0992225915436106,0,200,0.650473000621083,0.0378344405668198,1.99515446908695,3.00736294568524,1.52122209482576,1.60049455142838,1.65213677364545,109,FALSE
"LNP_0463",96.4016626821831,2.46522767003626,0.424355791509151,0.386679917522765,0.449676804165677,0.163643278311557,0,200,0.650216248866379,0.0391939915514218,2.24948963770464,3.24383115392769,1.63575220200146,2.22435979129253,1.81849084906794,110,FALSE
"LNP_0455",73.6619742121547,-2.55684514530003,0.330048247333616,0.482610253342971,0.425141410073868,0.0922483365831605,0,200,0.649257843257177,0.0365142093609222,2.02623152241378,3.04437638645653,1.50460240797341,1.63172748479918,1.89106016058238,111,FALSE
"LNP_0372",84.2808801680803,-6.6046189982444,0.173560775537044,0.582843659961437,0.348951080042408,0.0682052599961544,1,200,0.649230359688466,0.0376794844270703,2.26009768014597,3.55781099626992,1.58742339974685,1.67792829062973,3.30468090242115,112,FALSE
"LNP_0390",71.0487079108134,-5.54237366188318,0.193959840293974,0.467530058470566,0.366288509898446,0.166181431630987,1,200,0.649172262213221,0.0374039009083158,2.16469154195902,3.47508153044351,1.59684940447016,1.6846955679546,2.77194301634714,113,FALSE
"LNP_0358",91.8915896909311,-7.59637024719268,0.425869579426944,0.471025654375477,0.32303397186072,0.205940373763804,1,200,0.649151708404597,0.0393473699261956,2.25225524010344,3.53698864801074,1.4649676426619,1.55939170438823,3.78803513985125,114,FALSE
"LNP_0388",78.2218417385593,-4.04553843662143,0.447812916617841,0.490429386505854,0.447633085021398,0.0619375284727476,0,200,0.647775209821805,0.0409372259128313,2.08453123190002,3.11390069827191,1.43147392181337,1.54458512044597,2.63362450596237,115,FALSE
"LNP_0336",99.2566547822207,1.44147441256791,0.168147592246532,0.5367995105976,0.33118105993087,0.13201942947153,0,200,0.643906257067841,0.0365963511023813,2.1164771188139,3.11676407065165,1.71983944349345,2.06260934965058,1.31594024878064,116,FALSE
"LNP_0002",128.830513544381,-2.67117110081017,0.337546773068607,0.581982767426778,0.271887125956868,0.146130106616354,1,200,0.64361220539198,0.0383582833080514,1.78162985435467,3.11775370831171,1.5142548405925,1.59797421191174,1.34074938907631,117,FALSE
"LNP_0270",100.281304563396,3.06855640839785,0.489121403731406,0.568568659413042,0.297226025512115,0.134205315074844,0,200,0.642867541026368,0.0359844363606779,2.29692803454011,3.28303225144273,1.66228559716983,2.34297846761198,2.12080204595071,118,FALSE
"LNP_0308",50.8215519832447,-0.443559405393898,0.154600919689983,0.464779521750471,0.360379307962174,0.174841170287356,1,200,0.64223539236158,0.0399956434022349,1.6456246206868,2.99535003760458,1.62283754629582,1.68562363468948,0.222681450419937,119,FALSE
"LNP_0444",66.5520911104977,-1.64890080224723,0.299343597050756,0.616898733092401,0.312095598830282,0.0710056680773177,0,200,0.642180282119891,0.0363763079485607,1.90513328182063,2.92144878507549,1.53770592057223,1.61173727594323,1.44307877918698,120,FALSE
"LNP_0490",133.440097793937,-1.33629718795419,0.432293624896556,0.432980786137072,0.410577431693677,0.156441782169251,1,200,0.638835646952475,0.0379319545012271,1.5692335878442,2.9244815769753,1.44807604856591,1.57472682437187,0.655724907916613,121,TRUE
"LNP_0001",78.7577520124614,-2.92787848040462,0.20944909369573,0.559619866838329,0.26993054893898,0.170449584222691,0,200,0.638283791957651,0.0394289987264687,2.03654752101186,3.05466522044518,1.58381301710818,1.68286283389224,2.07807387220111,122,FALSE
"LNP_0396",73.95946290344,5.18333604093641,0.420740748662502,0.467512104139958,0.428876971356799,0.103610924503243,1,200,0.636354699700711,0.0390198694836569,2.50322941431726,3.77229946129866,1.8566196796193,2.93080413097721,2.58133688928779,123,FALSE
"LNP_0257",66.8060810538009,-0.114152762107551,0.133024424221367,0.565081849911274,0.368137359295024,0.066780790793703,0,200,0.633370408860011,0.037445401645247,1.76475262127773,2.80711744155793,1.63146638347568,1.7051963332138,0.665235812337488,124,FALSE
"LNP_0235",76.0856857057661,-6.55549807939678,0.199873880296946,0.538565951382326,0.298818077233221,0.162615971384453,1,200,0.633145025562738,0.0364439901425099,2.13838395468067,3.43889968379857,1.58938011116584,1.69161245775927,3.28299042938612,125,FALSE
"LNP_0404",107.630183757283,1.67125726584345,0.298847443703562,0.519297483502916,0.39611525807244,0.0845872584246436,0,200,0.632968215397799,0.0396548437106174,2.0260599875397,3.04867246087463,1.67397712004016,2.07270911071371,1.4415126283712,126,FALSE
"LNP_0123",80.7720010867342,5.50815182738006,0.387444698065519,0.476860141809922,0.397488630440793,0.125651227749285,1,200,0.632782176516351,0.0392491743940115,2.56066928348001,3.80799344140118,1.90028564391311,3.02231110955846,2.74298167301664,127,FALSE
"LNP_0355",112.190229515545,0.0887962197884917,0.136851780768484,0.487669471022092,0.344405090553548,0.16792543842436,0,200,0.632362187559144,0.037953189318727,1.75566551764465,2.78349978753258,1.61948275079976,1.72454939702068,0.644896437743996,128,FALSE
"LNP_0253",109.304565167986,-6.81129039730877,0.327090466301888,0.570606646005887,0.361032783627409,0.0683605703667033,1,200,0.631098813874031,0.0352593984234029,2.09334580831399,3.40358477078561,1.52507415132478,1.64507144324081,3.40354529539453,129,FALSE
"LNP_0371",92.1844950178638,-7.18707621097565,0.235688601993024,0.423625064672124,0.428774424142699,0.147600511185177,1,200,0.629539050428048,0.0369923877560044,2.14647251201739,3.45436125707345,1.5717176928182,1.66110185576092,3.58317037944029,130,FALSE
"LNP_0279",57.4384513311088,2.70735153928399,0.224411362316459,0.558928414033196,0.367449797061879,0.0736217889049252,1,200,0.628391405694579,0.0373426763594755,2.03026591371629,3.34574598517712,1.7964230025386,2.3639096336307,1.36573912388689,131,FALSE
"LNP_0176",111.801787326112,1.74556248355657,0.319199548754841,0.620558547381224,0.313916978688472,0.0655244739303036,0,200,0.625449595733978,0.0381169975747448,1.96067523892242,2.98074060531935,1.65438568883369,2.05979166087195,1.46930284835785,132,FALSE
"LNP_0251",75.7216746453196,-4.44461365230381,0.430676020123065,0.493130659970418,0.373706285799071,0.133163054230511,0,200,0.625426816050726,0.0395948887076344,1.96816900044486,2.99062844022925,1.44515802914241,1.56579141724337,2.83404764312783,133,FALSE
"LNP_0044",86.884545092471,-4.46289855055511,0.308505705185235,0.462926571159543,0.381640265519021,0.155433163321436,0,200,0.622569116608856,0.0396133842589761,2.00246177086906,3.02157016765918,1.52390110839112,1.60400302040129,2.83213595365712,134,FALSE
"LNP_0239",65.2887222822756,-3.55228896252811,0.475608495529741,0.590972166269939,0.255762307438023,0.153265526292038,0,200,0.622230435147565,0.0380342011946992,1.8455417679566,2.87108197104587,1.42808869537577,1.53989801451789,2.39320685183225,135,FALSE
"LNP_0329",83.8391283759847,-3.20888971909881,0.104901849664748,0.544062459195528,0.309194064410752,0.14674347639372,0,200,0.621778294922488,0.0391522608223819,1.98571498061611,3.00706486569006,1.64662981841394,1.74014000926307,2.2086991643631,136,FALSE
"LNP_0200",107.286705821753,-2.88476868532598,0.254079437162727,0.45601612637294,0.316697875346611,0.227285998280449,0,200,0.621730416586333,0.0392608845188445,1.88687753697364,2.89754109811757,1.55586333594446,1.65482662503325,2.05675887554896,137,FALSE
"LNP_0050",135.782771534286,-2.29652790818363,0.497046269476414,0.5829056961992,0.339324719856376,0.0777695839444234,1,200,0.621530459725956,0.0387466368018679,1.49033166279772,2.8557651641545,1.40342962328759,1.54168979686221,1.13782309568639,138,TRUE
"LNP_0365",86.3300543511286,2.35852246638387,0.193398210033774,0.487781626853553,0.355636015533893,0.156582357612553,0,200,0.621184605938302,0.0377956964775737,2.11834219302392,3.12175850985784,1.77843293624962,2.27487391241898,1.7930599782764,139,FALSE
"LNP_0383",87.2709394432604,3.50724762305617,0.452969211526215,0.409844140525844,0.415664576052503,0.174491283421652,0,200,0.620950543163132,0.0384955404801363,2.23292325023867,3.21737526945275,1.70871060544166,2.47125841398577,2.35018573358887,140,FALSE
"LNP_0063",88.3969637798145,5.38571077398956,0.222524503525347,0.530603964549899,0.357634712586137,0.111761322863964,1,200,0.618348553081902,0.0364603157930915,2.52341009488482,3.80055996530937,2.01909233360389,3.08949882199061,2.7170719872639,141,FALSE
"LNP_0337",119.737376621924,4.07625900115818,0.3860321986489,0.537508499452362,0.281523965854169,0.180967534693469,1,200,0.618002162118844,0.0391125744117417,2.16939336609821,3.46079094784238,1.8048659964468,2.67114160815129,2.06864129804748,142,FALSE
"LNP_0095",82.0373242488131,-8.2327339798212,0.395499416813254,0.52494982877831,0.379286939935796,0.0957632312858943,1,200,0.617988863816934,0.040338667108723,2.06812860163418,3.38518432316114,1.46487986586244,1.56196796509322,4.11539676797318,143,FALSE
"LNP_0322",79.5895455405116,-3.77458381932229,0.235101122874767,0.493402656238745,0.388565883111519,0.118031460649735,0,200,0.617291465390761,0.03824909072402,1.94960622827308,2.96052672397884,1.57847365896968,1.66847356850963,2.4896117739201,144,FALSE
"LNP_0110",64.7094690939412,-2.51661224290729,0.364212920516729,0.461986430140889,0.412676152199454,0.125337417659658,0,200,0.616310355728606,0.0393074884420289,1.74305709341186,2.78371884869175,1.48797933462769,1.59575861564381,1.84140364198826,145,FALSE
"LNP_0247",89.8939824663103,5.90844040736556,0.328285277355462,0.582921515411359,0.352219026252407,0.0648594583362341,1,200,0.61617315419729,0.0389996774939168,2.56461110735173,3.80339548301422,1.98668629268961,3.17897034292403,2.94828003935584,146,FALSE
"LNP_0194",111.999331018887,-7.19792900141329,0.406466611474752,0.497815466110091,0.381709763201996,0.120474770687914,1,200,0.615723686432131,0.0364743429866036,1.95381317842639,3.27755636073652,1.46367594097662,1.56335363744006,3.60111398699668,147,FALSE
"LNP_0236",89.7151953307912,-3.68374421726912,0.117246912326664,0.519105619516955,0.35612072567371,0.124773654809336,0,200,0.615398298624396,0.0376045220651918,1.96215884876362,2.9823530037601,1.63184512626457,1.69914654003392,2.44143487839779,148,FALSE
"LNP_0226",89.5220134640113,5.12406702619046,0.116152305249125,0.553237212885416,0.258270141956793,0.188492645157791,1,200,0.615303006717315,0.0382136168522902,2.49370160855009,3.7437850468684,2.04676575294639,3.07405064453763,2.56874324692773,149,FALSE
"LNP_0033",119.070527842268,-1.05926010292023,0.279028056468815,0.526103895980711,0.336834552725656,0.137061551293632,0,200,0.614025317053984,0.0385759106136729,1.61219443577936,2.67754273882626,1.53345036913826,1.59929217627181,1.11818873288266,150,FALSE
"LNP_0323",64.7048324579373,2.11173682939261,0.466514343209565,0.440661798127747,0.37611804923628,0.183220152635972,0,200,0.613579079316402,0.0393239519133316,1.8694717908612,2.8870422899531,1.58331022524393,2.08012480468765,1.65317200338213,151,FALSE
"LNP_0211",98.204260552302,2.61547197122127,0.266618938092142,0.443404635241157,0.348146697846554,0.20844866691229,0,200,0.613432444903381,0.0391553804632491,2.09201699582433,3.08352386638184,1.76869964965908,2.32575632747023,1.91040100184883,152,FALSE
"LNP_0090",67.5052650272846,1.65479473304003,0.292050574626774,0.509572563725722,0.364921802242281,0.125505634031997,0,200,0.612499320934057,0.0396939596826645,1.86676676713389,2.89674728388655,1.67145897677023,2.0783004864181,1.4279077798015,153,FALSE
"LNP_0499",118.632494681515,4.19159709475935,0.358414888102561,0.476205595470471,0.401908567452223,0.121885837077307,1,200,0.612265480025166,0.04004281841743,2.15164872762552,3.45884920863151,1.82357070503409,2.71352729044339,2.11798421200484,154,FALSE
"LNP_0177",87.2238060226664,6.13388859201223,0.388020183146,0.529130848651279,0.346890109531985,0.123979041816737,1,200,0.611461883584215,0.0373154063910576,2.53488542678983,3.80469665191732,1.9626040094067,3.19995415638877,3.07956071915672,155,FALSE
"LNP_0216",120.085308747366,-2.31086768675596,0.425467345770448,0.562148730635013,0.2594447385601,0.178406530804887,0,200,0.61083492299674,0.0378153762176257,1.65864911978584,2.71934768180017,1.46178795631586,1.57004926836137,1.75797411883833,156,FALSE
"LNP_0231",111.835122737102,-1.66170900687575,0.101855260320008,0.5333098097568,0.364413687650513,0.102276502592688,0,200,0.608097537940537,0.0389931135844933,1.72874303814943,2.77963188932614,1.64884351835942,1.73039559968406,1.43000248414295,157,FALSE
"LNP_0289",55.462910910137,-4.33734605554491,0.238450817577541,0.490026566122159,0.351761705118817,0.158211728759025,1,200,0.607950967894723,0.0401575908359836,1.7111623313714,3.06251213470102,1.57531109800027,1.65144177488677,2.17947854021126,158,FALSE
"LNP_0276",123.518430581316,-4.98442932032049,0.321825271844864,0.427752623829865,0.406953778877659,0.165293597292476,1,200,0.607144278856119,0.0374803022865944,1.7172939897548,3.05655637312826,1.5124637950606,1.60127930598709,2.49069694504673,159,FALSE
"LNP_0325",60.3806688217446,4.86409830395132,0.490146005246788,0.540164965245126,0.38391429269259,0.0759207420622838,1,200,0.606308898171017,0.0405780742368404,2.16577256013541,3.45140391391044,1.78422014735685,2.78464010340447,2.43150418172281,160,FALSE
"LNP_0003",90.89769218117,-4.25799738615751,0.164073925372213,0.513411001439341,0.309582303117868,0.17700669544279,0,200,0.60509100529614,0.0386414718979042,1.93756996243795,2.95170680334289,1.62078521868739,1.70721178798432,2.74387552275111,161,FALSE
"LNP_0146",73.1161782052368,2.51487274188548,0.262250106688589,0.570819618744869,0.263329327633115,0.165851053622016,0,200,0.604802824034682,0.040037009287501,1.9946385332012,3.0187555960724,1.75060979782886,2.31231510259711,1.86476848526352,162,FALSE
"LNP_0052",94.2200074205175,-5.90122594032437,0.430686196126044,0.520627549686695,0.376806109422513,0.102566340890792,0,200,0.602186664893898,0.0361086428794532,1.92388271443139,2.93681471994799,1.44912123626647,1.54497999920051,3.54430957441625,163,FALSE
"LNP_0474",125.588725972921,-4.61183105129749,0.258372636139393,0.53075796171385,0.40186559458671,0.06737644369944,1,200,0.600245383488132,0.0402492052811491,1.66142287420984,3.00994857140004,1.5467219375097,1.65095808241277,2.31109598481122,164,FALSE
"LNP_0149",74.5723678031936,-3.98964777588844,0.231295465677977,0.465961151375302,0.391401758424996,0.142637090199703,0,200,0.599273776980257,0.0398119817996193,1.80693921480203,2.85254561590089,1.55835697621712,1.65560134087873,2.5916197902515,165,FALSE
"LNP_0299",59.9041829351336,-2.77067558839917,0.435562399309129,0.516768650223493,0.387085985139683,0.0961453646368242,0,200,0.599263352603775,0.0347648339402522,1.60508048354272,2.66853513465045,1.45114068302135,1.55960885590873,1.99307351642689,166,FALSE
"LNP_0473",92.7428280701861,6.39689335599542,0.393215997330844,0.527944754910154,0.368251442807204,0.103803802282642,1,200,0.598759923942334,0.0365635009680563,2.49128496553668,3.75747156823491,1.98225933390003,3.26995764284112,3.20140751883327,167,FALSE
"LNP_0273",57.2057123994455,3.5178000247106,0.281482556648552,0.485600254073133,0.368836179184451,0.145563566742416,1,200,0.598012877792181,0.036903962039239,1.94207252233869,3.26014952847349,1.82453946021454,2.57842018265735,1.75990950781564,168,FALSE
"LNP_0402",63.7067471398041,0.85196740925312,0.192261440306902,0.452679079694904,0.402329102649584,0.144991817655512,0,200,0.59780253385668,0.0392239669727364,1.63776089551319,2.6916226946635,1.67251407682917,1.91895990000665,1.0364054476934,169,FALSE
"LNP_0097",128.229430131614,0.167412594892085,0.496982123423368,0.468883084273227,0.416302698395389,0.114814217331384,0,200,0.597545088692483,0.0369483895600958,1.3135836600145,2.39668064273363,1.40529222308738,1.55027492705478,0.672001740743954,170,TRUE
"LNP_0214",117.437638808042,4.58721862640232,0.30315026845783,0.603630409775893,0.288552105875379,0.107817484348728,1,200,0.5973723940494,0.0380272915163378,2.1491547496397,3.45530620167019,1.89821920822207,2.83734025780932,2.31155514894514,171,FALSE
"LNP_0169",91.274611861445,2.94114700052887,0.159764998219907,0.468484509790862,0.409996032057004,0.121519458152134,0,200,0.596745531991977,0.0389953623524313,2.05389980356498,3.07300184253498,1.83570616562878,2.45122554940942,2.05385238675739,172,FALSE
"LNP_0292",60.0721582304686,0.850632274523377,0.310509027726948,0.394722221137719,0.473398704078913,0.131879074783368,0,200,0.596215723619236,0.039217808127301,1.54774566408063,2.60235642597733,1.57736147541109,1.8280562229351,1.03568431602154,173,FALSE
"LNP_0313",121.327900071628,-2.73476866539568,0.43847830304876,0.532550370470338,0.314375241203624,0.153074388326038,0,200,0.595864014880854,0.0384501239180495,1.56776049815894,2.63089302568957,1.44151073776392,1.55393530318806,1.96715201586531,174,FALSE
"LNP_0287",56.4928299980238,-5.93165796715766,0.394223361462355,0.52156188037499,0.315388153447253,0.163049966177757,1,200,0.595613737184203,0.0387570389098314,1.69198069646794,3.04628370247559,1.4801461332223,1.5823886161824,2.97750196735659,175,FALSE
"LNP_0175",116.828464972787,-1.59130197949708,0.186664855573326,0.457978931265151,0.47227188358147,0.0697491851533791,0,200,0.594839844571938,0.0379425419966471,1.58080792687089,2.63300644100039,1.60091304478167,1.68122308202886,1.38906771055635,176,FALSE
"LNP_0026",120.853046816774,3.58026831410825,0.227425237558782,0.416826286382332,0.353930556983544,0.229243156634124,1,200,0.594788439725628,0.0377561536808944,1.96008929996461,3.27559347084628,1.87011726003193,2.62283445617236,1.78230775109905,177,FALSE
"LNP_0073",121.018240135163,1.74922734033316,0.451216709893197,0.532364673457277,0.361220738488052,0.106414588054672,0,200,0.593693919418135,0.0370392779461609,1.65334126464165,2.69427639641184,1.57258526664774,2.00238771388216,1.47118903337516,178,FALSE
"LNP_0266",107.651902129874,-7.1169536979869,0.126224283408374,0.620402539709337,0.263498981637073,0.11609847865359,1,200,0.59332756768735,0.0359389376724594,1.91281015632411,3.21488004616515,1.62291081651973,1.7177181513277,3.55094197748722,179,FALSE
"LNP_0367",69.3378679919988,-6.85409426689148,0.163768534734845,0.49517163582014,0.343134401933652,0.161693962246208,1,200,0.591770704355596,0.0391397427589031,1.84251706862583,3.17559092918056,1.59916582862229,1.66838640494276,3.42583957343016,180,FALSE
"LNP_0448",64.7084108553827,-3.16371111664921,0.276992773357779,0.554915681635508,0.281882531881815,0.163201786482678,0,200,0.591463345722193,0.0371281412385644,1.66127437257365,2.7040880330905,1.55194592281343,1.62617050831647,2.17595559955343,181,FALSE
"LNP_0256",128.529167128727,-0.203258967958391,0.446386833209544,0.534710248666578,0.334627889566723,0.130661861766699,0,200,0.591058506345826,0.0391061154766039,1.27553056631213,2.36644902188473,1.42780932437801,1.53037046704544,0.69968279073637,182,TRUE
"LNP_0460",62.4742088606581,-1.48189731873572,0.147535428311676,0.491572409407605,0.43001771642779,0.0784098741646055,0,200,0.590437443952557,0.0389879689349992,1.54856238024395,2.60249672328918,1.61099555695636,1.6993127493608,1.34128190845133,183,FALSE
"LNP_0012",95.3334156190977,-8.34937636740506,0.236373748071492,0.599301808940134,0.308697270639845,0.0920009204200208,1,200,0.589309670058493,0.0381326047546456,1.94190686464424,3.2545995559911,1.56436052134278,1.6455468442925,4.17189745441821,184,FALSE
"LNP_0023",114.05068137683,-3.75774416141212,0.334226230531931,0.463912919142519,0.39141528807135,0.144671792786131,0,200,0.589079558981634,0.0394781953215782,1.66191130444991,2.71425898899644,1.50895183783309,1.60681203181931,2.45428717330791,185,FALSE
"LNP_0259",97.1576277632266,-9.26591280382127,0.492617262993008,0.522818880203981,0.296199675659519,0.180981444136501,1,200,0.586066451584614,0.0360667624706349,1.88275326858853,3.20822292424188,1.41618622775927,1.52334273922324,4.63541415426192,186,FALSE
"LNP_0381",108.490009349771,-7.85410690121353,0.285429505538195,0.556151705911051,0.320824343912402,0.123023950176547,1,200,0.584776484467631,0.0384073635786293,1.83849053731418,3.16779711853473,1.53488735837046,1.624559271348,3.94512657593646,187,FALSE
"LNP_0487",62.7705687889829,-7.24283268675208,0.398715164978057,0.480046473152281,0.310200189014604,0.209753337833115,1,200,0.584564442259909,0.039411441767971,1.72219613017845,3.06708302398251,1.46638747286878,1.58546627497279,3.61715157876866,188,FALSE
"LNP_0405",89.5448859082535,3.36647287011147,0.197650035470724,0.457822096259145,0.383191791946701,0.158986111794154,0,200,0.584136661800348,0.0402928750280596,2.04120399657102,3.06676612801334,1.85929532970868,2.56544309239047,2.28493776875106,189,FALSE
"LNP_0233",104.208036721684,2.94694031123072,0.230081257224083,0.403048346151259,0.387896714524762,0.209054939323979,0,200,0.583649835339902,0.0374019586687947,1.91751625182337,2.95306924265831,1.78683003559789,2.42054910407643,2.07251574214193,190,FALSE
"LNP_0317",133.570883702487,-4.09981457516551,0.411627547442913,0.604427990131998,0.32769997485627,0.0678720350117318,1,200,0.582976816535618,0.0385232457624208,1.3917377507095,2.7726619076264,1.44760253687764,1.55202013139918,2.05361664783022,191,FALSE
"LNP_0342",61.9404779979959,4.72668058238924,0.282607272826135,0.545361790237602,0.326084564455401,0.128553645306998,1,200,0.581389685342475,0.0417580253144574,2.05754275547329,3.35844847931134,1.91333517995381,2.86668481164495,2.37311654584822,192,FALSE
"LNP_0101",109.998895926401,-5.25540605187416,0.420367139484733,0.525687293721337,0.387687653039205,0.0866250532394586,0,200,0.581041884744671,0.0345335598612969,1.69877496583936,2.75421279899732,1.45069410536076,1.56796378583422,3.22390166644336,193,FALSE
"LNP_0105",98.29023971688,-6.52032366488129,0.446661483310163,0.547673005718966,0.383906036644119,0.0684209576369152,0,200,0.578860312827646,0.0388931907027571,1.78858429075157,2.84839655329301,1.4330620748594,1.56670517116659,3.86492420523481,194,FALSE
"LNP_0197",90.6832593260333,-6.69948215596378,0.452493825927377,0.557192212896456,0.367679776221442,0.0751280108821017,0,200,0.578045293480511,0.0376611822213202,1.8067387259879,2.84673426772261,1.43690273855022,1.54671058354667,3.97825651761448,195,FALSE
"LNP_0484",118.774268566631,2.54221401177347,0.425540209654719,0.513963447226088,0.385380176701522,0.100656376072389,0,200,0.575896933010413,0.0367962207202263,1.69250664011044,2.74753534706648,1.6537432271613,2.23592883142855,1.86785322336015,196,FALSE
"LNP_0252",72.1787934657186,-5.01186829525977,0.304288430139422,0.519044247546957,0.417717672691086,0.0632380797619571,0,200,0.575109845790944,0.0374641928609762,1.70839505976298,2.74085580915196,1.5382665211882,1.63710450960775,3.11208068761052,197,FALSE
"LNP_0129",64.1906907781959,-2.75196575094014,0.147108144219965,0.536162306227207,0.359842365737148,0.103995328035645,0,200,0.57470773349718,0.0392128860857935,1.55090046643621,2.59217810450928,1.60867612691308,1.68742581049914,1.99975922437265,198,FALSE
"LNP_0019",82.7920719282702,-8.74700003303587,0.28737284746021,0.505925655899647,0.350349488378529,0.143724855721824,1,200,0.573992486251612,0.0376861732223985,1.83632954659468,3.16984879979111,1.52138738611862,1.64545949646057,4.39643926296252,199,FALSE
"LNP_0359",82.3344993172213,-8.49709646776319,0.197623691242188,0.562326628355759,0.319611970174203,0.118061401470038,1,200,0.573057385236446,0.0383123928076613,1.83023975869561,3.17032768310442,1.56527978252245,1.66317356771952,4.25060027046488,200,FALSE
"LNP_0165",85.5445380788296,-5.29462283942848,0.14747612895444,0.534324871190036,0.360188127952171,0.105487000857793,0,200,0.572880846096669,0.0378735169566485,1.76561150051031,2.80441526441654,1.60356665142095,1.69136668597189,3.24592935845824,201,FALSE
"LNP_0488",117.822385742329,-6.93490243982524,0.267725408636034,0.495232733624474,0.40150322913417,0.103264037241355,1,200,0.570786721555126,0.0395607455717587,1.64158350518165,2.99842617068301,1.53945196504915,1.63803184553377,3.46314411457662,202,FALSE
"LNP_0098",59.359498671256,-3.25010005384684,0.349821194913238,0.441204599166456,0.372523691057557,0.186271709775987,0,200,0.568711249507115,0.0379944883112479,1.44592492412529,2.52297912072879,1.49131629217827,1.60031534334553,2.22178522729472,203,FALSE
"LNP_0170",76.5686686849222,-6.52964507695287,0.488972803670913,0.50917606551482,0.407420053077333,0.0834038814078471,0,200,0.568671388750105,0.0411280085552727,1.70596622944032,2.73853758205404,1.40606637538468,1.56088901123014,3.88115782901025,204,FALSE
"LNP_0310",99.2293328745291,3.35280462633818,0.13984877448529,0.486085338876006,0.319361811317032,0.194552849806963,0,200,0.568095336797891,0.0394641479476907,1.93716975657982,2.95449215793146,1.87991359758415,2.58077909495405,2.27786832114925,205,FALSE
"LNP_0179",137.468234286644,-0.811506565660238,0.137600557040423,0.585137348344757,0.299348882033279,0.115513769621964,1,200,0.567887300364163,0.037058019460438,1.11145981530251,2.51162762831679,1.63014859003267,1.70042157519238,0.409257901104965,206,FALSE
"LNP_0300",129.883161117323,-4.81510317884386,0.327619536966085,0.441042232775233,0.389223669287049,0.169734097937717,1,200,0.565837388625126,0.0389131448035517,1.38627643160258,2.76404577721303,1.51076498305539,1.62770717459357,2.41996988969503,207,FALSE
"LNP_0103",98.8613033667207,-5.48363153357059,0.186819189880043,0.484086029117746,0.391819113913739,0.124094856968515,0,200,0.564477713492567,0.0399704357916358,1.70032133696404,2.73900799000293,1.57851100250651,1.67092586066729,3.34176033222753,208,FALSE
"LNP_0495",58.6940167937428,1.30930761341006,0.225865044258535,0.395562267233499,0.416400247233389,0.188037485533112,0,200,0.558321454597285,0.0372236608853694,1.39166721402925,2.46290148992003,1.67132048406682,1.9901817596744,1.25494681778713,209,FALSE
"LNP_0475",116.238550655544,-4.34299170970917,0.284595137927681,0.552491199830619,0.320999510955145,0.126509289214236,0,200,0.558280955304414,0.0373654107137714,1.51380558203724,2.58072493453759,1.54718934039589,1.63673383716949,2.77515690940834,210,FALSE
"LNP_0163",114.998515881598,-7.653375454247,0.283696326892823,0.438602619451913,0.393852895946518,0.167544484601569,1,200,0.558160785420651,0.038401179012475,1.60443202891779,2.96675641860498,1.52807107767971,1.63859270895188,3.82262445032331,211,FALSE
"LNP_0263",117.418684251606,1.50871339719743,0.112702928297222,0.44312162979429,0.387595706348563,0.169282663857147,0,200,0.556830886498436,0.0399301344263275,1.48925396763064,2.55392297942055,1.76342650259066,2.12330371183154,1.36621787417373,212,FALSE
"LNP_0452",84.9801792763174,-6.88251698855311,0.39433505050838,0.53983006800923,0.317440389182034,0.142729542808736,0,200,0.556814665627852,0.0379710441208396,1.69344532066913,2.73516987770697,1.47609155031448,1.58237265697978,4.06428931853578,213,FALSE
"LNP_0059",139.50453591533,0.196857987903059,0.215306481905282,0.460776373735029,0.414854539164513,0.124369087100457,1,200,0.555761130462406,0.0421088982380571,0.957192350587936,2.36247969996602,1.60405650013997,1.71375502377649,0.141726615858512,214,FALSE
"LNP_0060",87.4462775886059,-9.67679038178176,0.386312383413315,0.560056841829426,0.360392542751438,0.0795506154191367,1,200,0.553510999591351,0.0384638616713341,1.72112716441554,3.05368427947025,1.46877894052007,1.58249008089213,4.85807171738659,215,FALSE
"LNP_0074",50.0624773325399,-1.53072698041797,0.420190549548715,0.495180959303029,0.371732865951869,0.133086174745102,0,200,0.553202413017114,0.0385296097622908,1.12336156919474,2.23881287553901,1.44448938496037,1.55876186207511,1.37398408251493,216,FALSE
"LNP_0298",60.3599644964561,-4.38869650475681,0.393379421997815,0.507015918713555,0.365677718016265,0.12730636327018,0,200,0.550887767303504,0.0397459940878823,1.40420319958661,2.48620202248461,1.4850210384226,1.56797096041065,2.79618092136456,217,FALSE
"LNP_0409",83.9312580181286,6.40949024353176,0.134468876942992,0.508145797260696,0.395910904311589,0.0959432984277152,1,200,0.550349572444951,0.0359172453668322,2.23024600609387,3.52839642851652,2.13095184995639,3.3823676927538,3.20109491374545,218,FALSE
"LNP_0178",102.983568585478,-5.96009582281113,0.258898402098566,0.460076118534873,0.378735689552947,0.16118819191218,0,200,0.549521349323562,0.0367822337954033,1.60036716754559,2.65591036803077,1.55323240383023,1.62996917252899,3.57417832473006,219,FALSE
"LNP_0115",122.059627342969,1.67877691332251,0.219649110268801,0.551025709618178,0.327519366553389,0.121454923828434,0,200,0.549472560573574,0.0397297442206863,1.41244844357462,2.49655781112586,1.71508661224663,2.10681599241636,1.45761323663945,220,FALSE
"LNP_0164",87.4713956611231,4.25373109988868,0.196600900031626,0.521985872583448,0.399551827082992,0.0784623003335604,0,200,0.548772804964368,0.0403545025219959,1.96592224879436,2.98510108709686,1.93983108751357,2.81445218371647,2.72684805519267,221,FALSE
"LNP_0064",77.438364457339,-5.97838767804205,0.247962910681963,0.432196958046118,0.44505412611856,0.122748915835322,0,200,0.547536565448683,0.0380191040400214,1.59130978194792,2.65290339196182,1.5572528612423,1.63604663641988,3.59558588350366,222,FALSE
"LNP_0407",120.650190114975,5.25501178577542,0.318921071011573,0.508315737949552,0.301515003255996,0.190169258794452,1,200,0.545245050847377,0.0382921492563346,1.86657167958848,3.18020189868379,1.92749161251733,2.98578112268126,2.63405323464798,223,FALSE
"LNP_0438",98.7032569944859,7.46302735060453,0.444666981697083,0.528193881168458,0.368890294205771,0.102915824625771,1,200,0.544801168384543,0.0375013372965085,2.27633524597154,3.55883174371208,2.03408465522321,3.5478619004907,3.73653382149618,224,FALSE
"LNP_0057",62.7531650243327,3.31470285076648,0.363679170329124,0.509604205644401,0.374436498754448,0.115959295601151,0,200,0.544210908652632,0.0408099423616223,1.62885998937073,2.6848297920739,1.73900590344064,2.47644777467329,2.23101861483021,225,FALSE
"LNP_0188",106.459043477662,-6.58603489398956,0.415388771612197,0.458184175459626,0.366475472889523,0.17534035165085,0,200,0.54400656885721,0.0402500127812918,1.53853552896894,2.60620615247277,1.45072894800659,1.55219607743239,3.91173407541846,226,FALSE
"LNP_0309",95.2458394225687,4.97585762292147,0.373843478504568,0.496875980268848,0.381371272840623,0.121752746890528,0,200,0.543380805309745,0.0386790620021965,1.98009184352529,2.99435700931213,1.88044725251349,2.89882654890347,3.09077683423205,227,FALSE
"LNP_0450",117.333248141222,-3.91895061824471,0.208097240142524,0.460090295400765,0.406390611478725,0.133519093120511,0,200,0.54303264764118,0.0392433218477403,1.38707181975532,2.47096047400109,1.59121664218895,1.66996160468554,2.5568919081905,228,FALSE
"LNP_0006",54.5556499389932,-6.43972370773554,0.291154725011438,0.498119430753619,0.380106809545963,0.121773759700418,1,200,0.542983460379382,0.0386515632298789,1.37373563439825,2.75707904355973,1.53858906644499,1.62718584346058,3.20951756068566,229,FALSE
"LNP_0036",97.7795971091837,4.78063371032476,0.319197713304311,0.472191519768515,0.454789225994785,0.0730192542366995,0,200,0.541944837772742,0.0382825898155544,1.93465381979289,2.95704686891107,1.87784648048495,2.85651594579066,2.98132083297941,230,FALSE
"LNP_0051",54.5831166673452,-3.44805201981217,0.38354215528816,0.539014018914729,0.334879829793473,0.126106151291798,0,200,0.541828944012425,0.0355343085982609,1.23169271545449,2.3260335815677,1.45793451345561,1.57590786064675,2.32655679072262,231,FALSE
"LNP_0136",115.983844967559,-5.60033644549549,0.400977685395628,0.572908308036145,0.362362631821846,0.0647290601420089,0,200,0.541755223371273,0.0383576365085101,1.44496749860886,2.51531905852493,1.46641761997287,1.5740242685063,3.42218707039281,232,FALSE
"LNP_0385",103.76771830488,4.90683684591204,0.453316476661712,0.402516539116349,0.497943132326687,0.0995403285569632,0,200,0.541203040478581,0.0399524145091789,1.89623728894453,2.92511953551459,1.81325255322153,2.8240260850672,3.06116198965521,233,FALSE
"LNP_0432",106.364468345419,-5.9180823341012,0.220141668710858,0.535225099038501,0.382391722134795,0.082383178826704,0,200,0.539929964218341,0.0362424982313864,1.53166509388648,2.58589058326724,1.55437900921761,1.65176757799875,3.55912333349956,234,FALSE
"LNP_0470",131.039806618355,-0.432611065916717,0.285184600111097,0.585288750464472,0.308553245349096,0.106158004186431,0,200,0.539516914861885,0.0404651819668114,0.989782735507329,2.1024094875536,1.52941138881364,1.637804623561,0.831483575542219,235,FALSE
"LNP_0348",88.8319115154445,-9.81640108395368,0.360075634624809,0.497776846864783,0.393489898061815,0.108733255073401,1,200,0.539003200814825,0.038370342726601,1.63347413839848,2.97765433345129,1.48905457942936,1.60445121686128,4.90249643685029,236,FALSE
"LNP_0166",103.368794545531,-8.50086497608572,0.128987659886479,0.427782895564234,0.427105668749955,0.145111435685811,1,200,0.53661043765014,0.0408895477701543,1.58882359837438,2.95213325849798,1.62523356633799,1.68426915979454,4.25422558436324,237,FALSE
"LNP_0443",123.170765885152,-2.21659353934228,0.116786727588624,0.505878536781589,0.402702763450364,0.0914186997680462,0,200,0.534638616187205,0.0395074854645809,1.21196942160011,2.30930175888265,1.64210266962824,1.73888831968818,1.72057375273,238,FALSE
"LNP_0392",79.6302175382152,5.13300265651196,0.37127909110859,0.573319905555194,0.241740760134873,0.184939334309933,0,200,0.534440935814414,0.0379497730166563,1.9327523689558,2.96710274380418,1.88393931816338,2.94395446577424,3.16212951814816,239,FALSE
"LNP_0116",64.2294295597821,5.63646130263805,0.197723299823701,0.496300128746222,0.32542639776826,0.178273473485518,1,200,0.532908775795332,0.0400900558321645,1.92640262861556,3.24461447441739,2.05481698481499,3.18154790705685,2.80831735391611,240,FALSE
"LNP_0394",128.568783425726,0.930455885827541,0.250923976767808,0.559789602034662,0.360942677076077,0.0792677208892611,0,200,0.532588855006651,0.0385633158937811,1.10809244318698,2.20723759422371,1.63390741524374,1.87728079522409,1.08510476082422,241,FALSE
"LNP_0209",67.0645235106349,-6.2825396982953,0.414139447361231,0.527463264583636,0.320235171620402,0.152301563795962,0,200,0.532420432393801,0.0382461083025604,1.4259036930345,2.49978887728471,1.4570036153078,1.56772181943709,3.74480029951675,242,FALSE
"LNP_0433",82.9547413391992,5.41245922911912,0.419189052470028,0.489536002420157,0.345850923414687,0.164613074165156,0,200,0.531165651094554,0.0403128850864472,1.95132638362533,2.97680734878072,1.88314862883726,2.99394556144076,3.31787489628656,243,FALSE
"LNP_0083",91.7646779678762,7.08199955057353,0.227856847736985,0.401150983881274,0.40159674687564,0.197252269243086,1,200,0.527527729151536,0.0393974809911507,2.15258336918106,3.45676511304609,2.1256480928609,3.52747687976047,3.54688511594992,244,FALSE
"LNP_0243",67.1698493883014,-9.01271405629814,0.349962214753032,0.597858618297185,0.323903811553434,0.0782375701493813,1,200,0.526608809398744,0.037033556952987,1.46796327447998,2.83834488367713,1.50388110896696,1.60012171417998,4.51471042504869,245,FALSE
"LNP_0461",147.472580848262,0.163161694072187,0.483580158650875,0.556838496287352,0.269763949532615,0.173397554180033,1,200,0.524961940794234,0.038420432309405,0.563667575727,2.02694141445391,1.41993203515783,1.58603394472914,0.115394323077159,246,TRUE
"LNP_0301",128.457526653074,-0.586363328620791,0.110512335319072,0.482953347786628,0.429096373637517,0.0879502785758547,0,200,0.523355300663392,0.0374136684207041,0.941009720841647,2.07840383408699,1.6274902202818,1.68523336683585,0.897124321230943,247,FALSE
"LNP_0237",69.7744736680761,6.08512558508664,0.144271515030414,0.418466082522329,0.431990460770353,0.149543456707319,1,200,0.522927541994235,0.0422496265963235,1.95511423158431,3.2921892786957,2.11451683895584,3.30927875650432,3.04528682039092,248,FALSE
"LNP_0147",73.9099955651909,4.91272434592247,0.350267326179892,0.519157798473837,0.29082720393817,0.190014997587993,0,200,0.52144698809036,0.0400458949142733,1.80174937453075,2.84509735829184,1.88292255034656,2.88866823421216,3.07532488574118,249,FALSE
"LNP_0447",126.039953622967,-1.89167009666562,0.12523749647662,0.478247856173742,0.376750714244505,0.145001429581752,0,200,0.521267482959996,0.0389166606984237,1.06072482821555,2.16652262672674,1.62742281654652,1.71026504886124,1.54600374758885,250,FALSE
"LNP_0315",85.4783097514883,5.50594459287822,0.381951140239835,0.45683983315216,0.361386051832971,0.181774115014869,0,200,0.520159897068588,0.0389663872594893,1.90236978832625,2.93868642453492,1.92065561793213,3.02912870542742,3.35558782103465,251,FALSE
"LNP_0217",85.1888638455421,-9.86332982312888,0.252871664054692,0.581841592757703,0.319317350202144,0.0988410570401534,1,200,0.519139046404196,0.0391175682778928,1.53547091711428,2.88559898929826,1.55837964751115,1.62840654728728,4.94319790825511,252,FALSE
"LNP_0275",127.033407427371,-7.43871160782874,0.449092418514192,0.426499883986067,0.439166252239331,0.134333863774602,1,200,0.518515614283538,0.0395726251862732,1.19025065611193,2.59205924785469,1.42665049870324,1.53854524606921,3.71766892086345,253,FALSE
"LNP_0086",93.4892741497606,-6.97323657106608,0.208756082039326,0.496918669074808,0.37099141638391,0.132089914541282,0,200,0.518361963872447,0.0386683390408564,1.49580902231468,2.57952277051733,1.60212240526025,1.70491485167333,4.07504366218215,254,FALSE
"LNP_0321",135.376337380148,3.77442240249366,0.422443790454417,0.536199058637525,0.348374807913667,0.115426133448807,1,200,0.516548680360787,0.0389452737562627,1.29125673622831,2.68193313608133,1.76454928454691,2.55921253294234,1.89953550476008,255,FALSE
"LNP_0061",116.511519462802,-9.04580030124635,0.391013453248888,0.596791156971766,0.297450803968802,0.105758039059432,1,200,0.516492833056073,0.0373606756548966,1.36957980247129,2.75486932084197,1.48260359465365,1.58262943803044,4.5103619554997,256,FALSE
"LNP_0223",122.839442826807,4.85078264493495,0.144675202574581,0.471760932099735,0.401349141120631,0.126889926779634,1,200,0.516377772582732,0.0401715321558726,1.64340506183799,2.98533343406117,2.00459688311542,2.96646848569076,2.4348115516739,257,FALSE
"LNP_0067",131.00643530488,-2.09492477122694,0.320369091629982,0.509160024541382,0.421751345242357,0.0690886302162614,0,200,0.515858438919577,0.0389281725096324,0.931380583148045,2.0663975300438,1.50587366542741,1.60031206396897,1.64455804906432,258,FALSE
"LNP_0302",50.9429905097932,-2.68309053499252,0.294450891297311,0.499571771505366,0.381573757667517,0.118854470827117,0,200,0.513764104745333,0.037429180270513,0.995331594179452,2.12077613711104,1.53597045872867,1.60904832471179,1.95462877223569,259,FALSE
"LNP_0426",112.625694740564,3.68972945958376,0.139738531969488,0.51841368706957,0.407146265126652,0.0744400478037776,0,200,0.513008059500654,0.0398606207001217,1.57267839770879,2.63311505491756,1.90427922623206,2.65741142800201,2.44801978540164,260,FALSE
"LNP_0084",128.819583402947,-2.64208104461432,0.265422025695443,0.522911409115419,0.377709430978476,0.0993791599061049,0,200,0.512269462475877,0.0385826013790251,0.995133506686285,2.11697063540826,1.5495126925574,1.63771214722414,1.92773677999767,261,FALSE
"LNP_0469",78.2852399628609,5.24056664668024,0.291059448756278,0.583361491699116,0.333655336077519,0.0829831722233649,0,200,0.512176288660088,0.0402746505127387,1.82897343753257,2.85859207620171,1.94744601404517,2.99936468453338,3.22826734700603,262,FALSE
"LNP_0363",139.673868264072,2.9488428728655,0.434791164379567,0.510948986733361,0.408823811683239,0.0802272015834003,1,200,0.510905801734593,0.040403150018711,1.06035979783583,2.46015289307448,1.67165318650963,2.34166676087096,1.47652367796845,263,FALSE
"LNP_0112",80.1228899974376,-8.06732513941824,0.430532631464303,0.567023421442821,0.326005156387714,0.106971422169465,0,200,0.510164868066771,0.0393623357340966,1.41757173713238,2.49157487005142,1.44904814507444,1.5655254393841,4.63863098037566,264,FALSE
"LNP_0042",91.4546335814521,-8.16710610408336,0.387834913097322,0.602822754005459,0.316125916766126,0.0810513292284159,0,200,0.509558780122083,0.0393989179262073,1.45147981251197,2.52169858965716,1.48136885502679,1.60053835001966,4.69240142630274,265,FALSE
"LNP_0294",138.044056878425,-0.211443919688463,0.439243072178215,0.551749202372762,0.329997195975107,0.118253601652131,0,200,0.506516694470806,0.0387037476242673,0.627299431665593,1.78798726822257,1.44161306638081,1.54705342511016,0.693971672923852,266,TRUE
"LNP_0048",96.5962450252846,7.08729492966086,0.105243286397308,0.485606644526598,0.308478752080757,0.205914603392645,1,200,0.50644193132878,0.0388576041212518,2.04848945287484,3.35284450431665,2.20549568889251,3.57258519100838,3.53348795000085,267,FALSE
"LNP_0135",102.113572577946,-7.91842727921903,0.388523706514388,0.56411198777368,0.380019649692243,0.0558683625340766,0,200,0.506233954042899,0.0392506561389911,1.38380877704383,2.4378116193549,1.46097842329342,1.55826542795205,4.55504653748068,268,FALSE
"LNP_0028",109.414202044718,-9.48946603108197,0.282195583172142,0.515606145134976,0.414490143206799,0.0699037116582253,1,200,0.505478653811104,0.0415303445089854,1.35840450141134,2.73850072292359,1.51632909041946,1.60519717155697,4.75536677409213,269,FALSE
"LNP_0148",57.6691165333614,-8.29243085347116,0.351361921522766,0.577163088606467,0.332391644814403,0.0904452665791299,1,200,0.504716080711593,0.0379415198417519,1.22318077572593,2.61630230215671,1.49251510003671,1.60456983581164,4.15073133263146,270,FALSE
"LNP_0150",123.213520552963,2.29124314617366,0.155563796777278,0.453255698005134,0.473188359502969,0.0735559424918964,0,200,0.504118445228375,0.0386489350930538,1.21483705807575,2.32234142045246,1.79918715964117,2.29777010353349,1.76078235800285,271,FALSE
"LNP_0037",125.845953752287,-3.02561012562364,0.159697685483843,0.471513046317991,0.396059978227667,0.132426975454342,0,200,0.50372224448885,0.0395601460926159,1.00969535760916,2.12725592226354,1.60730539278905,1.67856473537786,2.11262689014545,272,FALSE
"LNP_0011",145.683334534988,-0.705724516883492,0.284839543141425,0.483861101137589,0.439104709760667,0.0770341891017439,1,200,0.502526375373007,0.0403155873106701,0.514411312653923,1.98080530273412,1.53034105854925,1.616127168745,0.383303525742316,273,FALSE
"LNP_0203",110.136572597548,-9.53711015637964,0.295636599417776,0.497997300716038,0.436312314073861,0.065690385210101,1,200,0.499825487908333,0.0374200369739753,1.3206750647709,2.70981706535181,1.52573428999973,1.60602736038333,4.76640151243172,274,FALSE
"LNP_0429",66.0475092474371,-7.25512764882296,0.470109146367759,0.497859894252592,0.348438896341085,0.153701209406323,0,200,0.499243615551056,0.0401368659702265,1.22425521890603,2.34218491925402,1.41819329213511,1.53907659010107,4.24287926115972,275,FALSE
"LNP_0264",145.016697933897,-0.354841770604253,0.158569417707622,0.554062575711927,0.321718029415738,0.124219394872335,1,200,0.496221711106589,0.0380872580535697,0.494944944825646,1.96641090650422,1.61017618046108,1.68653364748372,0.198486405968942,276,FALSE
"LNP_0049",76.5972640365362,6.0447643417865,0.446999787446111,0.570445301968376,0.295053377636169,0.134501320395455,0,200,0.495587817754738,0.0392546590899239,1.79845395405423,2.82137884757325,1.92453831409911,3.14872997866143,3.60326016134811,277,FALSE
"LNP_0296",131.66058876086,-1.8473868444562,0.221330068353564,0.515011077836462,0.35397528953416,0.131013632629378,0,200,0.495095428758658,0.0382988649865307,0.803986628210033,1.94753085880509,1.57089275251904,1.66129228000268,1.53107352461748,278,FALSE
"LNP_0393",122.598302690312,3.39207091834396,0.274194720201194,0.53627381818931,0.390926433489867,0.072799748320823,0,200,0.49148400755443,0.0372306604283699,1.28683937595239,2.3725089157608,1.81328595289184,2.51631957615751,2.29576124516912,279,FALSE
"LNP_0332",78.6285348702222,5.43818964622915,0.228140847291797,0.526764353435499,0.323939363525703,0.149296283038798,0,200,0.490420423804152,0.0395757104709872,1.72319643120179,2.76455344997288,1.99382467697695,3.07817551508806,3.31300605818743,280,FALSE
"LNP_0168",72.1102937823161,-6.85664349701256,0.214783047698438,0.435874566019045,0.436249713910259,0.127875720070696,0,200,0.490037979769695,0.0382301730395513,1.25087480828986,2.34046504777864,1.58271915580534,1.67423104589764,4.01753133130953,281,FALSE
"LNP_0391",147.709899628535,1.3130868691951,0.497206205129623,0.529635774437,0.396302664257492,0.074061561305508,1,200,0.489616785979686,0.0357823965060809,0.528112469695809,1.98392845499253,1.51496118972012,1.88339920117637,0.659988412972792,282,FALSE
"LNP_0081",74.3619472719729,7.5734804244712,0.256932501588017,0.537250366453128,0.293735003849609,0.169014629697263,1,200,0.488182424768773,0.0366656694818089,1.94246934028973,3.27160597102668,2.16371614861177,3.636995877467,3.7934483889842,283,FALSE
"LNP_0420",52.799257193692,-3.60893541015685,0.234519280865788,0.449504216998868,0.369678945333848,0.180816837667285,0,200,0.488094922684591,0.0376160700231294,0.931316222132007,2.04568991373138,1.57224779583658,1.68392759316639,2.42507383498639,284,FALSE
"LNP_0334",133.405430917628,4.4168070005253,0.346937763318419,0.415508150146442,0.406594866829135,0.177896983024423,1,200,0.487980268400334,0.0392615761667735,1.21812221383876,2.62469869374395,1.84409589635592,2.74335511780046,2.20190137416754,285,FALSE
"LNP_0258",90.4399181017652,7.76743170339614,0.197828272823244,0.470691921299563,0.332523551220336,0.1967845274801,1,200,0.487388170037236,0.0376382134476535,2.00951206081339,3.32663457767028,2.20394979221955,3.7445797271749,3.8984199200468,286,FALSE
"LNP_0389",59.4962413189933,-4.81146659702063,0.124335222505033,0.498313943113877,0.333967020552687,0.167719036333436,0,200,0.486673274404018,0.0393134970273337,1.06417857189749,2.17349184937306,1.62653158620903,1.68930067861592,3.01717989893398,287,FALSE
"LNP_0171",112.997305346653,-9.59851981606334,0.26420575613156,0.600008915190201,0.334760125573846,0.0652309592359534,1,200,0.486665044311283,0.0366686309903462,1.24033606803117,2.65009626361717,1.54623837218146,1.64468539930031,4.78736645248966,288,FALSE
"LNP_0436",111.267196526751,-6.82623204775155,0.252635878045112,0.458246752166746,0.418514591459732,0.123238656373521,0,200,0.485950258881008,0.0378007529269549,1.19857585072316,2.29391110797856,1.55198954094033,1.6615857876412,4.02449255140783,289,FALSE
"LNP_0092",115.310192503966,-8.78435550257564,0.131602272670716,0.543735165702823,0.295056819521303,0.161208014775875,1,200,0.485146048367592,0.0400604786914915,1.22454553049614,2.61623566665705,1.63134318235585,1.69450400970832,4.39886896673861,290,FALSE
"LNP_0096",68.7691119266674,7.61528229806572,0.402839413378388,0.3909207501613,0.422249134045494,0.186830115793206,1,200,0.483345366578857,0.0390201807598225,1.83434742994234,3.1688341485075,2.06806816711391,3.56689732844197,3.80832662450993,291,FALSE
"LNP_0131",111.925648339093,5.18270678818226,0.316102473158389,0.558678043654491,0.288117622935703,0.153204333409806,0,200,0.483316454555652,0.0387026142787551,1.58403748937175,2.65426336027752,1.93809441635981,2.99823993653182,3.17950242662106,292,FALSE
"LNP_0142",90.9474952612072,5.97647115588188,0.262145553901792,0.538326183405699,0.276448678559545,0.185225138034756,0,200,0.482968992866877,0.0393467705819036,1.76422825963164,2.79517222215262,2.01774581885577,3.19793674423161,3.58784817183354,293,FALSE
"LNP_0482",131.393372127786,4.23385158646852,0.144842596724629,0.539769281092417,0.362330211956587,0.0979005069509966,1,200,0.482602469141586,0.0402117206279383,1.25423076922488,2.63311386802869,1.9565720070407,2.81538391202686,2.12083246060068,294,FALSE
"LNP_0421",104.745946801268,6.16772510576993,0.442270676419139,0.55096599712575,0.369403919982198,0.0796300828920521,0,200,0.482523454373824,0.0378387966146691,1.73263613799251,2.76473476240911,1.93722582286209,3.18025318467771,3.71412693917396,295,FALSE
"LNP_0350",112.329754629172,-7.39910809323192,0.338980746641755,0.500611084991835,0.405007111478137,0.0943818035300283,0,200,0.476477733177356,0.0387201219575902,1.13944336610964,2.23707166900994,1.50568718138296,1.61178691111773,4.3076969358863,296,FALSE
"LNP_0190",140.187438949943,-4.92358407005668,0.337709188554436,0.496089293355716,0.336666365141021,0.167244341503263,1,200,0.475407098381726,0.0411653832212583,0.682909625046705,2.12900711854026,1.50037374370831,1.60647261425091,2.48035899524246,297,FALSE
"LNP_0151",134.745316510089,5.05864115897566,0.46586286816746,0.463358284922484,0.348373498063169,0.188268217014348,1,200,0.471250574393085,0.0386017904567985,1.17064429489568,2.56462113366216,1.82125046166994,2.86496484060545,2.5176808043156,298,FALSE
"LNP_0417",145.062126405537,1.82387514039874,0.335810260195285,0.435404093621938,0.368263507756459,0.196332398621603,1,200,0.470523544350929,0.0392353248769767,0.549184401598054,2.02606809120552,1.64533807617233,2.08947329428345,0.904678252483603,299,FALSE
"LNP_0285",55.7958560530096,6.23439168557525,0.325006723497063,0.417804253890621,0.387796046616205,0.194399699493174,1,200,0.470295064735476,0.0383765379828276,1.48575419055035,2.86218625693043,2.00831883529734,3.25118675000799,3.13136902781324,300,FALSE
"LNP_0027",104.406602471136,8.06467120535672,0.332578935287893,0.423090835018333,0.452091295746258,0.124817869235409,1,200,0.470145390114446,0.0375461090571154,1.871795666964,3.20039057086495,2.15335616749342,3.74913125342162,4.02964971883927,301,FALSE
"LNP_0318",73.7749404972419,-7.47834429144859,0.202042273338884,0.443162274738057,0.366816182428891,0.190021542833052,0,200,0.469735903513425,0.0397851871055297,1.1510684184275,2.23414838768438,1.57420026686849,1.66169333714535,4.33973485038234,302,FALSE
"LNP_0354",66.3070329232141,4.30267055518925,0.109926841501147,0.448945370079277,0.483312960355116,0.067741669565607,0,200,0.469595962468119,0.0388161766483272,1.40117082367482,2.47051110531772,1.99368069500405,2.85149491764367,2.76822608741685,303,FALSE
"LNP_0152",99.7527267085388,8.3411426609382,0.339646386913955,0.45908633788119,0.383356829349429,0.15755683276938,1,200,0.468762281332012,0.0371156847070417,1.91109232025558,3.24868416488237,2.17259189279064,3.82324573615007,4.15484513202766,304,FALSE
"LNP_0446",120.857413718477,-6.76381579600275,0.401559911761433,0.479452027645906,0.357315232313289,0.163232740040804,0,200,0.467950284082522,0.03728966848557,0.972866634966595,2.09134843359607,1.46089503924907,1.57769708101561,3.97465249203815,305,FALSE
"LNP_0356",148.595416522585,-1.27904656343162,0.290223289653659,0.56954368325555,0.302962264147382,0.127494052597068,1,200,0.466263987863988,0.0402720752532112,0.290372893298136,1.77125923407753,1.526955311711,1.64470268352599,0.648791348250366,306,FALSE
"LNP_0344",72.5073350826278,-7.60142238344997,0.199618741869926,0.478294310456188,0.381884358148414,0.139821331395398,0,200,0.464712426999977,0.0377726963290102,1.12031045468721,2.22602243673364,1.57207876561828,1.66794998785722,4.41459637231821,307,FALSE
"LNP_0104",145.44738274999,-3.63010823726654,0.397695402149111,0.470144669069242,0.374962968439821,0.154892362490938,1,200,0.463055560974467,0.0386865393582878,0.433165981054602,1.90900743029117,1.47104860489045,1.56885848910288,1.823282226367,308,FALSE
"LNP_0155",61.1096461303532,4.73240692168474,0.311506158392876,0.466126709027423,0.421622724180295,0.112250566792282,0,200,0.461785079568241,0.0391402084832415,1.32133828302896,2.41632020518607,1.89989918479284,2.86525352646589,2.97497503658659,309,FALSE
"LNP_0189",141.318822302856,-0.414568800479174,0.377165466640145,0.596367446892703,0.337210880830664,0.0664216722766336,0,200,0.45877128152296,0.0373251603647663,0.317568801122732,1.51145940752039,1.48803936569388,1.60343739287482,0.801628370161584,310,FALSE
"LNP_0281",125.859316950664,-4.82397597283125,0.180834982171655,0.482668517904294,0.398220856197617,0.11911062589809,0,200,0.458666310234628,0.0374249932703153,0.827014848209069,1.95273272610255,1.59193887952866,1.68795761981813,3.01514339570835,311,FALSE
"LNP_0078",111.277100327425,-9.63271832559258,0.111975930165499,0.540010102225269,0.387400710200507,0.0725891875742238,1,200,0.458108350454385,0.0388334172423094,1.10528378718687,2.50905328817961,1.63752857562281,1.70588055959116,4.84394179173352,312,FALSE
"LNP_0242",116.231764201075,-7.03295216429979,0.228697636537254,0.563774203622611,0.362529284647269,0.0736965117301199,0,200,0.457790447805806,0.0388584261004449,1.00160846750542,2.11711168560732,1.56074721008788,1.65215550911088,4.12714846272677,313,FALSE
"LNP_0293",57.1904097218066,-5.6115490803495,0.181216019950807,0.530836720142916,0.308306141202442,0.160857138654642,0,200,0.455566357263419,0.0382728234756662,0.881345837671766,2.00912593631727,1.59939681704954,1.6784709276904,3.42931652273347,314,FALSE
"LNP_0424",82.1937375701964,7.13193933945149,0.473029114119709,0.535480185369827,0.3681371406079,0.0963826740222731,0,200,0.455345078082245,0.0391875183038345,1.68669627841444,2.73440557914564,1.98007104795382,3.38860410372202,4.19004008336439,315,FALSE
"LNP_0162",85.3904571849853,6.12870327662677,0.182946199923754,0.495493046197867,0.379085035443225,0.125421918358908,0,200,0.454068928666482,0.0409994403176236,1.62458104629395,2.65736249693824,2.08125605029456,3.30513863247461,3.67279278622285,316,FALSE
"LNP_0008",139.241904439405,0.0789742404595017,0.218160032201558,0.516568556896887,0.294267034416921,0.189164408686192,0,200,0.451869393434285,0.0391173438687035,0.308613611310034,1.49707412611336,1.5834037161189,1.67173928272363,0.634583439344234,317,FALSE
"LNP_0366",128.394647873938,-4.58369134925306,0.219542396813631,0.464557554166625,0.346367734976756,0.189074710856619,0,200,0.45166368985752,0.038026853065979,0.732038790145466,1.88095120751308,1.57796792782557,1.66760577912365,2.8964770212692,318,FALSE
"LNP_0464",66.529808123596,-7.20044137910008,0.175967089366168,0.499133876751273,0.358822093798675,0.142044029450052,0,200,0.450714551787448,0.0388629980334883,0.987655955730277,2.11006317828715,1.59616873094218,1.68144701631097,4.20178523068803,319,FALSE
"LNP_0045",65.2444747742265,5.06220199167728,0.19698283104226,0.471031991105593,0.393649153992332,0.135318854902075,0,200,0.449930420023395,0.0404089076763376,1.34504625273575,2.43310455691203,1.98168537096303,3.00743447885069,3.12949547440753,320,FALSE
"LNP_0072",112.922113155946,8.1209622323513,0.439565633703023,0.388127761244242,0.470629005964328,0.14124323279143,1,200,0.449447374661606,0.0378063909987561,1.66233385312255,3.03188689916724,2.09605313367809,3.68964255633969,4.06897784242367,321,FALSE
"LNP_0108",110.873498232104,6.45434783305973,0.475052932929248,0.508899608987062,0.387296699705537,0.103803691307401,0,200,0.448457230628538,0.0376727117618206,1.51382474961073,2.57970153448594,1.94834273917668,3.26541636134471,3.82901671999571,322,FALSE
"LNP_0158",71.6892762808129,-8.87235549278557,0.441747969482094,0.500113012469091,0.362990673801519,0.136896313729391,0,200,0.44812185490264,0.0387577233961052,0.989231401523753,2.12182699051223,1.43500423290205,1.53475395536859,5.03742812430601,323,FALSE
"LNP_0043",91.3724326295778,6.64215548429638,0.282754702214152,0.465704272689068,0.362700247305678,0.171595480005254,0,200,0.446293989844188,0.0396389306576612,1.62562139674917,2.67695066932264,2.07694927337445,3.38983196402314,3.92810833755623,324,FALSE
"LNP_0120",90.4510281747207,-9.11705864127725,0.327427501603961,0.400902903483093,0.411626769702675,0.187470326814232,0,200,0.445765829612178,0.0375894955635969,1.05368722270822,2.17012225037072,1.50214152305054,1.59218162126057,5.16815862324027,325,FALSE
"LNP_0134",123.707773792557,4.592633289285,0.327099349442869,0.562177264013797,0.306424662351579,0.131398073634624,0,200,0.44569029783457,0.0390318237489002,1.1522972544372,2.25216330167915,1.86833286396053,2.81919353736177,2.88587714070358,326,FALSE
"LNP_0492",57.0488977711648,-5.52439997904003,0.10460870526731,0.492014810865802,0.380247771702329,0.127737417431869,0,200,0.442685444099428,0.040388729982258,0.81181790725531,1.95030070503457,1.65302950355595,1.71830631267784,3.37490608927825,327,FALSE
"LNP_0013",117.757063545287,7.20213692169636,0.174056127481163,0.560542182996925,0.369347503310371,0.0701103136927032,1,200,0.441128887446936,0.0383531087142213,1.53913032959031,2.88349772844175,2.17200306435353,3.57882770084035,3.60752277261564,328,FALSE
"LNP_0328",53.4874804085121,-8.92926130909473,0.296310492511839,0.620942375695773,0.28941502642559,0.0896425978786366,1,200,0.440164957352019,0.0390582040451695,0.813027783702468,2.24476200708584,1.53662825847908,1.63554179655512,4.45168039108453,329,FALSE
"LNP_0047",73.3034099452198,-8.3706687996164,0.25651803649962,0.410511370866121,0.466896480137307,0.122592148996572,0,200,0.437240748543843,0.0376542938087666,0.961326077533854,2.07551761878794,1.55269599272133,1.63867269028059,4.7908355243663,330,FALSE
"LNP_0201",73.8726026844233,6.89867079723626,0.443436562921852,0.49903481023565,0.391128430437736,0.109836759326614,0,200,0.435548925861534,0.0388862518693386,1.51777901405482,2.56842349793904,1.99718292283261,3.38075772621061,4.04534322423462,331,FALSE
"LNP_0041",64.2800022382289,6.01896423846483,0.433317908644676,0.415713935346021,0.38705494368007,0.197231120973909,0,200,0.433159131692782,0.0384687456895616,1.31103155480213,2.39205532853206,1.9316225527372,3.14322980173158,3.59617722350794,332,FALSE
"LNP_0283",89.6584594622254,-9.69044662080705,0.342732060328126,0.571888182609165,0.351002795245736,0.0771090221450988,0,200,0.431853381265781,0.0411245963145334,0.982817711000624,2.11338129119811,1.48714053321904,1.56775168640179,5.45659974565099,333,FALSE
"LNP_0457",131.182741606608,2.90855031460524,0.192729518655688,0.504317872832151,0.433341786247026,0.0623403409208234,0,200,0.430037355347565,0.0388312997141489,0.743407640540591,1.88614081863529,1.82186353475877,2.42683469388717,2.05034914678911,334,FALSE
"LNP_0274",66.4211224997416,6.14998218603432,0.326472961995751,0.577091665974753,0.295430926846925,0.127477407178322,0,200,0.4299645634626,0.0380353344757911,1.37001282694334,2.4626704223065,2.01401429653968,3.24479893025757,3.67090494355628,335,FALSE
"LNP_0204",101.502972724847,7.24799079354852,0.387236723583192,0.594565176461162,0.258262483243571,0.147172340295266,0,200,0.42888579271183,0.0388311990762449,1.5531120480543,2.62171052344817,2.04854426794361,3.4867196644272,4.23627027189829,336,FALSE
"LNP_0206",138.024654123001,2.63577743433416,0.495483544375747,0.486862208307079,0.340248735874438,0.172889055818483,0,200,0.427612084920883,0.0374882665180217,0.537728202210963,1.69337566126169,1.62153616602056,2.23525258612083,1.94285690349231,337,FALSE
"LNP_0113",56.0720571549609,-9.56012569367886,0.291817631199956,0.565832969038642,0.353443172509204,0.0807238584521542,1,200,0.426692919907751,0.0380847909013573,0.762809323935268,2.18321413877532,1.52771517369465,1.60812980224053,4.77640356788964,338,FALSE
"LNP_0218",90.8943997928873,-9.9263154482469,0.420873083174229,0.502908432862023,0.397544244979819,0.0995473221581584,0,200,0.426360371653186,0.037427425320453,0.94751692026481,2.06367145273342,1.4510684228775,1.57629665372349,5.56874757142833,339,FALSE
"LNP_0434",149.661721871234,1.92725921515375,0.420204284787178,0.437171543378177,0.484909796585608,0.0779186600362149,1,200,0.425722020362042,0.0391264089768578,0.186528926955608,1.68792903054577,1.6047896500267,2.08002014996099,0.952388867806927,340,FALSE
"LNP_0227",97.7845379849896,6.94482596125454,0.2974464754574,0.467996361512642,0.336000407567183,0.196003230920175,0,200,0.425693485340802,0.0374604868030036,1.52372971677486,2.58142941291023,2.08745256963219,3.46846973765031,4.09102413612154,341,FALSE
"LNP_0094",115.67581279669,-7.59525742847472,0.151766515802592,0.608185135107537,0.311743095104664,0.0800717697877989,0,200,0.425550223392611,0.0389151942358787,0.84610086523836,1.97741716259208,1.61260323214373,1.70113060105312,4.4005636947084,342,FALSE
"LNP_0229",119.826159486547,5.86448335554451,0.443520135711879,0.483965737541829,0.444083173025355,0.0719510894328167,0,200,0.425547686154402,0.0385377852415058,1.21577655254503,2.30352018434659,1.90536428283456,3.10203620561493,3.53997580677172,343,FALSE
"LNP_0320",135.688542015851,1.23351217713207,0.113560608308762,0.401233318106758,0.419766219534223,0.179000462359019,0,200,0.424864282327865,0.0388374011827911,0.387074372829423,1.57539947307533,1.73171279682215,2.04401772360122,1.20055665926705,344,FALSE
"LNP_0311",88.9587111538276,-9.01168806478381,0.181514362059534,0.433331317564462,0.373843634269833,0.192825048165705,0,200,0.424493825107087,0.0368505399977734,0.961461526798545,2.07721409830812,1.59952960750551,1.68506173413326,5.10625301509741,345,FALSE
"LNP_0035",52.461368450895,-9.21001604292542,0.348690393101424,0.496404784370808,0.296798810710729,0.206796404918463,1,200,0.42211967010801,0.0369125726725572,0.666927766207849,2.12374745267646,1.50492895534451,1.58634992271516,4.60468844948998,346,FALSE
"LNP_0410",118.078755121678,-8.57136300764978,0.479153033997864,0.500417119394206,0.340842396143601,0.158740484462193,0,200,0.421237593588421,0.0356324786675329,0.744674657392037,1.87688093534258,1.41849991270175,1.52971450981097,4.86920756933497,347,FALSE
"LNP_0471",59.3916607089341,5.63937829341739,0.380071444436908,0.490802522427584,0.309241228023927,0.199956249548489,0,200,0.421141965194459,0.0394654509592847,1.15980034323802,2.27006624185722,1.93188369438025,3.0637885632395,3.4216843269513,348,FALSE
"LNP_0161",100.229956326075,6.91112245898694,0.250337374676019,0.515839082788464,0.406717816615212,0.077443100596324,0,200,0.42091693487592,0.0395607684467897,1.48914575354372,2.56335220840602,2.11595332903052,3.46340010887997,4.04336874264538,349,FALSE
"LNP_0038",71.6407935833558,6.58501646947116,0.323818347696215,0.401726627618957,0.433501835292434,0.164771537088609,0,200,0.419021072023803,0.0389276229836776,1.37235256593494,2.4513848557396,2.03622786099252,3.35816513224406,3.88733644067413,350,FALSE
"LNP_0156",88.9994435245171,7.14894848875701,0.248791498411447,0.515467101344457,0.333131396217351,0.151401502438192,0,200,0.418509995433862,0.0350574756178306,1.51398811013891,2.58917201659901,2.12314494717557,3.52736568302864,4.17019396993068,351,FALSE
"LNP_0376",146.384333190508,3.4710997575894,0.429410240054131,0.550177979766153,0.282196235886179,0.167625784347668,1,200,0.416937558612835,0.039134896966725,0.438735399014098,1.91973898906217,1.72341651558327,2.48485093450228,1.73145697362848,352,FALSE
"LNP_0269",52.0024300552905,3.660205649212,0.135157845914364,0.543921874274384,0.289939100907595,0.166139024818021,0,200,0.416005187742662,0.0393325759157338,0.840205858442538,1.96344377197332,1.9332866297999,2.66679767558947,2.44548977961784,353,FALSE
"LNP_0380",147.134245024063,2.6370035065338,0.344949988927692,0.408712134975305,0.410334787201244,0.180953077823451,1,200,0.415497857776223,0.039944328456601,0.290720529435976,1.78141594470204,1.70958018647616,2.28304367844143,1.31669124470895,354,FALSE
"LNP_0397",77.0544872386381,-9.59863067604601,0.365186790097505,0.499882333505047,0.325683510873948,0.174434155621005,0,200,0.415428118495276,0.037451851447418,0.86067551780744,1.98979004814356,1.49049898440573,1.6033901621062,5.40567143913504,355,FALSE
"LNP_0465",108.493655733764,8.15892801620066,0.110387510992587,0.477196208333508,0.36132974171278,0.161474049953712,1,200,0.415346227687736,0.036834009245431,1.57098039176183,2.92946245328689,2.29058582709992,3.88232185154383,4.08083895428949,356,FALSE
"LNP_0195",143.731408915482,-4.32576446328312,0.110439088661224,0.497379910609199,0.371209661643347,0.131410427747454,1,200,0.415123537494144,0.0386798319517945,0.258595363735263,1.75947240486777,1.63812306648461,1.72015371636602,2.15148766588999,357,FALSE
"LNP_0254",76.7521432135254,-8.56739887967706,0.100462327897549,0.485788642647102,0.386603871199089,0.127607486153809,0,200,0.415090966372659,0.0398380168367999,0.88407216561236,2.02005871637207,1.64345290456947,1.73664553297262,4.89770035256403,358,FALSE
"LNP_0015",60.2924682665616,4.71798700746149,0.107676412258297,0.42850411637435,0.422278810372709,0.149217073252941,0,200,0.414912863359497,0.0388376183080589,1.06498735961414,2.18150465370889,2.02747361236663,2.98546297247646,2.97590788086857,359,FALSE
"LNP_0065",131.464003887959,3.00523000769317,0.131088621728122,0.539990463458177,0.322658780309605,0.137350756232218,0,200,0.414865875297795,0.03866168884749,0.686694296583389,1.83484995437656,1.88370854419722,2.49626509645156,2.0849759678411,360,FALSE
"LNP_0282",63.7106081005186,6.38934279792011,0.441112155839801,0.415032095029114,0.42625999003216,0.158707914938726,0,200,0.414664783175663,0.0396031852610545,1.24557196580685,2.33128369706046,1.94920932005198,3.24572511156892,3.81352960353949,361,FALSE
"LNP_0375",103.37648736313,7.21978715155274,0.374268533755094,0.456055883849929,0.36348024176544,0.180463874384631,0,200,0.412664114585337,0.0366752481979364,1.42908379449473,2.50233872165311,2.06064139113502,3.48005954250269,4.20588596087182,362,FALSE
"LNP_0126",148.421920347027,-2.71177836693823,0.123212279099971,0.596024090400807,0.27000696282257,0.133968946776624,1,200,0.412624706616497,0.0381851882384959,0.0922172181619637,1.61131464298343,1.64855515864125,1.69205172097292,1.38628636267771,363,FALSE
"LNP_0125",86.9488865835592,-9.1578390263021,0.155356050934643,0.442772611194473,0.401365352092468,0.155862036713058,0,200,0.412403738592556,0.0398606286575877,0.885156722236836,2.0236126579301,1.61417506525092,1.69233047810163,5.16915329377364,364,FALSE
"LNP_0261",142.57079558447,0.275622783228755,0.199490545783192,0.491682085008523,0.365913648938807,0.14240426605267,0,200,0.410404130123671,0.0372211456495329,0.0392515517400503,1.26328584762698,1.6110489226799,1.73976787625122,0.751829958918795,365,FALSE
"LNP_0280",114.88181243185,6.17224089801311,0.25687859384343,0.567614835245071,0.315383029842317,0.117002134912612,0,200,0.408989401631661,0.0392809462430127,1.24697987972072,2.33008574095437,2.05090323036784,3.26778859474628,3.69898768633896,366,FALSE
"LNP_0411",81.6949248081073,-9.92207313887775,0.388959547225386,0.386249616932109,0.449666635835189,0.164083747232702,0,200,0.408491546811049,0.0380351315392647,0.816977999164356,1.93622920607304,1.45804314973155,1.5768405676746,5.57382813417623,367,FALSE
"LNP_0486",61.5779664833099,5.14658318366855,0.119325809925795,0.450082839604722,0.32736673629646,0.222550424098818,0,200,0.408163046729524,0.0394465926843146,1.08293270247313,2.1835834205025,2.04107037700746,3.06106598059678,3.17920332747827,368,FALSE
"LNP_0327",149.940452794544,-0.976621871814132,0.295469414070249,0.413703540129839,0.392340601744321,0.193955858125841,0,200,0.407462874182942,0.0343206719523817,0,1.20686618678037,1.51313890962551,1.62007634360833,1.09911758294371,369,FALSE
"LNP_0100",101.150545990095,-9.36056743841618,0.179964709747583,0.54185791397923,0.337171506839879,0.120970579180891,0,200,0.401846445975059,0.0373403250184951,0.819798566726314,1.94725170231352,1.60054143925895,1.68574087670441,5.28009767977277,370,FALSE
"LNP_0191",77.4166621500626,-9.2043872596696,0.149543060548604,0.503494549245838,0.409608563184552,0.0868968875696104,0,200,0.398775805837335,0.0368716127180289,0.779821260136126,1.92095366841255,1.60562778004097,1.68715370930706,5.19382333535217,371,FALSE
"LNP_0070",93.9831687603146,7.7026530308649,0.324785263556987,0.481334164235505,0.371229606957688,0.147436228806806,0,200,0.398693620246114,0.0385264699564448,1.44127619861846,2.52082334547381,2.12455306783895,3.63939833200281,4.44004814127327,372,FALSE
"LNP_0193",148.564088437706,0.791218280792236,0.279764555115253,0.478535993522198,0.442743746958372,0.0787202595194299,0,200,0.398329879441576,0.0348290087667183,0,1.21549300551455,1.59091465933119,1.81368568055413,0.983601231476809,373,FALSE
"LNP_0468",119.120783149265,-7.66344754956663,0.155051195155829,0.524648837229869,0.392055163525517,0.083295999244614,0,200,0.398200723818829,0.0378313983228136,0.639355115489323,1.80009988820525,1.61807992488667,1.71334831793749,4.41392071711573,374,FALSE
"LNP_0005",144.046728429385,-2.69091460853815,0.43909566309303,0.51229673199313,0.340863490677454,0.146839777329416,0,200,0.397975595247078,0.038273506475753,0.0401502729146955,1.24019579704751,1.45466818699536,1.56334531312429,1.95388457837102,375,FALSE
"LNP_0184",76.5017806086689,7.73132241796702,0.446475652139634,0.447954504289931,0.355642621270804,0.196402874439265,0,200,0.397624741130535,0.0380955130043838,1.38870574295491,2.46386902393756,2.05094401868373,3.5931655596559,4.4851174966002,376,FALSE
"LNP_0288",72.5886432919651,-9.62463565636426,0.319711917545646,0.577437411380961,0.355420694633188,0.0671418939858505,0,200,0.39762007232085,0.0387425272875783,0.74366947999074,1.88551936358114,1.5135515785693,1.62930350891203,5.41376124996839,377,FALSE
"LNP_0198",115.923032420687,-8.0739777861163,0.143920637387782,0.486916485794607,0.34943284409745,0.163650670107943,0,200,0.39592601043868,0.0378958609595144,0.664486407139322,1.81055615126112,1.61240056356514,1.69809181989662,4.65711195237005,378,FALSE
"LNP_0068",131.238950951956,6.24609657097608,0.154346158541739,0.589306974018127,0.311823030162425,0.0988699958194477,1,200,0.39489194721018,0.0396227854964911,0.985212993937544,2.3907011587447,2.10649092669926,3.35076729894228,3.10814228593161,379,FALSE
"LNP_0416",69.2023318726569,9.18931567575783,0.392073424812406,0.471949613880638,0.344049794220139,0.184000591899223,1,200,0.394336913915826,0.0369393803703878,1.483954940152,2.84821605007089,2.20459893220162,3.99612831238033,4.5965562467352,380,FALSE
"LNP_0430",136.255189753138,5.69863112643361,0.274159505404532,0.517570974522356,0.350803814426975,0.131625211050669,1,200,0.394235986831288,0.0365280976799792,0.813372409369766,2.23196541672528,1.98638123673017,3.1548158465289,2.86502156738323,381,FALSE
"LNP_0018",54.2059533530846,5.40409518871456,0.356585055682808,0.500837413895562,0.335845102919535,0.163317483184903,0,200,0.393253697724255,0.0384519700737482,0.906011464817451,2.03607245207937,1.92686317493129,3.01227647768004,3.30400078197108,382,FALSE
"LNP_0107",141.443818691187,-7.074358840473,0.339455418754369,0.569578806304054,0.284473505049464,0.145947688646482,1,200,0.391904122541081,0.0381443511458763,0.218907222615734,1.73027977118299,1.49171500647601,1.58835559069317,3.5415538859724,383,FALSE
"LNP_0413",71.5172082651407,7.33120359480381,0.345536377467215,0.522843182436784,0.297070798296147,0.18008601926707,0,200,0.38961682079785,0.03799041867304,1.29050412085085,2.39253183199662,2.08850775395181,3.53695224593831,4.2816076384435,384,FALSE
"LNP_0422",114.4240220543,-9.16161003056914,0.332211397401989,0.459097873291055,0.404897766287596,0.136004360421349,0,200,0.3893391004091,0.0411143676961507,0.610746181301804,1.76615956208329,1.48893745043451,1.58972758316671,5.18471269673687,385,FALSE
"LNP_0009",105.143501446582,8.9007020695135,0.126251244731247,0.511316695190678,0.281201998100755,0.207481306708568,1,200,0.389072420228442,0.0382764139438764,1.50891073240781,2.87556135309579,2.33141680257944,4.05394062973346,4.47734466757791,386,FALSE
"LNP_0232",92.8421508753672,7.49764774926007,0.211024032067508,0.439673804053428,0.401661566937856,0.158664629008716,0,200,0.386569717852429,0.037852366842487,1.3609858013753,2.44338836449816,2.171098304375,3.62715823210653,4.37521014147468,387,FALSE
"LNP_0021",138.953931606375,-3.97714951075613,0.284486628137529,0.461117507378365,0.393791746727699,0.145090745893937,0,200,0.38587908792884,0.0385412009271328,0.128519169400577,1.33661521262746,1.53108840496776,1.63384842330934,2.60633826797654,388,FALSE
"LNP_0395",60.5417746119201,6.22927315533161,0.284473609738052,0.548722230853197,0.401914159771514,0.0493636093752883,0,200,0.384676820874161,0.0387436447330251,1.06002588694797,2.16359927580727,2.04391961489021,3.27464184703603,3.72690627263928,389,FALSE
"LNP_0277",147.187563567422,-3.36906016804278,0.395060882903636,0.401952054046287,0.434664616682733,0.16338332927098,0,200,0.383083649694573,0.0365445463898839,0,1.2015048758603,1.46677465621646,1.5794196667346,2.28835449238624,390,FALSE
"LNP_0087",148.495697998442,-4.36376660596579,0.146232982818037,0.494339868313401,0.320789377279891,0.184870754406708,1,200,0.383065215288062,0.036781478517799,0.0025012004543994,1.52812765452098,1.62203354906328,1.69798153711877,2.19596352147357,391,FALSE
"LNP_0122",81.9820617092773,7.31001628097147,0.177122250758111,0.438751254257551,0.471351204836693,0.089897540905756,0,200,0.382753829313859,0.0412764711389558,1.32470965907991,2.40955309211931,2.19485338772152,3.64003773976287,4.24641179230324,392,FALSE
"LNP_0362",69.2815946880728,-9.15278642438352,0.163486588001251,0.524609851077692,0.394010793456243,0.0813793554660646,0,200,0.377152109246351,0.0388114111567437,0.604016021457796,1.75517972557757,1.60138245078656,1.66538760787531,5.18432381110709,393,FALSE
"LNP_0004",138.301740400493,-8.40054175350815,0.441372095514089,0.475258474260364,0.411409125259302,0.113332400480335,1,200,0.374905979534243,0.0395881258570717,0.201197298813619,1.68159484660534,1.45565714268864,1.57627116037297,4.21925321351833,394,FALSE
"LNP_0183",120.829032221809,6.62443957757205,0.371609123796225,0.576043190533146,0.242057778997691,0.181899030469164,0,200,0.374506207013384,0.0406152381614679,1.00461334471884,2.1083087692546,1.99933546891549,3.33192931257703,3.90686071011404,395,FALSE
"LNP_0082",116.805558744818,6.25705375801772,0.16877473294735,0.449627949436665,0.471997678371341,0.0783743721919944,0,200,0.370834273453666,0.0375047300747522,1.00458484357273,2.12127552745752,2.10370527143558,3.33194693206976,3.74957354950884,396,FALSE
"LNP_0314",55.5301926331595,7.6826721476391,0.194749038200825,0.486356491291801,0.351529437886456,0.162114070821743,1,200,0.370795436483111,0.0397830700945263,1.07818249221237,2.48446653880703,2.20123861380595,3.69183268739255,3.84588413896401,397,FALSE
"LNP_0202",146.235893643461,-4.79735052678734,0.454953901842237,0.402135680643065,0.426047791083068,0.171816528273867,0,200,0.370014829598237,0.0356410287283231,0,1.21217036576655,1.43123686770088,1.53568823559011,3.0114346739475,398,FALSE
"LNP_0303",127.906588278711,-7.57455891463906,0.317072413116694,0.520533980350668,0.366046965849737,0.113419053799595,0,200,0.369774099695803,0.0410513264832424,0.32485041190829,1.50627587179578,1.5096238586363,1.60563622294656,4.39155662552608,399,FALSE
"LNP_0440",66.116576269269,-9.52622713521123,0.306530429422855,0.499445715557349,0.37975760733045,0.120796677112201,0,200,0.368388216698393,0.0381760249030154,0.502658830738485,1.67354440252487,1.51802323943778,1.60697498020673,5.36691761364142,400,FALSE
"LNP_0483",80.7763874297962,8.39696115348488,0.435590807721019,0.446305591772276,0.472528282092147,0.081166126135577,0,200,0.368173714437835,0.0367846448886237,1.29798965948177,2.38390775696589,2.10987741700359,3.76484564763732,4.80127550760911,401,FALSE
"LNP_0262",138.197755930014,-5.27320221997797,0.345981581509113,0.407400421609905,0.485418868404938,0.107180709985157,0,200,0.366445849944863,0.0386750940521441,0.0602550793601661,1.2647838454519,1.48725652314612,1.58452183913275,3.22976735910068,402,FALSE
"LNP_0441",78.2992870779708,9.5177938695997,0.159512633364648,0.494879960790569,0.394004435806761,0.111115603402669,1,200,0.365856836319101,0.0415957417088562,1.43313366240592,2.81039780606423,2.35982888378739,4.20078462937071,4.7535262553525,403,FALSE
"LNP_0331",111.723526963033,-9.91786119062454,0.305029988661408,0.588952574780506,0.264714008250371,0.146333416969123,0,200,0.364946267401612,0.0388093634836943,0.515396059736525,1.67525739908159,1.51778415850683,1.61940419515743,5.54262966409707,404,FALSE
"LNP_0384",126.919391122647,-7.02812574803829,0.130321143381298,0.468419159474284,0.37064410680533,0.160936733720386,0,200,0.36457529460368,0.0390228443111916,0.331758638832645,1.51461572782271,1.63918474327254,1.70425322083844,4.10402643884327,405,FALSE
"LNP_0368",51.7765811877325,-7.71491459570825,0.334226841665804,0.499408293956389,0.334519759355514,0.166071946688097,0,200,0.364362742120838,0.0379372426513547,0.28502611302723,1.48992278659767,1.50235857538627,1.60412945421796,4.46109576749287,406,FALSE
"LNP_0099",96.677904156968,7.88669250905514,0.215476043429226,0.50384164287392,0.333593647893113,0.162564709232966,0,200,0.363429163221552,0.039074505595542,1.26547807185785,2.35069021108737,2.2060726969587,3.74036125296542,4.54729371779097,407,FALSE
"LNP_0118",145.409123855643,5.09730907157063,0.475108070764691,0.52622508876136,0.307391793346845,0.166383117891795,1,200,0.363265452952382,0.0396200130903816,0.351577411884952,1.82378560601206,1.83303959857691,2.8940176285998,2.54867143574533,408,FALSE
"LNP_0304",122.939065191895,-9.06012638937682,0.434664046764374,0.543146504936414,0.392783551680492,0.0640699433830948,0,200,0.361184765267305,0.0387166616372601,0.35991925746514,1.55086458254464,1.46412619329451,1.56228752079788,5.14945935091999,409,FALSE
"LNP_0117",104.928465606645,7.83792245201766,0.268724052701145,0.512085490615871,0.410537054443224,0.077377454940905,0,200,0.359367392394403,0.0365784884277199,1.19945571317462,2.28542277154466,2.16063872342521,3.71178878637303,4.53804582437185,410,FALSE
"LNP_0260",136.810680688359,-5.92512372881174,0.331032511778176,0.507970867442129,0.388311879008933,0.103717253548938,0,200,0.358562803135512,0.0374441176580761,0.0785208943296293,1.27978787444109,1.50563116814567,1.59182965571368,3.5783282921335,411,FALSE
"LNP_0138",128.628155170009,5.04075082484633,0.215204112511128,0.427690504451281,0.425465668186726,0.146843827361993,0,200,0.358470757108504,0.0366669739580008,0.627664966963364,1.77629447514272,1.97456963131261,2.98512488112322,3.13445599924364,412,FALSE
"LNP_0458",124.751632218249,-8.77474771346897,0.389942330215126,0.537390808135651,0.297239699188411,0.165369492675938,0,200,0.35674894039781,0.0401430443588904,0.294664356523787,1.47965577794092,1.45729933227096,1.56091201234555,4.99150971045906,413,FALSE
"LNP_0167",124.033436039463,8.71292294468731,0.376395939942449,0.611225949440988,0.271225880562546,0.117548169996466,1,200,0.353923843789433,0.0402545985715024,1.08131479976193,2.48965413146223,2.17827175012754,3.88934197356338,4.36552754555334,414,FALSE
"LNP_0297",148.214037367143,-7.92576866224408,0.408238818775862,0.53554440484699,0.323019307214847,0.141436287938163,1,200,0.353596566922795,0.0365990872971982,0,1.52497093291744,1.48166846976235,1.60268087437575,3.95710709894142,415,FALSE
"LNP_0379",80.8786832727492,7.8342746431008,0.107532863598317,0.63033429306866,0.275395067863976,0.0942706390673639,0,200,0.353557101508611,0.0400797039536636,1.24171748021382,2.3196603383254,2.27041648233841,3.80127408587694,4.52609463044347,416,FALSE
"LNP_0291",79.7741782618687,8.67393041029572,0.426307179033756,0.531240640333026,0.382530370563344,0.0862289891036297,0,200,0.351896707227999,0.0386004941396132,1.238163467219,2.33200095545854,2.13970594176918,3.85819890090523,4.93744124411265,417,FALSE
"LNP_0224",118.637508200482,7.43997647427022,0.454389940481633,0.48909350987472,0.297097980480186,0.213808509645094,0,200,0.351815531827902,0.0404632784334839,0.969765519874523,2.07642793907613,2.02524491136526,3.49877635716179,4.34697864143414,418,FALSE
"LNP_0500",128.69273526594,-7.82351853791624,0.275020291563123,0.517795843999975,0.311875833075271,0.170328322924755,0,200,0.347518991539739,0.0381674293201326,0.19374503784989,1.3936085587647,1.53547135727112,1.6260657505239,4.51319116864003,419,FALSE
"LNP_0353",101.507180789486,9.83490470796824,0.152551301755011,0.51910212340221,0.34176766325397,0.13913021334382,1,200,0.344813597219813,0.0366544072768635,1.35111022088028,2.74117942516054,2.39982722875191,4.3046991384485,4.92061865231621,420,FALSE
"LNP_0016",139.982497040182,-6.56513188034296,0.40947441579774,0.512785338618472,0.324847477473759,0.162367183907769,0,200,0.344475728149676,0.0357416174008231,5.10405856691972e-05,1.21979744104564,1.46733193091943,1.57290343562051,3.90606413894925,421,FALSE
"LNP_0119",108.548335311934,9.58407460246235,0.205794046632946,0.470305722903848,0.401716512932248,0.127977764163904,1,200,0.343654827603121,0.038935096915741,1.26521950589327,2.65217827141288,2.35117149162426,4.19731142002401,4.79139400662477,422,FALSE
"LNP_0250",122.670253901742,8.97263014689088,0.390834588278085,0.502831708876423,0.350128390088762,0.147039901034815,1,200,0.34350400155762,0.0379966784721286,1.04474139673437,2.4652033924664,2.19828508501572,3.93919484923803,4.48415620605417,423,FALSE
"LNP_0295",125.424740207382,6.02297472301871,0.248197686020285,0.420108178324283,0.407053834085556,0.172837987590161,0,200,0.342305537251188,0.0373749430080975,0.703181770442428,1.84047835910924,2.0418119164167,3.25176832927419,3.61876395412193,424,FALSE
"LNP_0111",143.529980327003,2.59490847587585,0.128914632368833,0.46838988595311,0.377264999556786,0.154345114490104,0,200,0.338742807110454,0.0362235987756991,0.000384695535950419,1.21681348740266,1.84090797277537,2.38073578340541,1.88064573218666,425,FALSE
"LNP_0085",60.2864644257352,7.47899825684726,0.403734278678894,0.542939193299709,0.336615228777489,0.120445577922802,0,200,0.338120953744162,0.0386325594762444,0.87769694240838,2.01436478930614,2.05220194291235,3.52958374665636,4.3319822219846,426,FALSE
"LNP_0128",59.1043999884278,7.00934961438179,0.327335204835981,0.480067614963722,0.429322135179755,0.0906102498565223,0,200,0.337606953866547,0.0398372874155785,0.825914144359857,1.95564769866217,2.06150601444018,3.4706467591928,4.10989220147618,427,FALSE
"LNP_0240",130.341854202561,-9.97616743203253,0.224467607215047,0.475693001665663,0.374643083133884,0.149663915200454,1,200,0.336076112393557,0.0387827053901173,0.145760017074355,1.62764624427593,1.57736245317018,1.68561912225659,4.98043174082041,428,FALSE
"LNP_0272",50.6300783948973,6.26226264983416,0.390091180801392,0.550184906830993,0.337134768959826,0.112680324209181,0,200,0.335374653559759,0.0389064039269292,0.609175622071756,1.76525402871932,1.95398349006538,3.22401025216869,3.73781614051032,429,FALSE
"LNP_0032",140.229904511943,3.75215163454413,0.317293159198016,0.512602052182472,0.357786574943764,0.129611372873764,0,200,0.334979851626871,0.0363441577914494,0.12117783464515,1.32405445337133,1.81701159867622,2.59605710175341,2.45515506235468,430,FALSE
"LNP_0316",130.281227291562,-7.21592717338353,0.143043532315642,0.491171784152412,0.435552067930225,0.0732761479173632,0,200,0.334530298576801,0.0370445115790962,0.102508354276518,1.29786616314942,1.61990701662399,1.68384083012774,4.19897419426204,431,FALSE
"LNP_0326",53.3727772999555,-8.48285739310086,0.253751409053803,0.587060896724015,0.304812507609256,0.108126595666729,0,200,0.333289564954379,0.0394600774734026,0.174029877545883,1.36352762995476,1.5627287281737,1.65450117222827,4.84738273646592,432,FALSE
"LNP_0220",141.88573481515,-7.84226239658892,0.478559908084571,0.458320785625462,0.377763394492135,0.163915819882403,0,200,0.333233716310445,0.036471117093071,0,1.22091041708715,1.42824001847814,1.54586139598307,4.5271694509529,433,FALSE
"LNP_0399",61.791384126991,-8.98239772766829,0.121303774602711,0.429607762618918,0.43072407169598,0.139668165685102,0,200,0.333211752472969,0.0386930386426354,0.284538541093652,1.46615924464827,1.63984504286286,1.72396181730758,5.10098845547912,434,FALSE
"LNP_0439",59.9445823347196,7.39412140566856,0.362653068359941,0.551493517734522,0.342859771959049,0.105646710306429,0,200,0.333083359165161,0.040758362978384,0.857947629839797,1.98106442099619,2.07840089040377,3.55410495991848,4.29305560780947,435,FALSE
"LNP_0425",139.111431245692,3.95893156994134,0.285079536587,0.483107628328623,0.365495996982368,0.151396374689009,0,200,0.329559463198374,0.0396125287515054,0.14167826822702,1.35861029959738,1.84976949246445,2.69329333120215,2.57856094798936,436,FALSE
"LNP_0132",139.139411714859,6.89669248647988,0.427873007394373,0.49394221554223,0.338020219466188,0.168037564991583,1,200,0.3292291711119,0.0387092207816233,0.481690768055723,1.94905314698132,1.99990935477957,3.40335366015549,3.43323083786581,437,FALSE
"LNP_0248",146.935641113669,-8.62134806346148,0.116851204819977,0.536417109383967,0.399412879102153,0.0641700115138794,1,200,0.329135126967252,0.0364641865707859,0,1.50829686105154,1.62825546742281,1.71143882783416,4.32298442786885,438,FALSE
"LNP_0445",136.646776320413,-8.14148359000683,0.395803288649768,0.52784045790512,0.364193918354164,0.107965623740716,0,200,0.325350179082235,0.0362267840502493,0,1.20268286097722,1.46250569361717,1.57377393573698,4.67407373642477,439,FALSE
"LNP_0088",139.305111439899,3.33410315681249,0.111734645999968,0.418897211472726,0.419237391765336,0.161865396761938,0,200,0.323007140583014,0.0360204692495548,0.039548393470747,1.24915116796453,1.89748748033104,2.60220392443929,2.25163017626391,440,FALSE
"LNP_0173",136.364411143586,-8.27444213442504,0.359422539453954,0.440578513879859,0.351571250155847,0.207850235964294,0,200,0.322724487636425,0.036373354591695,0,1.22989593507593,1.48151250640533,1.58236979112901,4.75555708748744,441,FALSE
"LNP_0075",97.5316574098542,8.99170645978302,0.356059394590557,0.441662347790386,0.474988641195986,0.0833490110136278,0,200,0.32126929074755,0.0377138844528571,1.09011303527733,2.21764972267841,2.20761890429879,3.96228719784244,5.09096067824251,442,FALSE
"LNP_0412",133.156859804876,-8.95602768287063,0.468801841884851,0.495458933389386,0.388267551279432,0.116273515331182,0,200,0.320480997080876,0.0366524508515821,0,1.21827526907001,1.42574529068315,1.5406017918102,5.0595655617142,443,FALSE
"LNP_0340",147.785340482369,-8.05521088652313,0.313903618790209,0.471053924822808,0.375542756084962,0.153403319092229,0,200,0.320247211532777,0.0384233660762674,0,1.21391595292984,1.53069401789144,1.62261519719254,4.62146743887359,444,FALSE
"LNP_0054",62.189925997518,7.76110380887985,0.315764293074608,0.532278847052711,0.335012637484101,0.132708515463188,0,200,0.314834380389525,0.0366169606218459,0.823053787548492,1.9559229814827,2.14991123690797,3.66898389770603,4.48806974143318,445,FALSE
"LNP_0046",63.880606344901,9.28305140230805,0.130344333872199,0.404419268399769,0.415998180820422,0.17958255077981,1,200,0.312197941066836,0.0387168438005994,0.989473000823705,2.41286801071774,2.37603388810703,4.14227244752679,4.64413387523756,446,FALSE
"LNP_0145",134.2729318887,-8.19355831481516,0.186873513180763,0.494970350068393,0.297477564400422,0.207552085531185,0,200,0.311724417890824,0.0383349672567283,0,1.2101778496926,1.59251350690934,1.66743608123161,4.70927315406375,447,FALSE
"LNP_0181",133.976776478812,4.67495516408235,0.100991524104029,0.422734369150507,0.460611993543816,0.116653637305677,0,200,0.310218508652468,0.0390186143399057,0.224958709891986,1.41277905849443,2.01112371208232,2.93844960536589,2.93721905878355,448,FALSE
"LNP_0478",50.0465349061415,-9.86003091093153,0.499809591006488,0.547913910838948,0.361295070298924,0.0907910188621282,0,200,0.309607947918762,0.0349097355669865,0.000172838753287527,1.22280544262692,1.41171201500163,1.53451265824296,5.56513512330663,449,FALSE
"LNP_0249",146.739837061614,3.90041394624859,0.176286982186139,0.601514848688931,0.319953632961117,0.0785315183499519,0,200,0.306047731165071,0.0350216308628051,0,1.22033725202068,1.90986137489379,2.71269013188582,2.56258111519914,450,FALSE
"LNP_0491",147.143806680106,-8.25561396311969,0.105412250943482,0.464989156910488,0.397583928883304,0.137426914206207,0,200,0.30545029956084,0.0369133142667856,0,1.20244584890421,1.63866914805573,1.72044654536994,4.73683921148044,451,FALSE
"LNP_0408",58.2502745790407,8.0672457581386,0.479226758517325,0.520048761372662,0.37298111705139,0.106970121575947,0,200,0.304442042167856,0.0367374625216685,0.71518434895561,1.85800003198028,2.06349166696216,3.65777076468737,4.63230348295467,452,FALSE
"LNP_0230",141.568353842013,-9.5429063308984,0.312374293524772,0.529626413328697,0.380515745713803,0.0898578409574997,0,200,0.303657789778797,0.0371235284802356,0,1.21034120520874,1.51278550313858,1.60637257876807,5.37257452523003,453,FALSE
"LNP_0157",107.193531398661,8.18293008953333,0.126323328446597,0.46022383499512,0.413415539191818,0.126360625813062,0,200,0.303512080946213,0.0407215872315144,0.90049992766665,2.02982472922155,2.28100821403859,3.85708720251296,4.70116189049255,454,FALSE
"LNP_0222",146.110479370691,4.35769093222916,0.308820098917931,0.501181813474814,0.424667893029858,0.074150293495328,0,200,0.302841181281481,0.0357673346940785,0,1.22581631129907,1.86511506810819,2.76026787746903,2.78052756209629,455,FALSE
"LNP_0024",149.42697766237,-9.25260070245713,0.257903594337404,0.555807343269417,0.350995390413906,0.0931972663166776,0,200,0.302302154519704,0.0352941801160124,0,1.2075738039854,1.56002782341641,1.63274613863844,5.23927142319846,456,FALSE
"LNP_0454",55.819179629907,-9.12066749297082,0.146597174741328,0.46276167792398,0.449145121518902,0.0880932005571174,0,200,0.300805088586472,0.0375688607758319,0.0230950124022832,1.24293637219991,1.62092633684989,1.70411346956277,5.15901036137978,457,FALSE
"LNP_0472",132.203007116914,-9.07946902792901,0.126229960471392,0.591932171634247,0.295921664038959,0.112146164326794,0,200,0.297850833279543,0.0360693570667583,0,1.22028369567497,1.6305704141663,1.69665820886693,5.13491979321824,458,FALSE
"LNP_0330",141.506376164034,4.67904297634959,0.356589280255139,0.537120563365222,0.357269476112475,0.105609960522303,0,200,0.297800459838064,0.0368244596921063,0.0147895833961693,1.2292414937951,1.86579419838972,2.83279955962036,2.94910513967844,459,FALSE
"LNP_0377",127.459154208191,-9.73917940631509,0.249592845514417,0.459504963623205,0.4405050964425,0.0999899399342949,0,200,0.297320738006917,0.0363319671508096,0.000233827546960117,1.22242591539212,1.55534174482914,1.64258837171712,5.47044568328595,460,FALSE
"LNP_0373",136.648331466131,5.23970646318048,0.262216608878225,0.545164577942171,0.385605002982355,0.0692304190754742,0,200,0.294854095621356,0.0379747610075445,0.160423747479537,1.37024226810067,1.98176874569492,3.03547642655301,3.21569928314655,461,FALSE
"LNP_0185",109.434319403954,9.05289147980511,0.419878846220672,0.470242062932102,0.429299686561293,0.100458250506605,0,200,0.29457254911697,0.0382036776076104,0.87944132425477,2.0060077466214,2.18000261767876,3.96121322231651,5.12764528926547,462,FALSE
"LNP_0453",74.0530701586977,9.1315952828154,0.385431124735624,0.468765485926017,0.322169506291227,0.209065007782756,0,200,0.294424047660623,0.0368867671046775,0.914947568747099,2.03437570018416,2.20727220924147,3.9973046971138,5.18024528967607,463,FALSE
"LNP_0341",91.4735334459692,9.24842642154545,0.220894104614854,0.467141744651802,0.408198096619779,0.124660158728419,0,200,0.287815885489655,0.0366512827796468,0.948870954125374,2.07581526990917,2.2980560597799,4.09766737801814,5.22702655501264,464,FALSE
"LNP_0306",98.0910829966888,9.37282335944474,0.322045522741973,0.457991957416606,0.363921391021719,0.178086651561675,0,200,0.287288946975478,0.0385560734880114,0.940322487338975,2.0503770750602,2.26912973942135,4.0888541043527,5.27866372757855,465,FALSE
"LNP_0290",117.028203955851,8.30545251257718,0.305986253917217,0.507374677996981,0.324397207414035,0.168228114588984,0,200,0.286091708885371,0.0379888946788365,0.707947326818559,1.84294409952827,2.18613636878797,3.81274899509323,4.73739644481743,466,FALSE
"LNP_0352",146.746949432418,4.5279777655378,0.101936695817858,0.527100177174924,0.388059562011658,0.0848402608134186,0,200,0.285266705056964,0.0362761806372637,0,1.20647512447604,1.9972081956916,2.90455914198898,2.85836539124602,467,FALSE
"LNP_0034",129.546741768718,6.32956277579069,0.152115254756063,0.519415185285425,0.337358332467505,0.143226482247071,0,200,0.285004334514533,0.0391175725384095,0.361115563093123,1.53680390636978,2.1167649953183,3.3713742905265,3.7764101844708,468,FALSE
"LNP_0121",114.789347932674,8.06801769416779,0.180873827077448,0.360817133938341,0.447702518798985,0.191480347262674,0,200,0.278999298427118,0.039150495884378,0.664154239210138,1.80385183068025,2.23888592523855,3.80061986902744,4.64782249637397,469,FALSE
"LNP_0496",149.294401612133,6.59247757401317,0.424804697744548,0.539486180355676,0.394128145777187,0.0663856738671364,1,200,0.273794457149782,0.0365160755524175,0,1.50842259246088,1.98643247684654,3.32617597291859,3.30308007365104,470,FALSE
"LNP_0435",73.4819675795734,9.15339484810829,0.254770278465003,0.458820126352804,0.334350291108119,0.206829582539077,0,200,0.270090667696219,0.0378924894821502,0.781901189801447,1.92360883781833,2.2761485748779,4.05838423503094,5.19370292154087,471,FALSE
"LNP_0093",84.3516472261399,9.38077727332711,0.146134963817894,0.553887788344413,0.290459128924618,0.155653082730969,0,200,0.265765123582367,0.0393090135785984,0.860463434778252,1.99287608565781,2.37103842482291,4.19381498194708,5.30344140131282,472,FALSE
"LNP_0106",139.035022212192,6.02859167382121,0.311762302555144,0.436096103141122,0.474986231997217,0.0889176648616612,0,200,0.259108379478898,0.0360344540228436,0.00258933119387874,1.21796503729805,1.98964477659827,3.18830580165853,3.60286220855467,473,FALSE
"LNP_0477",112.714618444443,8.96237675566226,0.288001058809459,0.392232738003467,0.406696385710438,0.201070876286095,0,200,0.254535477612847,0.0366345879686501,0.627131901442245,1.76677236062858,2.26467980720517,4.01437115909851,5.08352302096004,474,FALSE
"LNP_0400",149.123655585572,5.95805874560028,0.194879167340696,0.495705309257185,0.440676854315753,0.063617836427062,0,200,0.250578608116653,0.035066525822108,0,1.20952121019143,2.06946870923933,3.26372167806603,3.57576351758336,475,FALSE
"LNP_0139",147.98219173681,6.37910766527057,0.3126733308658,0.391294316594983,0.457604352498256,0.151101330906761,0,200,0.248000877896643,0.0372498313100061,0,1.21856993769437,2.0236304056659,3.30280238571817,3.7887209213646,476,FALSE
"LNP_0020",145.450364914723,6.30162990186363,0.211689524259418,0.531837160644021,0.335134266593741,0.133028572762238,0,200,0.244698493308797,0.0360989880698726,0,1.21929903128294,2.07385527541177,3.32892832019181,3.73185268427422,477,FALSE
"LNP_0029",78.915973729454,9.78156541474164,0.207521379925311,0.524799096430819,0.342295895757037,0.132905007812144,0,200,0.243428581027873,0.036328384917896,0.725575027144786,1.88156487660616,2.36020952639098,4.23488287009767,5.50337118375535,478,FALSE
"LNP_0234",55.8478488586843,8.48957973532379,0.335482510644943,0.542047779237471,0.352215436388699,0.105736784373831,0,200,0.235933345983035,0.0362831528420762,0.359177842630948,1.52834823116487,2.19784084731367,3.86321615870953,4.85103760378297,479,FALSE
"LNP_0357",116.877151746303,8.97650501225144,0.178662704490125,0.613773740034432,0.26414842671366,0.122077833251908,0,200,0.228865537857898,0.0382932003917915,0.480291528000323,1.64376550322886,2.33300702133453,4.06168438584048,5.09714803566801,480,FALSE
"LNP_0431",145.310121378861,7.73725143168122,0.44788828631863,0.480002041810428,0.407452038502435,0.112545919687137,0,200,0.219041912006629,0.0362471456761252,0,1.22623571218693,2.05664058115405,3.615977698845,4.46451278127797,481,FALSE
"LNP_0062",59.4840660924092,8.58701365068555,0.16921721547842,0.416283259180857,0.40865872470055,0.175058016118593,0,200,0.218348209327387,0.036962310459711,0.312892823094579,1.48997760366841,2.2946685867569,3.9699074768032,4.88512913022061,482,FALSE
"LNP_0403",140.530958166346,7.04729200340807,0.124690509587526,0.462535796356836,0.350311279599969,0.187152924043195,0,200,0.217071419039523,0.037187960423316,0,1.21096687986033,2.19972482894196,3.57004835231878,4.12993358055948,483,FALSE
"LNP_0485",143.268107902259,8.04363556671888,0.496564877685159,0.500907043952625,0.419558046902986,0.0795349091443889,0,200,0.214643781569507,0.0363279500927804,0,1.22591653410835,2.04835445952675,3.64808295530582,4.62724136152566,484,FALSE
"LNP_0360",133.52553199511,7.78042985592037,0.295523055177182,0.540837285935115,0.309417898288207,0.149744815776677,0,200,0.211457352496146,0.0366949974687217,0.0174094443191674,1.23266217770849,2.14300366259388,3.67553849590535,4.4991994105809,485,FALSE
"LNP_0143",51.0467111831531,7.76817300822586,0.129052770230919,0.591749095684397,0.349964988181249,0.0582859161343536,0,200,0.211083074700626,0.0367673636249905,0.101712366775427,1.32511103108181,2.26027975002961,3.77437615023495,4.48369483419289,486,FALSE
"LNP_0241",104.682615655474,9.84341238625348,0.131397172063589,0.489163197714764,0.386907938962314,0.123928863322921,0,200,0.210654807493492,0.0367653293161372,0.530248297835847,1.6859817273674,2.41602234704281,4.31232338513751,5.50620995897451,487,FALSE
"LNP_0382",126.082362537272,8.42130407691002,0.241891848202795,0.487290647470649,0.317914116221124,0.194795236308227,0,200,0.207096369239164,0.0351574273868184,0.154865557521289,1.35722821164934,2.24358735370567,3.89207430972887,4.7955748893844,488,FALSE
"LNP_0031",146.302423253655,8.78276801202446,0.192492353729904,0.506856184194743,0.331184450570595,0.161959365234662,1,200,0.200656368150086,0.0365532241411092,0,1.51237593105423,2.30243191553213,4.00128103846996,4.4092632828999,489,FALSE
"LNP_0347",148.335018078797,7.96721662394702,0.216433182917535,0.492829298075717,0.350594731483377,0.156575970440906,0,200,0.196617544668545,0.0367866973686795,0,1.22551875671003,2.22881686308689,3.7973902827117,4.59598734452415,490,FALSE
"LNP_0401",148.605429730378,8.47398426383734,0.193295895028859,0.437921098113555,0.376650676137598,0.185428225748847,0,200,0.182901633953465,0.0369779306379549,0,1.21409508241885,2.26754621167776,3.9236087406771,4.84763286641703,491,FALSE
"LNP_0271",137.104341364466,8.31972666084766,0.110404284205288,0.595573059149974,0.34284213166229,0.0615848091877354,0,200,0.181620280664992,0.037179067551777,0,1.21372138061542,2.31120339347892,3.92611995309224,4.75844509416665,492,FALSE
"LNP_0219",132.095132395625,9.89872880280018,0.17916945470497,0.534297137482,0.330266421211471,0.13543644130653,1,200,0.180147833615238,0.036481663584372,0.0642671946206139,1.56967742557487,2.38444658167542,4.28137377902101,4.95582694414611,493,FALSE
"LNP_0456",139.007791317999,9.25230682827532,0.419252794887871,0.427528823397705,0.408425262036736,0.164045914565559,0,200,0.17646059465768,0.0356477793900308,0,1.20556993630056,2.18939396384091,4.01071319798352,5.22713509967755,494,FALSE
"LNP_0114",144.772694003768,9.86089560668916,0.256491513364017,0.565310805693616,0.330229547079278,0.104459647227105,1,200,0.176269298695695,0.0361400518052314,0,1.51563022808008,2.34413472046491,4.2559199093734,4.93940740368992,495,FALSE
"LNP_0137",132.18054601457,9.07902495469898,0.252569038700312,0.42728886379098,0.372856369485368,0.199854766723653,0,200,0.171655087583675,0.0360419265538376,0,1.21503658801128,2.27403651728679,4.02959206621,5.14810813495042,496,FALSE
"LNP_0386",141.399544966407,8.85197723750025,0.17528873430565,0.539714446840633,0.274654921825898,0.185630631333468,0,200,0.171372040630319,0.0363542517203257,0,1.21334920481153,2.3177251839788,4.01895710820169,5.03380324269513,497,FALSE
"LNP_0089",138.646906078793,9.54767153598368,0.422742119152099,0.470403192818061,0.396133284243799,0.133463522938139,0,200,0.16837659744337,0.035694254132693,0,1.2085963935294,2.2154666307396,4.09313060451955,5.3707957892828,498,FALSE
"LNP_0324",120.399206131697,9.82068637851626,0.242842567153275,0.498096395982315,0.342105438016573,0.159798166001112,0,200,0.161054054130679,0.0372885614716894,0.0948671688426466,1.30657125701103,2.3547851199165,4.26762429713756,5.51991287837902,499,FALSE
"LNP_0238",133.192756283097,9.77926822379231,0.381501524802297,0.544046223168689,0.294603598431884,0.161350178399427,0,200,0.160432957676486,0.0370569230075661,0,1.21850611097816,2.25621619528766,4.1630581213215,5.49192662444481,500,FALSE
