"inflammatory_risk_class","lnp_id","size_nm","charge_mV","peg_mol_percent","ionizable_lipid_fraction","cholesterol_fraction","helper_lipid_fraction","targeting_ligand","n_records","mean_safety_score","sd_safety_score","mean_delivery","mean_adaptive_activation","mean_innate_activation","mean_cytokine_burden","mean_off_target_activation","sbd_rank","pareto_optimal"
"High","LNP_0462",93.6129996087402,-1.00800178479403,0.399105833750218,0.477647912702742,0.431320381918687,0.091031705378571,1,13,0.779298981633696,0.0189666546278031,3.08364657266251,4.28208624571119,1.88446024899364,2.02588616575256,0.868998735225486,1,TRUE
"High","LNP_0374",95.510805095546,0.547898812219501,0.345423847343773,0.515114624393842,0.400721801172917,0.0841635744332413,1,13,0.772484996217587,0.0244512881605832,3.06303072739941,4.26677013619084,1.96486264766802,2.22792056642827,0.534743274914869,2,TRUE
"High","LNP_0428",88.8204663759097,1.09363658819348,0.493633543048054,0.376300626226774,0.427976831045156,0.19572254272807,1,13,0.765439190206472,0.0286987063107619,3.0970759728624,4.30310229037918,1.95618273840277,2.3234502083363,0.906305286747342,3,TRUE
"High","LNP_0007",102.8105488047,0.721074412576854,0.409476848971099,0.504653408404807,0.345283777949371,0.150062813645822,1,13,0.760399854152808,0.017392194589427,2.99935866637375,4.16915163234031,1.9361407384882,2.28007452852273,0.64821188137025,4,TRUE
"High","LNP_0419",97.8456383803859,-2.32126656919718,0.40911775957793,0.516176699840256,0.345445278826466,0.138378021333278,1,13,0.757179758131348,0.022607614178963,3.0186551155756,4.25268147470793,1.91017801455885,2.04841256927021,1.38301985717133,5,FALSE
"High","LNP_0449",85.8056963421404,-1.6948509356007,0.30026867967099,0.598698499676246,0.342006278828472,0.0592952214952825,1,13,0.755600919400336,0.0148985370051283,2.98630160491864,4.17217916872525,1.91614368725692,2.10300473218646,1.10006622025095,6,FALSE
"High","LNP_0442",108.387233596295,-0.195516035892069,0.345106361154467,0.468929058018287,0.331895852477489,0.199175089504224,1,13,0.749846037161727,0.0277066777004754,2.77019794732787,3.99520860963694,1.92270075387329,2.00075846268215,0.344496744603802,7,TRUE
"High","LNP_0364",80.8119554305449,-0.627616751007736,0.274638611916453,0.517230525633537,0.391734283551729,0.0910351908147338,1,13,0.749782014407559,0.0369817863524845,2.91047716651719,4.09081251980922,1.98780086635777,2.13646230366641,0.647049799108177,8,TRUE
"High","LNP_0467",73.0096920393407,0.965611478313804,0.46767194615677,0.492253285244461,0.29697368353357,0.210773031221969,1,13,0.748109998149161,0.0268579282486764,2.91212842299039,4.15840981797167,1.95382164223593,2.29144393433354,0.734768225784647,9,FALSE
"High","LNP_0466",77.077801944688,1.38886549510062,0.445512916892767,0.526246112429754,0.380303940182633,0.0934499473876125,1,13,0.747466675167836,0.0211703244163416,3.0204479576752,4.18691260843025,1.96415251858791,2.43092310989126,0.996648115909177,10,FALSE
"High","LNP_0017",74.608773435466,-0.90476737357676,0.323866031691432,0.406530058160932,0.458583185003285,0.134886756835784,1,13,0.741932319771753,0.0220008058039396,2.83326633332083,4.05611988056894,1.9509462792465,2.15577062946211,0.710882999703799,11,TRUE
"High","LNP_0109",91.0689776530489,-3.3800434274599,0.480289639346302,0.466218533053709,0.394831297601722,0.138950169344569,1,13,0.741050477538109,0.0257971683911045,2.96042319867215,4.12683227764478,1.81588150741011,2.03041985480617,1.93569474879626,12,TRUE
"High","LNP_0140",93.9431536244228,-1.64445796515793,0.203858428541571,0.537716976281056,0.345643035436697,0.116639988282247,1,13,0.73543854308042,0.0181275516709912,2.90554293266487,4.05804092675349,1.99104507851229,2.14989169467604,1.13266542247135,13,FALSE
"High","LNP_0141",81.170220207423,1.87676986213773,0.432716127112508,0.438773974181599,0.454307172924857,0.106918852893543,1,13,0.735336379413409,0.0303446880007436,2.99259025585352,4.21573090684965,1.99999134394025,2.54578087424975,1.17025651234218,14,FALSE
"High","LNP_0025",115.570579911582,0.376098467968404,0.424494939856231,0.58258254117628,0.297731865694883,0.119685593128837,1,13,0.731769717803076,0.0224592457524513,2.66496075156896,3.89499590529353,1.90102298761802,2.13491730340016,0.411063764553885,15,TRUE
"High","LNP_0180",108.175009978004,-1.03713772259653,0.353958562016487,0.445144173552853,0.43156519854507,0.123290627902077,1,13,0.726683743592187,0.0241257002174909,2.73595070077337,3.9370459704636,1.93986803145204,2.14873035784082,0.815057295790551,16,FALSE
"High","LNP_0079",85.1797909243032,1.33468165528029,0.267945685982704,0.430720612426444,0.460881131679279,0.108398255894277,1,13,0.726582046103,0.0220953028849104,2.89515726204163,4.10938094101984,2.08034677091886,2.39442067220537,0.933824103037311,17,FALSE
"High","LNP_0010",95.6614735303447,-3.17357432097197,0.2762132499367,0.54104059729743,0.319030594163241,0.139928808539329,1,13,0.725762641857463,0.0281080060270658,2.89082528174864,4.09107981032321,1.94185602537807,2.03431529597729,1.83792787305856,18,FALSE
"High","LNP_0186",98.1289800489321,1.01233443710953,0.153998559340835,0.463687385701895,0.33033774675965,0.205974867538455,1,13,0.72249072837844,0.0304141603390395,2.82918022240293,4.07248173300695,2.06161058297742,2.41759066386977,0.82006166206972,19,FALSE
"High","LNP_0199",65.2346616843715,-1.42773817293346,0.487420371174812,0.499189116605839,0.349672881561079,0.151138001833082,1,13,0.720031969392384,0.0207080370474006,2.67108349068078,3.91367508548301,1.89434750395762,2.06912969017296,1.05447989250483,20,FALSE
"High","LNP_0346",87.0214798487723,-4.74487444385886,0.482129480689764,0.457434400196745,0.342177131301389,0.200388468501867,1,13,0.718697051038746,0.0222507140419923,2.86064492755347,4.01402988869031,1.75835809954177,1.91970760069333,2.61669902644323,21,TRUE
"High","LNP_0221",78.2528330106288,-1.62661683280021,0.238268989697099,0.52649488791667,0.287770801388292,0.185734310695038,1,13,0.718110920587907,0.024827784574258,2.78636502661418,3.9406855736718,2.0481120684681,2.11775736493697,1.06133850587478,22,FALSE
"High","LNP_0427",80.2904915297404,-3.0396989453584,0.286179745290428,0.525902389689867,0.298062491132276,0.176035119177857,1,13,0.715985033615931,0.0155083524118391,2.79255278814932,4.06271691796065,1.93663511945708,2.06365007997838,1.79901555981386,23,FALSE
"High","LNP_0370",98.3167669270188,0.960645750164986,0.171623823884875,0.523827971201285,0.368251794149631,0.107920234649084,1,13,0.71526599970558,0.0314749612677516,2.84307262681081,4.04222297334418,2.15355153120019,2.46623184973145,0.762562870202316,24,FALSE
"High","LNP_0255",103.107039886527,1.14875166211277,0.157511241268367,0.591165452459411,0.31536321707833,0.093471330462259,1,13,0.713134979765571,0.030249744511903,2.81298996618535,4.0708245785688,2.14908878082543,2.39668335762298,0.891478191718082,25,FALSE
"High","LNP_0479",71.7243514023721,-2.96764655970037,0.438374316692352,0.497445002433955,0.354382636381239,0.148172361184806,1,13,0.712960660621276,0.0256892753796508,2.75382960366098,4.0236421251349,1.89266964955741,2.10136161388464,1.80043037601565,26,FALSE
"High","LNP_0133",117.299909261055,-0.841568778268993,0.38119180155918,0.555363743915647,0.338281021338369,0.106355234745984,1,13,0.709753164075774,0.0263794234534424,2.55147875984449,3.77492867085056,1.92703909909183,2.05594823653394,0.708919479539102,27,FALSE
"High","LNP_0091",63.0695691565052,0.531801590695977,0.422499176114798,0.570619913598039,0.292134981431764,0.137245104970197,1,13,0.708736376737819,0.0230054003058143,2.54953983419077,3.78427085316565,1.93112661734304,2.24392754763859,0.495014060717424,28,FALSE
"High","LNP_0210",67.2171746380627,-1.42118817660958,0.316875315923244,0.545897734669014,0.332143630574536,0.121958634756449,1,13,0.707246705048628,0.0175375048006366,2.59722402546589,3.84301783297149,1.97188175119262,2.03637355591285,0.981682608912566,29,FALSE
"High","LNP_0476",94.4527396932244,2.86443118937314,0.390119745302945,0.52316596548,0.356541447406992,0.120292587113008,1,13,0.704824228514596,0.0322765546063314,3.02049733651914,4.20675900195431,2.13818223096324,2.80093640419495,1.73244809527438,30,FALSE
"High","LNP_0245",81.1869746772572,-3.57343113049865,0.420538120251149,0.382788465056154,0.432405959562547,0.184805575381299,1,13,0.702331282581285,0.0287579276692624,2.79238893883003,3.95733367037625,1.93359614675124,2.10518619059502,2.13538743877798,31,FALSE
"High","LNP_0414",99.7948936186731,1.52490337844938,0.164386600535363,0.59286966262149,0.295087133582735,0.112043203795774,1,13,0.699206390711746,0.0191203282814384,2.80664771844577,4.06434351756842,2.18781953325321,2.63430514453068,0.987540172267409,32,FALSE
"High","LNP_0196",96.6532702324912,1.66061190422624,0.178068572748452,0.480746501655603,0.348273867491275,0.170979630853122,1,13,0.698829707175523,0.0202731692053518,2.82932441409721,4.11356018436333,2.19712908142256,2.63924257304169,1.13432616822376,33,FALSE
"High","LNP_0208",78.8239280693233,-2.47111013624817,0.163065111171454,0.466697291564008,0.366337065837646,0.166965642598346,1,13,0.693745035045357,0.0229151466802854,2.68117452369328,3.93860416214934,2.06619150753517,2.19136145346766,1.5047885625907,34,FALSE
"High","LNP_0124",71.9767631264403,-2.46367166284472,0.225407158210874,0.546867023095595,0.296752285272456,0.156380691631949,1,13,0.693729279975239,0.0199916760461766,2.64450432946744,3.91144635155806,2.01258514760657,2.17270519972411,1.51632495532828,35,FALSE
"High","LNP_0192",82.1482756407931,2.69601019565016,0.322031241096556,0.492451268021807,0.377697105756558,0.129851626221634,1,13,0.693203806338321,0.0289957327060246,2.93612090563631,4.1162514637732,2.16468026147798,2.8532634727493,1.58668421013585,36,FALSE
"High","LNP_0497",75.3098994027823,2.8422763897106,0.49648768696934,0.409418798928009,0.417925204391451,0.172655996680539,1,13,0.693046393693772,0.0289892743574584,2.81612593150554,4.02570527320689,1.99148958680676,2.72268837545587,1.71176767752577,37,FALSE
"High","LNP_0437",60.817852942273,0.519485482946038,0.358206245675683,0.532797285146388,0.313021145123866,0.154181569729747,1,13,0.691347676644083,0.0242204250971925,2.44274493200865,3.67682455008881,1.97302727156883,2.21389736599737,0.534237981361455,38,FALSE
"High","LNP_0480",120.48722456675,-1.61908550187945,0.431282921507955,0.518653265821846,0.410247313247181,0.0710994209309734,1,13,0.688263981296968,0.0245080021978779,2.38322052518884,3.66996993801755,1.86011676746629,1.95931569667105,1.1213445533573,39,TRUE
"High","LNP_0361",64.3817043630406,-1.51095809880644,0.35955299185589,0.483462005381116,0.35247579199346,0.164062202625424,1,13,0.685130124706464,0.026040322478998,2.49057132042196,3.67352073445379,1.95733125046516,2.16586264975202,1.07638006621904,40,FALSE
"High","LNP_0066",94.8516341391951,3.07533364742994,0.385260075516999,0.478430011157797,0.307832555612139,0.213737433230064,1,13,0.685034111391222,0.0267441077214666,2.90619200419951,4.10902250805991,2.15438408909197,2.86241048205096,1.81683230373387,41,FALSE
"High","LNP_0423",109.626354463398,-2.72514610551298,0.266289060562849,0.553421391008186,0.29363391324062,0.152944695751194,1,13,0.683260338057744,0.0274578249561257,2.54598427330243,3.81375338617724,1.98974613529819,2.06481996289217,1.62776850718532,42,FALSE
"High","LNP_0307",65.663685137406,-0.230090352706611,0.12936575897038,0.558826159402888,0.346078600106481,0.095095240490631,1,13,0.682701694763811,0.0314392133640139,2.41459433825899,3.68000454415446,2.11013687369404,2.15496125710568,0.434050145875059,43,FALSE
"High","LNP_0343",102.602966013364,2.25446937140077,0.253737013787031,0.426824862763834,0.406169896784864,0.167005240451302,1,13,0.679212631720794,0.0199900908659863,2.73904807904204,3.99179251506214,2.15764744029958,2.75302221515304,1.36748408215442,44,FALSE
"High","LNP_0387",68.5296441894025,-1.58433248754591,0.186026698723435,0.435040565857467,0.394398361108528,0.170561073034005,1,13,0.676582824335879,0.0308641764363818,2.46162635263943,3.69431106471474,2.02394033242707,2.17772501742082,1.12634493028997,45,FALSE
"High","LNP_0080",61.1135424347594,-0.198730938136578,0.24217386841774,0.528099444345447,0.289141429274323,0.18275912638023,1,13,0.674477842754064,0.0331752402187494,2.29774458613467,3.60119592528217,2.03309100711462,2.21585386311581,0.361913029465469,46,FALSE
"High","LNP_0056",70.653138961643,1.73917313572019,0.210575953498483,0.511674870439076,0.328180664879609,0.160144464681315,1,13,0.671490925726033,0.018947049473072,2.62624948722192,3.87706348330913,2.17635812959182,2.64247953804189,1.15698122098387,47,FALSE
"High","LNP_0153",88.7909029843286,-0.484989886172116,0.399842838384211,0.433950636910407,0.384746412908648,0.181302950180945,0,13,0.671291971136551,0.0259821351438151,2.38335250598564,3.29602255721688,1.85807715606502,1.97292854806312,1.18040763497157,48,TRUE
"High","LNP_0406",94.9802484130487,0.226291930302978,0.403274215571582,0.516308419445917,0.33083055585591,0.152861024698173,0,13,0.668839349070453,0.0189149665888199,2.37651274709,3.32360026665995,1.91594033801361,2.08663720251598,0.966897704993647,49,FALSE
"High","LNP_0160",71.799066872336,-2.98910453915596,0.183999223448336,0.532688068240611,0.322373801907196,0.144938129852193,1,13,0.665991421272764,0.0250336153512095,2.52379456703568,3.70619335926911,2.0317604582144,2.20063357075191,1.75784062064982,50,FALSE
"High","LNP_0284",72.4985329201445,3.08801533188671,0.402439205534756,0.479081828882705,0.333758349446487,0.187159821670808,1,13,0.664982395873257,0.0295145549210872,2.76552319463033,4.01137372467198,2.14847109201533,2.91128930235161,1.89961610213037,51,FALSE
"High","LNP_0415",77.6049672625959,-3.72314855922014,0.173176276870072,0.452985436361898,0.379267989058194,0.167746574579908,1,13,0.663493088892369,0.0269457996612015,2.53438701782446,3.74430217832936,2.02535094289364,2.06061665236647,2.17060610660991,52,FALSE
"High","LNP_0102",83.2823540316895,3.72980702202767,0.391105084121227,0.451161832335164,0.379532254264412,0.169305913400424,1,13,0.66208803150634,0.0169064584545458,2.8547816907787,4.0851117822587,2.17282624074847,3.13333270415929,2.10312390447661,53,FALSE
"High","LNP_0333",123.779740300961,-0.740495775826275,0.332573263067752,0.522472967085931,0.339001607117719,0.13852542579635,1,13,0.661197105876105,0.029376790031328,2.13578617164258,3.48295248574007,1.90310631040044,2.10487938872328,0.657865457191799,54,TRUE
"High","LNP_0493",95.978519320488,1.44297359045595,0.49857828291133,0.51263961187414,0.331063669156799,0.156296718969061,0,13,0.660866271530188,0.0305093813894747,2.48564710192401,3.50322251928165,1.94016170891883,2.34000302286298,1.58825965319276,55,FALSE
"High","LNP_0228",106.025326368399,2.25559297949076,0.19042548192665,0.56802303015318,0.348993888188273,0.0829830816585472,1,13,0.659141130498032,0.0283204953931438,2.67335643323995,3.84994141243303,2.22141734116504,2.84295469977941,1.38431027366852,56,FALSE
"High","LNP_0244",113.305535982363,1.94706965237856,0.276096739806235,0.414606047326271,0.523771811576271,0.0616221410974585,1,13,0.659091854883717,0.0206131087088394,2.49394228782592,3.74966433318124,2.10561865211249,2.57424614577661,1.26904922169351,57,FALSE
"High","LNP_0159",94.476800202392,0.0581660820171237,0.30416452055797,0.5109793424211,0.410971489572261,0.078049168006639,0,13,0.658128183084506,0.0246438833073319,2.30939967275483,3.25680518493742,1.96378149156288,2.12136698096911,0.844529173123059,58,FALSE
"High","LNP_0494",120.158511842601,-1.99661643244326,0.406275866832584,0.425405822751866,0.473497626593823,0.101096550654311,1,13,0.653589040531033,0.0219059411871659,2.24981398761673,3.51337712637151,1.92838114274857,2.1962526537057,1.24652327303401,59,FALSE
"High","LNP_0127",65.4202300822362,-4.52497460413724,0.47243985645473,0.495705326794892,0.420238884936402,0.084055788268706,1,13,0.652118290005981,0.0292092027469669,2.37979633334348,3.7091879383855,1.86335835075135,2.02100851088526,2.56065055188994,60,TRUE
"High","LNP_0398",60.105849406682,-2.38192599732429,0.286401465628296,0.522928186416402,0.337576614000767,0.139495199582831,1,13,0.650806873659232,0.0307906334934104,2.27348923708077,3.48789485578464,1.94989112556059,2.08433762828045,1.48832556524908,61,FALSE
"High","LNP_0339",114.39229149837,-4.21295709908009,0.437565883249044,0.4952267305992,0.368538979737981,0.136234289662819,1,13,0.650476651765546,0.0304404149923968,2.39949067975889,3.60640940678163,1.88010226130562,2.0670418190998,2.41596096287136,62,FALSE
"High","LNP_0268",84.732463140972,-1.75433774013072,0.474930946156383,0.455685445128992,0.448088917876037,0.0962256369949717,0,13,0.650161983676868,0.0204235646900245,2.39373464402073,3.27061746355529,1.88423123219286,2.07127092784213,1.82798356486239,63,TRUE
"High","LNP_0212",75.2964928513393,0.416847025044262,0.499553059600294,0.418021898426446,0.439291505741024,0.142686595832531,0,13,0.650104001753852,0.0311349300930012,2.2801393254567,3.21433485664658,1.93680507120485,2.15675445621482,1.0299628291771,64,FALSE
"High","LNP_0022",119.28034061566,-2.70657944027334,0.417095336690545,0.422581976338178,0.403725893769031,0.173692129892791,1,13,0.649589045259261,0.024160146322635,2.26379934543247,3.51479742255933,1.88651568362579,2.12459892027471,1.69276712752496,65,FALSE
"High","LNP_0335",81.4270780421793,3.33011434413493,0.275309815071523,0.405334906251748,0.460545084632759,0.134120009115492,1,13,0.648144944074012,0.0262813341760589,2.76103854990252,4.00289445410948,2.28032215686445,3.05949366268287,1.94412360321078,66,FALSE
"High","LNP_0481",71.5166488196701,-0.842464058659971,0.404657737724483,0.536960837837878,0.296424013667027,0.166615148495095,0,13,0.647330010062822,0.018289110456081,2.22857150354341,3.25835673374716,1.91975285004284,1.99503339081335,1.29299915967082,67,FALSE
"High","LNP_0040",73.1625785352662,-4.50909272767603,0.279092039354146,0.445354897198398,0.378783270643247,0.175861832158354,1,13,0.645965879634758,0.0212646351172862,2.45751730843568,3.79692473017572,2.02189273195942,2.1486722345421,2.58046651567364,68,FALSE
"High","LNP_0071",125.447515863925,1.06627975124866,0.415363752655685,0.514057068585655,0.337953981772417,0.147988949641928,1,13,0.644094421242569,0.0227100090074287,2.15486244173998,3.42827746714809,1.96340235482736,2.35193386606165,0.818231364573853,69,FALSE
"High","LNP_0305",113.013185281307,-4.74407391622663,0.39146581524983,0.474369533672643,0.371032883360739,0.154597582966617,1,13,0.64302279418422,0.026771937914659,2.34851462003712,3.60288770417179,1.86454095498535,1.99756421379254,2.66553162226402,70,FALSE
"High","LNP_0312",96.4665941894054,3.90210488811135,0.246392055321485,0.581723531571741,0.292406554403864,0.125869914024395,1,13,0.639759274666526,0.0259826382176476,2.79141266182097,4.00303980440485,2.29283630834926,3.10760791295091,2.2979191136692,71,FALSE
"High","LNP_0246",122.45543464087,0.558580006472766,0.211713522020727,0.37211402159619,0.4485234604696,0.17936251793421,1,13,0.63770076065317,0.0288244896851144,2.06256098686681,3.30268524720481,2.00448565456399,2.22246365227282,0.566936362629745,72,FALSE
"High","LNP_0349",72.9244840331376,-5.27530128136277,0.314543972350657,0.553232114665062,0.352531975504902,0.0942359098300359,1,13,0.637439400850242,0.0254905141609948,2.41406857224398,3.6317130830927,1.9221568058233,2.06384424107987,2.91816662117318,73,FALSE
"High","LNP_0278",96.6472376836464,-1.85461420100182,0.349251664802432,0.508141135583716,0.418396550040074,0.0734623143762104,0,13,0.636560731967985,0.0270632636459411,2.25685092733681,3.23854554145224,1.88400039233212,2.00885609158901,1.90112567114136,74,FALSE
"High","LNP_0378",70.8876348566264,3.8639780273661,0.481136401835829,0.470111819571979,0.419809074009277,0.110079106418744,1,13,0.635450522305558,0.0235007948054764,2.60347870601961,3.94841232571374,2.1462155189576,3.01813905560177,2.25909857099479,75,FALSE
"High","LNP_0489",92.894859588705,-6.1737562622875,0.332857558876276,0.576193392417098,0.343405560486484,0.0804010470964186,1,13,0.633869237500525,0.0258584500762433,2.50831392815604,3.73008845091921,1.97160515293875,2.12470484087275,3.34524114581135,76,FALSE
"High","LNP_0338",114.146235398948,3.1444212095812,0.399114619474858,0.430893833849089,0.441555073272245,0.127551092878666,1,13,0.633727428442819,0.0342170279781272,2.48974243003564,3.75850978805785,2.1419304025293,2.82019122889396,1.8632724264378,77,FALSE
"High","LNP_0286",89.5892688306049,-0.772621463984251,0.210359605122358,0.465696543947062,0.359951889671996,0.174351566380942,0,13,0.63351405560105,0.0205182822414745,2.20999857732974,3.23939672540199,1.99119309442653,2.12208106280344,1.3621716172803,78,FALSE
"High","LNP_0345",98.6411764053628,1.00518092978746,0.361850697919726,0.525208821621478,0.316277506624429,0.158513671754094,0,13,0.632928378628671,0.0282891469010896,2.32639047347771,3.28921512962157,2.06393787228417,2.35785858817695,1.36224306129428,79,FALSE
"High","LNP_0154",74.6448994148523,1.34238932281733,0.467581898067147,0.571680562570489,0.362003970861303,0.0663154665682077,0,13,0.632277879439084,0.0305657222659035,2.29981856610015,3.28291684937967,1.96151210768723,2.37617986546544,1.57706313034379,80,FALSE
"High","LNP_0039",81.8181007634848,0.710827833972871,0.270754230581224,0.483593431453983,0.366676960862261,0.149729607683756,0,13,0.630148731708669,0.0274140453700598,2.18530957182451,3.15426533885406,1.97381740734777,2.2086273819371,1.20432057568524,81,FALSE
"High","LNP_0369",90.6607866287231,0.153657263144851,0.159511190839112,0.515086743104905,0.429994328288429,0.0549189286066664,0,13,0.628115148283824,0.0272752669036895,2.19473110133699,3.15732624506188,2.07835684063688,2.22032958475627,0.982798226107658,82,FALSE
"High","LNP_0030",64.7113647311926,-3.94224750809371,0.322070881910622,0.407703176833876,0.398528991880257,0.193767831285867,1,13,0.625983978379483,0.02475393745113,2.24389414686489,3.52236135477685,1.96014395881478,2.18873567308306,2.27892288488099,83,FALSE
"High","LNP_0418",82.1725537767634,0.628186715766788,0.224992945045233,0.513433324492682,0.33151381176361,0.155052863743708,0,13,0.625046524759136,0.0239970859300515,2.17653091899375,3.15009846664308,2.02948744489733,2.23650902155497,1.16046069979132,84,FALSE
"High","LNP_0265",101.644489425234,1.38705377466977,0.38122918959707,0.459699345502742,0.388650835392563,0.151649819104695,0,13,0.624787215409878,0.0286669257780263,2.25048224716524,3.27346753040014,2.02739204309337,2.36811282418437,1.48563650875378,85,FALSE
"High","LNP_0213",71.625478961505,3.19242674391717,0.202269246801734,0.474754294873261,0.364293619821478,0.160952085305261,1,13,0.623029092625952,0.0271258111939217,2.50834939082147,3.73613329036103,2.24092912790391,2.96574820898062,1.82716183580127,86,FALSE
"High","LNP_0069",129.434232111089,0.94046835321933,0.489665477629751,0.438603468472169,0.48749160459693,0.0739049269309014,1,13,0.622106637789261,0.0198254041031886,1.88573014409529,3.23273852153289,1.87418511313908,2.24932753911796,0.799332907904489,87,TRUE
"High","LNP_0055",106.094798375852,0.594281828962266,0.322125436738133,0.423860856117254,0.411283064814853,0.164856079067893,0,13,0.620166283293576,0.0231784576432079,2.08021130717592,3.0667436441695,1.93874904461638,2.25310665179084,1.12329162331674,88,FALSE
"High","LNP_0130",119.000710151158,-3.91044418793172,0.325917792599648,0.537668875140451,0.409119766402697,0.0532113584568521,1,13,0.616635577247429,0.02474174003294,2.16077918909673,3.44493296035316,1.96180254645309,2.13456241092832,2.28724001900588,89,FALSE
"High","LNP_0076",72.0118885161355,4.18075806926936,0.351571104303002,0.539378393324061,0.405667099530294,0.0549545071456451,1,13,0.615617952794034,0.0165001450537876,2.58069155945995,3.8510929183241,2.21188713519472,3.16383066299784,2.42116298801198,90,FALSE
"High","LNP_0319",85.3986102622002,1.79803247563541,0.319217330403626,0.556666241666808,0.322787323449165,0.120546434884026,0,13,0.614260996865872,0.022683228495745,2.34881989198016,3.3315890678447,2.10935575907601,2.60385941565067,1.80956835611373,91,FALSE
"High","LNP_0144",68.384952400811,-2.29616813361645,0.481503449846059,0.635146305455294,0.281821798563881,0.0830318959808256,0,13,0.612638632659103,0.031846414846939,2.0940791803573,3.05004902343296,1.8138173324937,2.07717422711706,2.08433920022263,92,TRUE
"High","LNP_0215",54.7663627425209,-0.263542532920837,0.131588471028954,0.513944643539551,0.41596487944741,0.0700904770130386,1,13,0.612606919543893,0.025254561862428,1.87130167041262,3.19372617666967,2.07842385656301,2.21093374318623,0.476092978815399,93,FALSE
"High","LNP_0058",125.330786430277,0.597849171608686,0.197374096978456,0.464432108740197,0.448612618764091,0.0869552724957116,1,13,0.609509117844139,0.0311075136748382,1.92873094066899,3.19501075582007,2.08385287238373,2.34558672227983,0.623789206908775,94,FALSE
"High","LNP_0187",76.503273146227,0.446715322323143,0.254999303072691,0.489719771258062,0.426336901896178,0.0839433268457607,0,13,0.609072892967022,0.0145171728188259,2.12548987595567,3.0169197462686,2.07906594380905,2.34688660034581,1.09652377930726,95,FALSE
"High","LNP_0225",55.2843942772597,2.15735922101885,0.481701989285648,0.370588188990779,0.448469995005498,0.180941816003723,1,13,0.608896309835435,0.0302507339368526,2.08102893915734,3.35903930186747,2.00817421666443,2.58819729959497,1.40932092530569,96,FALSE
"High","LNP_0451",102.382260165177,1.20561074931175,0.33952085962519,0.450866618673013,0.482386089049124,0.0667472922778629,0,13,0.608615548488852,0.0343888478694792,2.18384001427711,3.14577912390422,2.01363743803182,2.47452882200423,1.585365199539,97,FALSE
"High","LNP_0205",90.2573342202231,-3.30824077595025,0.294682229030877,0.604607632345913,0.306866802776469,0.088525564877618,0,13,0.607236684831551,0.0242561695372165,2.21080290974513,3.23619083883857,1.98196685340333,2.07259631655651,2.53039805605893,98,FALSE
"High","LNP_0077",87.9816537722945,-1.73389183823019,0.20856360187754,0.467034795311028,0.463078981713432,0.0698862229755401,0,13,0.60677465024049,0.0274612825333161,2.1623583516888,3.13271486946356,2.0460532289854,2.25031580396965,1.75533931616333,99,FALSE
"High","LNP_0053",129.892484564334,1.38765325304121,0.456758507806808,0.455160795748156,0.42215317523909,0.122686029012754,1,13,0.606320302165753,0.0246690460274035,1.87672976560345,3.19925278549084,1.96722330307029,2.33132854616982,0.9528763630335,100,FALSE
"High","LNP_0351",63.6540197068825,-3.47533706575632,0.109959307778627,0.491192481264539,0.345703254035239,0.163104264700221,1,13,0.606023724755552,0.0259218370480871,2.12859556838089,3.43542951669115,2.0846013717371,2.22130062709896,2.08184026995491,101,FALSE
"High","LNP_0498",54.9538435647264,-2.17002496588975,0.180303837172687,0.593177248493121,0.340596745820796,0.0662260056860829,1,13,0.601475001251606,0.0221932720768423,1.88669753800802,3.19194008143577,2.00908576864471,2.09393349005102,1.36131324044863,102,FALSE
"High","LNP_0182",81.2448164913803,4.29509621113539,0.184209295921028,0.499901064260541,0.394125487315333,0.105973448424126,1,13,0.597372500354153,0.0253649611358935,2.5824434350077,3.83784168098621,2.35085044037715,3.35503972217611,2.45891054653403,103,FALSE
"High","LNP_0207",86.4091864787042,0.928525174967945,0.12590045183897,0.465214974132271,0.324993057680086,0.209791968187643,0,13,0.596738145624514,0.0223625720153742,2.11264723212554,3.05512218554658,2.12801183957228,2.42885755121037,1.35312316548234,104,FALSE
"High","LNP_0455",73.6619742121547,-2.55684514530003,0.330048247333616,0.482610253342971,0.425141410073868,0.0922483365831605,0,13,0.596129625266697,0.0244971962908053,2.07104972170665,3.0527265919442,1.92417923788862,2.18775631350601,2.18237409543191,105,FALSE
"High","LNP_0270",100.281304563396,3.06855640839785,0.489121403731406,0.568568659413042,0.297226025512115,0.134205315074844,0,13,0.595077615877208,0.023089172131889,2.37576178969237,3.39717400994857,2.12609455130539,2.85606434140367,2.4158473509706,106,FALSE
"High","LNP_0267",83.6331205908209,-7.08582474850118,0.348722824919969,0.565716352238983,0.279371332437034,0.154912315323983,1,13,0.59479841714745,0.0231620721031098,2.28456246064837,3.49312075918318,1.94923235088132,2.11960038268539,3.78579180065057,107,FALSE
"High","LNP_0463",96.4016626821831,2.46522767003626,0.424355791509151,0.386679917522765,0.449676804165677,0.163643278311557,0,13,0.594035426234365,0.0310293697337756,2.25078183645888,3.2433801115581,2.05594152969346,2.7000992940699,2.16185161012324,108,FALSE
"High","LNP_0459",65.4911725781858,-1.80108143016696,0.43520927913487,0.496450397717376,0.383622494640556,0.119927107642068,0,13,0.592519234504457,0.0282276558354445,1.916288386383,2.92722049486199,1.88033999901721,2.08503447726073,1.81483223015552,109,FALSE
"High","LNP_0358",91.8915896909311,-7.59637024719268,0.425869579426944,0.471025654375477,0.32303397186072,0.205940373763804,1,13,0.591781125923115,0.0335131372932046,2.24429923730758,3.49258822330018,1.90744199934741,2.01488315614361,4.0287557182757,110,FALSE
"High","LNP_0014",107.263340195641,-2.08678720053285,0.302799090743065,0.470070286730452,0.430707121725937,0.0992225915436106,0,13,0.59092311886321,0.023817619824422,1.98188792582797,2.94137495936182,1.96090765982575,2.06920540807668,1.91721156673048,111,FALSE
"High","LNP_0444",66.5520911104977,-1.64890080224723,0.299343597050756,0.616898733092401,0.312095598830282,0.0710056680773177,0,13,0.590103623407113,0.0249022115874042,1.93851945694237,2.90555850258299,1.93965426805962,2.16328280951196,1.66953019574873,112,FALSE
"High","LNP_0372",84.2808801680803,-6.6046189982444,0.173560775537044,0.582843659961437,0.348951080042408,0.0682052599961544,1,13,0.588792029774091,0.025323858089087,2.24133100951258,3.51934784763278,2.03899885203823,2.16016635044547,3.57586590382199,113,FALSE
"High","LNP_0336",99.2566547822207,1.44147441256791,0.168147592246532,0.5367995105976,0.33118105993087,0.13201942947153,0,13,0.588529758422999,0.0231912362787685,2.1171537642199,3.11658792948448,2.12439092583414,2.56441816199776,1.63903603885563,114,FALSE
"High","LNP_0174",124.656800413504,-4.33995307888836,0.466522295866162,0.568745577033124,0.355582012846813,0.0756724101200623,1,13,0.587934652024558,0.0254889130139425,1.91798714860189,3.23207691712798,1.871297380894,2.13328640546576,2.48186580510761,115,FALSE
"High","LNP_0002",128.830513544381,-2.67117110081017,0.337546773068607,0.581982767426778,0.271887125956868,0.146130106616354,1,13,0.587934582148631,0.025597444053921,1.77677658306961,3.1069717669579,1.92455881405392,2.08108543673144,1.64452128645603,116,FALSE
"High","LNP_0390",71.0487079108134,-5.54237366188318,0.193959840293974,0.467530058470566,0.366288509898446,0.166181431630987,1,13,0.587001802595104,0.0220325236138799,2.13938645370186,3.42492964819658,2.03733974724443,2.213860315327,3.04225670388276,117,FALSE
"High","LNP_0172",68.3828490786254,0.426276926882565,0.260725541692227,0.541512860629409,0.37572038321202,0.0827667561585712,0,13,0.585013064629163,0.019214070710208,1.92214599310079,2.89009895216235,2.08273185395945,2.3278265644527,1.11978797358147,118,FALSE
"High","LNP_0235",76.0856857057661,-6.55549807939678,0.199873880296946,0.538565951382326,0.298818077233221,0.162615971384453,1,13,0.58394982211587,0.0233903766197414,2.18651676402586,3.43401206284637,2.01883026215818,2.14215693119245,3.51337864849048,119,FALSE
"High","LNP_0388",78.2218417385593,-4.04553843662143,0.447812916617841,0.490429386505854,0.447633085021398,0.0619375284727476,0,13,0.582287236260498,0.0334286692691839,2.04849664338529,3.0937712288725,1.91820404953786,2.03983541361611,2.94901905385427,120,FALSE
"High","LNP_0490",133.440097793937,-1.33629718795419,0.432293624896556,0.432980786137072,0.410577431693677,0.156441782169251,1,13,0.581876115098158,0.0221555050205614,1.56598613296799,2.91517281183535,1.87203253035229,2.06954952469817,0.961767662046534,121,TRUE
"High","LNP_0063",88.3969637798145,5.38571077398956,0.222524503525347,0.530603964549899,0.357634712586137,0.111761322863964,1,13,0.58106515307584,0.0220982577252924,2.59311154580268,3.88691355235408,2.39274509904957,3.45995404468923,2.97612238288069,122,FALSE
"High","LNP_0253",109.304565167986,-6.81129039730877,0.327090466301888,0.570606646005887,0.361032783627409,0.0683605703667033,1,13,0.580860218263476,0.0262130468773965,2.11674037128554,3.43264607218225,1.96061908053064,2.06902026538566,3.65670437981364,123,FALSE
"High","LNP_0308",50.8215519832447,-0.443559405393898,0.154600919689983,0.464779521750471,0.360379307962174,0.174841170287356,1,13,0.580472743984122,0.0198330511872751,1.64886215573199,3.01474146551354,2.11680324933737,2.2442325733816,0.49166528216633,124,FALSE
"High","LNP_0279",57.4384513311088,2.70735153928399,0.224411362316459,0.558928414033196,0.367449797061879,0.0736217889049252,1,13,0.579263756236427,0.0210484528434076,2.02006209360262,3.32435432178342,2.13850159331367,2.77498267125863,1.67493137018496,125,FALSE
"High","LNP_0396",73.95946290344,5.18333604093641,0.420740748662502,0.467512104139958,0.428876971356799,0.103610924503243,1,13,0.578820773037163,0.0315605260453702,2.51949945567774,3.79297631554194,2.31100185595637,3.44594812484057,2.91117341049628,126,FALSE
"High","LNP_0257",66.8060810538009,-0.114152762107551,0.133024424221367,0.565081849911274,0.368137359295024,0.066780790793703,0,13,0.578641754814689,0.0246337136735734,1.78714944269882,2.80292247466757,2.06467154330407,2.21765563255608,0.932105735934954,127,FALSE
"High","LNP_0355",112.190229515545,0.0887962197884917,0.136851780768484,0.487669471022092,0.344405090553548,0.16792543842436,0,13,0.578571524346502,0.0259754000641484,1.75382434161233,2.76485167078347,2.07526186478593,2.08985742508201,0.883501992515581,128,FALSE
"High","LNP_0123",80.7720010867342,5.50815182738006,0.387444698065519,0.476860141809922,0.397488630440793,0.125651227749285,1,13,0.575899347076897,0.0355940668105033,2.59161942278797,3.84003924285558,2.38316126228145,3.56185432484245,2.99786344730223,129,FALSE
"High","LNP_0001",78.7577520124614,-2.92787848040462,0.20944909369573,0.559619866838329,0.26993054893898,0.170449584222691,0,13,0.57447151929709,0.0345996618633201,2.05224397209622,3.00717405321047,2.04684392796053,2.2591450463359,2.44001183486255,130,FALSE
"High","LNP_0371",92.1844950178638,-7.18707621097565,0.235688601993024,0.423625064672124,0.428774424142699,0.147600511185177,1,13,0.573612266884844,0.0175560990681747,2.15896389365447,3.43674006828109,1.9944753915256,2.17112227253501,3.8756617011294,131,FALSE
"High","LNP_0251",75.7216746453196,-4.44461365230381,0.430676020123065,0.493130659970418,0.373706285799071,0.133163054230511,0,13,0.571923497908521,0.0281867858641644,1.97709560095558,2.97068410048822,1.84532632009759,2.01845568612024,3.15788665261657,132,FALSE
"High","LNP_0404",107.630183757283,1.67125726584345,0.298847443703562,0.519297483502916,0.39611525807244,0.0845872584246436,0,13,0.566988531644571,0.0201376359299941,2.00756986775213,3.02369549139077,2.15908653755714,2.62389206029119,1.76525992552508,133,FALSE
"High","LNP_0322",79.5895455405116,-3.77458381932229,0.235101122874767,0.493402656238745,0.388565883111519,0.118031460649735,0,13,0.564990560123334,0.0275859875832303,1.96940625884622,2.961982878066,1.96452030101095,2.18662901574765,2.79789541612359,134,FALSE
"High","LNP_0194",111.999331018887,-7.19792900141329,0.406466611474752,0.497815466110091,0.381709763201996,0.120474770687914,1,13,0.56495831099482,0.0217104514806636,1.94982687562697,3.21681559893196,1.82905773724277,1.96388955787756,3.87557890298743,135,FALSE
"High","LNP_0176",111.801787326112,1.74556248355657,0.319199548754841,0.620558547381224,0.313916978688472,0.0655244739303036,0,13,0.564044792560716,0.0155784549074752,1.97078333160138,2.95760672179115,2.12587207602922,2.60429330861258,1.7681583460328,136,FALSE
"High","LNP_0226",89.5220134640113,5.12406702619046,0.116152305249125,0.553237212885416,0.258270141956793,0.188492645157791,1,13,0.563276949332812,0.0247739222526264,2.56109281775027,3.72356951938507,2.48769939821431,3.5831891943155,2.84728339461401,137,FALSE
"High","LNP_0050",135.782771534286,-2.29652790818363,0.497046269476414,0.5829056961992,0.339324719856376,0.0777695839444234,1,13,0.563142443190693,0.0345003339403968,1.49592996039062,2.84697683651262,1.87908565206782,2.01124327029616,1.40713626831488,138,FALSE
"High","LNP_0236",89.7151953307912,-3.68374421726912,0.117246912326664,0.519105619516955,0.35612072567371,0.124773654809336,0,13,0.56264208045892,0.0255871058309085,1.9985824737366,3.01836347157538,2.06817186513434,2.23522284423455,2.70600275348584,139,FALSE
"High","LNP_0247",89.8939824663103,5.90844040736556,0.328285277355462,0.582921515411359,0.352219026252407,0.0648594583362341,1,13,0.562186126612808,0.0184067692858726,2.58314228068643,3.76045184230677,2.39645721535507,3.60857710659223,3.29008857213609,140,FALSE
"High","LNP_0044",86.884545092471,-4.46289855055511,0.308505705185235,0.462926571159543,0.381640265519021,0.155433163321436,0,13,0.562167003176678,0.0227191715404609,1.99582732091117,2.9474868539388,1.95086954232026,2.1200223630299,3.1204198126041,141,FALSE
"High","LNP_0200",107.286705821753,-2.88476868532598,0.254079437162727,0.45601612637294,0.316697875346611,0.227285998280449,0,13,0.562089001657822,0.0301894219498427,1.86162255409473,2.88414958124578,1.99425967808104,2.11945209524607,2.3778871604542,142,FALSE
"High","LNP_0239",65.2887222822756,-3.55228896252811,0.475608495529741,0.590972166269939,0.255762307438023,0.153265526292038,0,13,0.561610584973746,0.0233720797482411,1.86879083313118,2.8776897049003,1.90665496353001,2.13340992229627,2.67118398957262,143,FALSE
"High","LNP_0365",86.3300543511286,2.35852246638387,0.193398210033774,0.487781626853553,0.355636015533893,0.156582357612553,0,13,0.560721673542894,0.0240921369093821,2.10873323936266,3.09246192074227,2.2374644190895,2.7416343211421,2.11209517259588,144,FALSE
"High","LNP_0090",67.5052650272846,1.65479473304003,0.292050574626774,0.509572563725722,0.364921802242281,0.125505634031997,0,13,0.560310513886638,0.0203461067032686,1.92551215982804,2.9067865748831,2.13224590903376,2.58809549336526,1.66767745044301,145,FALSE
"High","LNP_0383",87.2709394432604,3.50724762305617,0.452969211526215,0.409844140525844,0.415664576052503,0.174491283421652,0,13,0.559507386272758,0.0247949229027572,2.20351436083518,3.16038630770863,2.12700826512222,2.97410256014276,2.66902118990345,146,FALSE
"High","LNP_0329",83.8391283759847,-3.20888971909881,0.104901849664748,0.544062459195528,0.309194064410752,0.14674347639372,0,13,0.55866619098662,0.0221081810260037,1.94564735753203,2.94643167019614,2.09495009565036,2.22522591672003,2.47877439671401,147,FALSE
"High","LNP_0110",64.7094690939412,-2.51661224290729,0.364212920516729,0.461986430140889,0.412676152199454,0.125337417659658,0,13,0.558510375588377,0.0195613415753019,1.76901374862345,2.77495853509328,1.9596614031012,2.10147506332457,2.12739769588507,148,FALSE
"High","LNP_0177",87.2238060226664,6.13388859201223,0.388020183146,0.529130848651279,0.346890109531985,0.123979041816737,1,13,0.557253792798066,0.0249057323964937,2.52920588432422,3.79788072307946,2.38158917432598,3.6249554521624,3.37691259038253,149,FALSE
"High","LNP_0095",82.0373242488131,-8.2327339798212,0.395499416813254,0.52494982877831,0.379286939935796,0.0957632312858943,1,13,0.556787863243428,0.031661607607331,2.04679066546092,3.37160609752445,1.91532817857185,2.08265803523743,4.40190437788436,150,FALSE
"High","LNP_0323",64.7048324579373,2.11173682939261,0.466514343209565,0.440661798127747,0.37611804923628,0.183220152635972,0,13,0.555392405735021,0.0323331349758666,1.86174836351632,2.88297090826276,2.03523576072186,2.55548983826601,1.93916058334702,151,FALSE
"High","LNP_0211",98.204260552302,2.61547197122127,0.266618938092142,0.443404635241157,0.348146697846554,0.20844866691229,0,13,0.55521089514195,0.0245937276728502,2.0758693902452,3.08173027316011,2.19442029520941,2.78108556036068,2.27935768661878,152,FALSE
"High","LNP_0003",90.89769218117,-4.25799738615751,0.164073925372213,0.513411001439341,0.309582303117868,0.17700669544279,0,13,0.554357487456211,0.0233458476780337,1.94919031189123,2.96151819879442,2.01914122058171,2.18130226465986,2.99126061290816,153,FALSE
"High","LNP_0337",119.737376621924,4.07625900115818,0.3860321986489,0.537508499452362,0.281523965854169,0.180967534693469,1,13,0.553792428240487,0.0246406576056381,2.13934707815936,3.42480292532618,2.28330313011979,3.15206087483001,2.37301438134103,154,FALSE
"High","LNP_0216",120.085308747366,-2.31086768675596,0.425467345770448,0.562148730635013,0.2594447385601,0.178406530804887,0,13,0.553527862036122,0.0198545233238796,1.66762008063519,2.74384242508341,1.9183710116223,2.06239613380107,2.08098551659577,155,FALSE
"High","LNP_0097",128.229430131614,0.167412594892085,0.496982123423368,0.468883084273227,0.416302698395389,0.114814217331384,0,13,0.55218878284862,0.0304261631990838,1.34561528302047,2.40131723894451,1.76927079028453,1.9582489152945,0.963983939727405,156,TRUE
"High","LNP_0033",119.070527842268,-1.05926010292023,0.279028056468815,0.526103895980711,0.336834552725656,0.137061551293632,0,13,0.550980154728328,0.0240361593580296,1.59101737550788,2.65598641558823,2.0003872291883,2.13321634046709,1.3977989744358,157,FALSE
"High","LNP_0473",92.7428280701861,6.39689335599542,0.393215997330844,0.527944754910154,0.368251442807204,0.103803802282642,1,13,0.550571989532451,0.0291626525067394,2.52867286750186,3.78435189985313,2.37574177677551,3.73519752326584,3.49704822157624,158,FALSE
"High","LNP_0289",55.462910910137,-4.33734605554491,0.238450817577541,0.490026566122159,0.351761705118817,0.158211728759025,1,13,0.549698702902554,0.0300416652280781,1.71205441654186,2.99917948475105,2.01738904734756,2.0999095289489,2.46852731271355,159,FALSE
"High","LNP_0325",60.3806688217446,4.86409830395132,0.490146005246788,0.540164965245126,0.38391429269259,0.0759207420622838,1,13,0.549428551862345,0.0245639337289119,2.17980580975252,3.43183512057447,2.24414013087405,3.25184997897452,2.70553625917437,160,FALSE
"High","LNP_0169",91.274611861445,2.94114700052887,0.159764998219907,0.468484509790862,0.409996032057004,0.121519458152134,0,13,0.54847633114698,0.0259476121340837,2.11529994558017,3.12333539981906,2.2442594435861,2.9666740494213,2.36759349453403,161,FALSE
"High","LNP_0052",94.2200074205175,-5.90122594032437,0.430686196126044,0.520627549686695,0.376806109422513,0.102566340890792,0,13,0.547628916122556,0.0242716461677758,1.91260296547833,2.89194217590736,1.84546903181866,1.99891325544301,3.80416271246274,162,FALSE
"High","LNP_0448",64.7084108553827,-3.16371111664921,0.276992773357779,0.554915681635508,0.281882531881815,0.163201786482678,0,13,0.547187051640069,0.0296107703442959,1.71954616636159,2.74285630811181,1.93486430736981,2.08952619446747,2.44560055540858,163,FALSE
"High","LNP_0299",59.9041829351336,-2.77067558839917,0.435562399309129,0.516768650223493,0.387085985139683,0.0961453646368242,0,13,0.546843370710239,0.0266702289244577,1.60441511606306,2.66007634918708,1.84288011896423,1.99392140301052,2.30680799523172,164,TRUE
"High","LNP_0499",118.632494681515,4.19159709475935,0.358414888102561,0.476205595470471,0.401908567452223,0.121885837077307,1,13,0.546725263839382,0.0175703692454246,2.13363389906091,3.44267841830051,2.31947726971339,3.27496026566553,2.39250528951384,165,FALSE
"High","LNP_0276",123.518430581316,-4.98442932032049,0.321825271844864,0.427752623829865,0.406953778877659,0.165293597292476,1,13,0.54496610839457,0.0222774095294159,1.73689326524576,3.05400398098338,2.00135873992159,2.17637768534854,2.79546661838567,166,FALSE
"High","LNP_0231",111.835122737102,-1.66170900687575,0.101855260320008,0.5333098097568,0.364413687650513,0.102276502592688,0,13,0.543068882093433,0.0347699764616986,1.68875438068804,2.7102029699052,2.09779277796228,2.25983231904968,1.70293605081642,167,FALSE
"High","LNP_0146",73.1161782052368,2.51487274188548,0.262250106688589,0.570819618744869,0.263329327633115,0.165851053622016,0,13,0.542908905352556,0.0245347170398644,1.99952551053791,2.98285893238059,2.20207005805806,2.81135775481412,2.2665578068189,168,FALSE
"High","LNP_0073",121.018240135163,1.74922734033316,0.451216709893197,0.532364673457277,0.361220738488052,0.106414588054672,0,13,0.541721508477788,0.0231003697401109,1.68788303349492,2.73730302300939,2.00534809070164,2.48880969363378,1.7858495346741,169,FALSE
"High","LNP_0214",117.437638808042,4.58721862640232,0.30315026845783,0.603630409775893,0.288552105875379,0.107817484348728,1,13,0.541596848325038,0.0249416952384261,2.13357361400335,3.49421394068685,2.30839694437158,3.3581558354497,2.6120682883856,170,FALSE
"High","LNP_0273",57.2057123994455,3.5178000247106,0.281482556648552,0.485600254073133,0.368836179184451,0.145563566742416,1,13,0.541392439137711,0.0178443136061119,1.97512938407038,3.22195987769934,2.28527010589103,3.06661432502134,2.03308352741221,171,FALSE
"High","LNP_0256",128.529167128727,-0.203258967958391,0.446386833209544,0.534710248666578,0.334627889566723,0.130661861766699,0,13,0.539207354287945,0.0245205565127811,1.26523691752882,2.27387851558058,1.79406528685202,1.91088427284028,0.965734566985192,172,TRUE
"High","LNP_0474",125.588725972921,-4.61183105129749,0.258372636139393,0.53075796171385,0.40186559458671,0.06737644369944,1,13,0.537796106814396,0.0304451852830821,1.66312962773512,2.97079034049956,2.01651627048723,2.19545335250006,2.59974191140305,173,FALSE
"High","LNP_0012",95.3334156190977,-8.34937636740506,0.236373748071492,0.599301808940134,0.308697270639845,0.0920009204200208,1,13,0.537477932023478,0.0374109829832701,1.97807530718256,3.26437906671499,1.99803751104458,2.12854856301711,4.43308929734553,174,FALSE
"High","LNP_0313",121.327900071628,-2.73476866539568,0.43847830304876,0.532550370470338,0.314375241203624,0.153074388326038,0,13,0.536997010802856,0.0190054277903133,1.56710277145461,2.61897718129864,1.90997542214835,2.0522014436305,2.21169932607719,175,FALSE
"High","LNP_0287",56.4928299980238,-5.93165796715766,0.394223361462355,0.52156188037499,0.315388153447253,0.163049966177757,1,13,0.535700575106147,0.0241185081428425,1.65856990592023,2.98950611761983,1.90420155982586,2.04117802668374,3.2597048088119,176,FALSE
"High","LNP_0026",120.853046816774,3.58026831410825,0.227425237558782,0.416826286382332,0.353930556983544,0.229243156634124,1,13,0.535446201933345,0.0252634182186498,1.9390795211503,3.287689529176,2.29589539729845,3.13701432043899,2.12331439620117,177,FALSE
"High","LNP_0175",116.828464972787,-1.59130197949708,0.186664855573326,0.457978931265151,0.47227188358147,0.0697491851533791,0,13,0.535321545497334,0.0296933622174826,1.58307820370731,2.6045743841922,2.03226139578627,2.22621777247375,1.69833877751945,178,FALSE
"High","LNP_0367",69.3378679919988,-6.85409426689148,0.163768534734845,0.49517163582014,0.343134401933652,0.161693962246208,1,13,0.534197761990503,0.02721577337326,1.84316091695201,3.11057361749954,2.01415936952125,2.13658464338022,3.74240016510967,179,FALSE
"High","LNP_0023",114.05068137683,-3.75774416141212,0.334226230531931,0.463912919142519,0.39141528807135,0.144671792786131,0,13,0.533608181752562,0.026777640588409,1.69106728394719,2.70434828321383,1.93251070950027,2.10070683613451,2.82258963705558,180,FALSE
"High","LNP_0460",62.4742088606581,-1.48189731873572,0.147535428311676,0.491572409407605,0.43001771642779,0.0784098741646055,0,13,0.532731158222576,0.0325490656717519,1.53182193562893,2.57705427828178,2.01881833551324,2.23096100814886,1.60199447825775,181,FALSE
"High","LNP_0402",63.7067471398041,0.85196740925312,0.192261440306902,0.452679079694904,0.402329102649584,0.144991817655512,0,13,0.531509161474637,0.029768038278449,1.58748242216885,2.60888804611984,2.1152787399197,2.44300798686727,1.32694029456957,182,FALSE
"High","LNP_0259",97.1576277632266,-9.26591280382127,0.492617262993008,0.522818880203981,0.296199675659519,0.180981444136501,1,13,0.53044747113491,0.0303138094075516,1.87329358041463,3.16127669065792,1.81355470838917,1.98078369181727,4.93417008462962,183,FALSE
"High","LNP_0266",107.651902129874,-7.1169536979869,0.126224283408374,0.620402539709337,0.263498981637073,0.11609847865359,1,13,0.529978821194347,0.0180584661408812,1.89030376768996,3.21379945360737,2.10254750864744,2.22940694015291,3.86180811884311,184,FALSE
"High","LNP_0149",74.5723678031936,-3.98964777588844,0.231295465677977,0.465961151375302,0.391401758424996,0.142637090199703,0,13,0.529868362680031,0.0334444061015116,1.76514737901544,2.7621888237898,2.05564616729809,2.18403684304525,2.85088555067013,185,FALSE
"High","LNP_0381",108.490009349771,-7.85410690121353,0.285429505538195,0.556151705911051,0.320824343912402,0.123023950176547,1,13,0.528509009000848,0.0227629151568959,1.88037099526085,3.17338228137985,2.01707954281333,2.11099299226571,4.24474844647358,186,FALSE
"High","LNP_0292",60.0721582304686,0.850632274523377,0.310509027726948,0.394722221137719,0.473398704078913,0.131879074783368,0,13,0.528027468259633,0.0272398066608718,1.5165020153618,2.52648122624716,2.05208229701471,2.36757669780609,1.3652820894109,187,FALSE
"High","LNP_0317",133.570883702487,-4.09981457516551,0.411627547442913,0.604427990131998,0.32769997485627,0.0678720350117318,1,13,0.527484351455444,0.0259030737817725,1.43404105172119,2.78549048352618,1.90547462099579,2.07680584707956,2.36068403066508,188,FALSE
"High","LNP_0359",82.3344993172213,-8.49709646776319,0.197623691242188,0.562326628355759,0.319611970174203,0.118061401470038,1,13,0.526701589360099,0.0219332959919724,1.85473667898474,3.2316682841906,1.98158089146896,2.06689883781585,4.49055533004066,189,FALSE
"High","LNP_0252",72.1787934657186,-5.01186829525977,0.304288430139422,0.519044247546957,0.417717672691086,0.0632380797619571,0,13,0.526218778936352,0.0251299720740551,1.72829333479032,2.70228482760353,1.91942741440558,2.02590639028201,3.40244954101058,190,FALSE
"High","LNP_0233",104.208036721684,2.94694031123072,0.230081257224083,0.403048346151259,0.387896714524762,0.209054939323979,0,13,0.526128224997703,0.022066123094772,1.87183755252392,2.8741748699894,2.17912560331902,2.83006736049511,2.33976945718132,191,FALSE
"High","LNP_0487",62.7705687889829,-7.24283268675208,0.398715164978057,0.480046473152281,0.310200189014604,0.209753337833115,1,13,0.52189172829408,0.021174786685189,1.69033992179496,3.01852906631574,1.90597063350265,2.10898760700435,3.89648229426508,192,FALSE
"High","LNP_0197",90.6832593260333,-6.69948215596378,0.452493825927377,0.557192212896456,0.367679776221442,0.0751280108821017,0,13,0.521707342819468,0.0307832875589117,1.82147733770645,2.87556041974107,1.87529407418802,2.08891257482252,4.28129928092463,193,FALSE
"High","LNP_0405",89.5448859082535,3.36647287011147,0.197650035470724,0.457822096259145,0.383191791946701,0.158986111794154,0,13,0.52126920604637,0.0416051510642871,2.03647153799742,3.05963066568368,2.34409028089149,3.08690274999699,2.60343246705154,194,FALSE
"High","LNP_0101",109.998895926401,-5.25540605187416,0.420367139484733,0.525687293721337,0.387687653039205,0.0866250532394586,0,13,0.519718968337509,0.027875155214378,1.69065618302812,2.71394163582954,1.9297840610571,2.06096959700511,3.46712536334593,195,FALSE
"High","LNP_0342",61.9404779979959,4.72668058238924,0.282607272826135,0.545361790237602,0.326084564455401,0.128553645306998,1,13,0.519483735890408,0.0264469659735774,2.0669951919957,3.30680559404782,2.37556273864973,3.41030136021362,2.67280083670853,196,FALSE
"High","LNP_0098",59.359498671256,-3.25010005384684,0.349821194913238,0.441204599166456,0.372523691057557,0.186271709775987,0,13,0.517294983413697,0.0295676359564021,1.47156418288817,2.51011151076832,1.882566853068,2.09299326539714,2.50948236742015,197,FALSE
"High","LNP_0484",118.774268566631,2.54221401177347,0.425540209654719,0.513963447226088,0.385380176701522,0.100656376072389,0,13,0.516630387907454,0.0328595378991811,1.69896548756804,2.73767537709558,2.10496034453528,2.71035665951452,2.24511162645619,198,FALSE
"High","LNP_0105",98.29023971688,-6.52032366488129,0.446661483310163,0.547673005718966,0.383906036644119,0.0684209576369152,0,13,0.516446855910553,0.0237836212912526,1.75888908594583,2.74713946361155,1.87513795983776,2.01434551886081,4.14721441498917,199,FALSE
"High","LNP_0310",99.2293328745291,3.35280462633818,0.13984877448529,0.486085338876006,0.319361811317032,0.194552849806963,0,13,0.515100359371769,0.0337221474918122,1.93160194958302,2.94873635715844,2.29637632607229,3.00205275148294,2.54069211032561,200,FALSE
"High","LNP_0488",117.822385742329,-6.93490243982524,0.267725408636034,0.495232733624474,0.40150322913417,0.103264037241355,1,13,0.514669226827161,0.0248949574841189,1.63313587296499,2.92797945320305,1.95226551651996,2.0969652324685,3.69617932922547,201,FALSE
"High","LNP_0300",129.883161117323,-4.81510317884386,0.327619536966085,0.441042232775233,0.389223669287049,0.169734097937717,1,13,0.513899994347563,0.0302176595070501,1.42832729545572,2.78106951596064,1.93303812817851,2.10917456544445,2.75767256893064,202,FALSE
"High","LNP_0165",85.5445380788296,-5.29462283942848,0.14747612895444,0.534324871190036,0.360188127952171,0.105487000857793,0,13,0.513603086916782,0.0155347833693502,1.75415130944189,2.74003420703962,2.0208288320904,2.12707335362315,3.6240932801815,203,FALSE
"High","LNP_0129",64.1906907781959,-2.75196575094014,0.147108144219965,0.536162306227207,0.359842365737148,0.103995328035645,0,13,0.50946964807182,0.0279957799580018,1.52723418763363,2.51922751135671,2.07920034744699,2.19046972874387,2.30388278382531,204,FALSE
"High","LNP_0495",58.6940167937428,1.30930761341006,0.225865044258535,0.395562267233499,0.416400247233389,0.188037485533112,0,13,0.508447558337514,0.0269359240213542,1.42706647169747,2.47004885450737,2.07297429458792,2.45337384289726,1.5561453439367,205,FALSE
"High","LNP_0179",137.468234286644,-0.811506565660238,0.137600557040423,0.585137348344757,0.299348882033279,0.115513769621964,1,13,0.508159594751382,0.0180963208777181,1.11029602981145,2.48422714436681,2.0655379794569,2.21320979959809,0.746179125539396,206,FALSE
"High","LNP_0170",76.5686686849222,-6.52964507695287,0.488972803670913,0.50917606551482,0.407420053077333,0.0834038814078471,0,13,0.505926163961247,0.025235283532349,1.67995131294283,2.60913238477791,1.8402786550193,2.0591718428235,4.1010425379692,207,FALSE
"High","LNP_0019",82.7920719282702,-8.74700003303587,0.28737284746021,0.505925655899647,0.350349488378529,0.143724855721824,1,13,0.50433561224738,0.0252860657970424,1.76532704715829,3.11180088714116,1.98306140680227,2.142401842391,4.76458353449139,208,FALSE
"High","LNP_0103",98.8613033667207,-5.48363153357059,0.186819189880043,0.484086029117746,0.391819113913739,0.124094856968515,0,13,0.503326733258169,0.0268746788975116,1.67307568501302,2.68643152077648,2.00584675981302,2.16549673140625,3.64667501761552,209,FALSE
"High","LNP_0409",83.9312580181286,6.40949024353176,0.134468876942992,0.508145797260696,0.395910904311589,0.0959432984277152,1,13,0.503083186998681,0.0204743130382569,2.25878660379776,3.52718379445975,2.51353560034309,3.7871074178372,3.49402933514853,210,FALSE
"High","LNP_0475",116.238550655544,-4.34299170970917,0.284595137927681,0.552491199830619,0.320999510955145,0.126509289214236,0,13,0.500797400749091,0.0266172648199776,1.52155322346099,2.5713672538229,1.98045380595704,2.15732865828755,3.0800976065781,211,FALSE
"High","LNP_0060",87.4462775886059,-9.67679038178176,0.386312383413315,0.560056841829426,0.360392542751438,0.0795506154191367,1,13,0.498674373877488,0.0174447910837352,1.7221428121332,3.05861503600802,1.91721473450813,2.01559203050974,5.12222519762959,212,FALSE
"High","LNP_0178",102.983568585478,-5.96009582281113,0.258898402098566,0.460076118534873,0.378735689552947,0.16118819191218,0,13,0.498266125034183,0.0218788306068471,1.60693920676084,2.66500247853439,1.94901293363119,2.07980345801508,3.86325865621531,213,FALSE
"High","LNP_0163",114.998515881598,-7.653375454247,0.283696326892823,0.438602619451913,0.393852895946518,0.167544484601569,1,13,0.497799732095825,0.0292118076093212,1.58256429095394,2.93801388221158,1.97075217346071,2.11398659724034,4.13241073512901,214,FALSE
"High","LNP_0006",54.5556499389932,-6.43972370773554,0.291154725011438,0.498119430753619,0.380106809545963,0.121773759700418,1,13,0.495388695751199,0.0179376563757672,1.41779282949583,2.76168438723745,1.92368596864367,2.10730767131361,3.47531249388122,215,FALSE
"High","LNP_0452",84.9801792763174,-6.88251698855311,0.39433505050838,0.53983006800923,0.317440389182034,0.142729542808736,0,13,0.493627127260955,0.0274454592763087,1.66423947073316,2.70641241662748,1.93182034864186,2.05827533583774,4.42035188766468,216,FALSE
"High","LNP_0263",117.418684251606,1.50871339719743,0.112702928297222,0.44312162979429,0.387595706348563,0.169282663857147,0,13,0.493598101454191,0.0250239870188065,1.47251112242769,2.51131043893787,2.21031279032747,2.68321413889898,1.66353440439018,217,FALSE
"High","LNP_0298",60.3599644964561,-4.38869650475681,0.393379421997815,0.507015918713555,0.365677718016265,0.12730636327018,0,13,0.492185432562619,0.0274171443224146,1.38671660999665,2.41037502664114,1.9283392133817,1.96845621731182,3.07392279229952,218,FALSE
"High","LNP_0407",120.650190114975,5.25501178577542,0.318921071011573,0.508315737949552,0.301515003255996,0.190169258794452,1,13,0.491929270114744,0.021790576904772,1.90524395328934,3.19334836834795,2.36186628845371,3.51440980056025,2.9078926363731,219,FALSE
"High","LNP_0059",139.50453591533,0.196857987903059,0.215306481905282,0.460776373735029,0.414854539164513,0.124369087100457,1,13,0.487964247816648,0.0162576042566628,0.918043075016017,2.30027335343443,2.05949262686024,2.2644345942428,0.494348404777881,220,FALSE
"High","LNP_0074",50.0624773325399,-1.53072698041797,0.420190549548715,0.495180959303029,0.371732865951869,0.133086174745102,0,13,0.48795552198689,0.0194089277526392,1.09920654527081,2.18569634536648,1.93087360265645,2.05214624030326,1.67263259108076,221,FALSE
"High","LNP_0136",115.983844967559,-5.60033644549549,0.400977685395628,0.572908308036145,0.362362631821846,0.0647290601420089,0,13,0.487578805120073,0.0193134511320891,1.45254411352212,2.46811712440745,1.87408717640166,2.02613751872517,3.70008341985444,222,FALSE
"High","LNP_0348",88.8319115154445,-9.81640108395368,0.360075634624809,0.497776846864783,0.393489898061815,0.108733255073401,1,13,0.486381763534943,0.023393337869735,1.63316091092831,2.92652223497695,1.87979800178673,2.03065377420722,5.16852519512824,223,FALSE
"High","LNP_0036",97.7795971091837,4.78063371032476,0.319197713304311,0.472191519768515,0.454789225994785,0.0730192542366995,0,13,0.486216628488476,0.0248710867781503,1.93956331199692,2.9119514702983,2.2908114501334,3.32733465283795,3.27455869461321,224,FALSE
"High","LNP_0432",106.364468345419,-5.9180823341012,0.220141668710858,0.535225099038501,0.382391722134795,0.082383178826704,0,13,0.48550115557338,0.0206511814137684,1.55234230510882,2.53162956811212,1.98889464228102,2.11251852184768,3.78858042974197,225,FALSE
"High","LNP_0164",87.4713956611231,4.25373109988868,0.196600900031626,0.521985872583448,0.399551827082992,0.0784623003335604,0,13,0.484954670463142,0.0280850097366278,1.97156470467332,2.9834857931269,2.44724341620512,3.31722501913577,3.0860564245256,226,FALSE
"High","LNP_0057",62.7531650243327,3.31470285076648,0.363679170329124,0.509604205644401,0.374436498754448,0.115959295601151,0,13,0.48469897923008,0.0314663546254444,1.62378603625925,2.65270748527739,2.200641194562,2.94239828292464,2.51631684208415,227,FALSE
"High","LNP_0438",98.7032569944859,7.46302735060453,0.444666981697083,0.528193881168458,0.368890294205771,0.102915824625771,1,13,0.484495054653862,0.0233010201138194,2.24318756437513,3.57677639712996,2.4816832166629,4.05243218854715,4.02520163125723,228,FALSE
"High","LNP_0064",77.438364457339,-5.97838767804205,0.247962910681963,0.432196958046118,0.44505412611856,0.122748915835322,0,13,0.484214670440126,0.0197061785479677,1.58025684462239,2.55741803657894,2.00656925670274,2.13054571908797,3.90930758856828,229,FALSE
"High","LNP_0188",106.459043477662,-6.58603489398956,0.415388771612197,0.458184175459626,0.366475472889523,0.17534035165085,0,13,0.484104854850332,0.0321490426550408,1.54375625039584,2.60233902176485,1.93115008510278,2.06117451083583,4.18213821934823,230,FALSE
"High","LNP_0051",54.5831166673452,-3.44805201981217,0.38354215528816,0.539014018914729,0.334879829793473,0.126106151291798,0,13,0.483060107573926,0.0166247848913408,1.2000644163165,2.31563300001417,1.87732521205815,2.10202108080409,2.57087693908851,231,FALSE
"High","LNP_0385",103.76771830488,4.90683684591204,0.453316476661712,0.402516539116349,0.497943132326687,0.0995403285569632,0,13,0.482885255244507,0.026533328642869,1.89839157393963,2.85221315824626,2.22871675665949,3.3063922832762,3.38030934251717,232,FALSE
"High","LNP_0115",122.059627342969,1.67877691332251,0.219649110268801,0.551025709618178,0.327519366553389,0.121454923828434,0,13,0.482309990066265,0.0204930191669912,1.40180337382607,2.42126914706977,2.2070340263764,2.63251065825531,1.78770313288783,233,FALSE
"High","LNP_0392",79.6302175382152,5.13300265651196,0.37127909110859,0.573319905555194,0.241740760134873,0.184939334309933,0,13,0.479519035070246,0.0262240345230527,1.92311392794232,2.972448048508,2.30214483670384,3.44475013701798,3.39540638862911,234,FALSE
"High","LNP_0116",64.2294295597821,5.63646130263805,0.197723299823701,0.496300128746222,0.32542639776826,0.178273473485518,1,13,0.477252768696452,0.0218320180855816,1.92890328359141,3.20397116864688,2.47895963465455,3.62730269386814,3.09520360717959,235,FALSE
"High","LNP_0450",117.333248141222,-3.91895061824471,0.208097240142524,0.460090295400765,0.406390611478725,0.133519093120511,0,13,0.476445442988228,0.0180572234295804,1.32207920636029,2.36283356624048,2.01482230676365,2.19551260113006,2.82021189988322,236,FALSE
"High","LNP_0209",67.0645235106349,-6.2825396982953,0.414139447361231,0.527463264583636,0.320235171620402,0.152301563795962,0,13,0.474375251727894,0.0195378394979413,1.44302656231913,2.53207736199181,1.95554135551671,2.05914451078631,4.01059143909562,237,FALSE
"High","LNP_0470",131.039806618355,-0.432611065916717,0.285184600111097,0.585288750464472,0.308553245349096,0.106158004186431,0,13,0.474210362824998,0.0163016858623148,0.944801828580237,2.05945579202634,1.97725694505084,2.13833821279882,1.18330687840507,238,FALSE
"High","LNP_0443",123.170765885152,-2.21659353934228,0.116786727588624,0.505878536781589,0.402702763450364,0.0914186997680462,0,13,0.473995923175673,0.0300652672225812,1.21601529881754,2.30947349316807,2.10533747501906,2.31539099340658,1.98767996483401,239,FALSE
"High","LNP_0447",126.039953622967,-1.89167009666562,0.12523749647662,0.478247856173742,0.376750714244505,0.145001429581752,0,13,0.473842841258568,0.0287927563218829,1.08552475682013,2.18828547916107,2.00672791349038,2.16901867043422,1.80795542426469,240,FALSE
"High","LNP_0309",95.2458394225687,4.97585762292147,0.373843478504568,0.496875980268848,0.381371272840623,0.121752746890528,0,13,0.472828975437038,0.0212091815562389,1.93704863673922,2.89397353300774,2.36397965330436,3.42797136342236,3.41795058076799,241,FALSE
"High","LNP_0166",103.368794545531,-8.50086497608572,0.128987659886479,0.427782895564234,0.427105668749955,0.145111435685811,1,13,0.472212783055908,0.0245408067922066,1.59686223282076,2.89908411051632,2.11664752266857,2.22464442161199,4.560529202441,242,FALSE
"High","LNP_0394",128.568783425726,0.930455885827541,0.250923976767808,0.559789602034662,0.360942677076077,0.0792677208892611,0,13,0.4712169647261,0.0239307109346584,1.09071544639775,2.18850547538872,2.09703207769968,2.34754484774319,1.41222364552209,243,FALSE
"High","LNP_0243",67.1698493883014,-9.01271405629814,0.349962214753032,0.597858618297185,0.323903811553434,0.0782375701493813,1,13,0.470602141120002,0.0260081893009868,1.49444425654921,2.81660830980246,1.95520252363007,2.09170300512351,4.7906859120859,244,FALSE
"High","LNP_0433",82.9547413391992,5.41245922911912,0.419189052470028,0.489536002420157,0.345850923414687,0.164613074165156,0,13,0.468707494176634,0.0280045701551791,1.93168278995994,2.88897341931122,2.32699960791409,3.51016761045507,3.56499648087997,245,FALSE
"High","LNP_0461",147.472580848262,0.163161694072187,0.483580158650875,0.556838496287352,0.269763949532615,0.173397554180033,1,13,0.46746657427973,0.0375800965587692,0.574304152372619,2.03079903349172,1.90633620625532,2.09188959484791,0.305854838775556,246,TRUE
"High","LNP_0061",116.511519462802,-9.04580030124635,0.391013453248888,0.596791156971766,0.297450803968802,0.105758039059432,1,13,0.464970971019521,0.0268397660386756,1.39992334055242,2.75921310444062,1.9019083983847,2.06363934612518,4.77589949654003,247,FALSE
"High","LNP_0275",127.033407427371,-7.43871160782874,0.449092418514192,0.426499883986067,0.439166252239331,0.134333863774602,1,13,0.463921322804234,0.0246520650687479,1.19364353369174,2.56203136548885,1.84394093843675,1.98982429429286,3.99640645896064,248,FALSE
"High","LNP_0301",128.457526653074,-0.586363328620791,0.110512335319072,0.482953347786628,0.429096373637517,0.0879502785758547,0,13,0.463851895069558,0.0223969251840327,0.936605370976352,2.05585950041046,2.08748373923121,2.19834119023742,1.14280105248638,249,FALSE
"High","LNP_0147",73.9099955651909,4.91272434592247,0.350267326179892,0.519157798473837,0.29082720393817,0.190014997587993,0,13,0.463505364010175,0.0277542122175625,1.81185836326509,2.85236318689063,2.34325488942052,3.42216529134935,3.33306158613504,250,FALSE
"High","LNP_0083",91.7646779678762,7.08199955057353,0.227856847736985,0.401150983881274,0.40159674687564,0.197252269243086,1,13,0.462415098810359,0.0269313174100472,2.11647356255404,3.41313494224262,2.58544565488843,4.07475725182905,3.82286406505657,251,FALSE
"High","LNP_0315",85.4783097514883,5.50594459287822,0.381951140239835,0.45683983315216,0.361386051832971,0.181774115014869,0,13,0.46237038035061,0.0235648577510337,1.90772597826985,2.96487426968355,2.39633374842137,3.5147797726859,3.63632861836323,252,FALSE
"High","LNP_0084",128.819583402947,-2.64208104461432,0.265422025695443,0.522911409115419,0.377709430978476,0.0993791599061049,0,13,0.462336433587763,0.0292593777510377,1.05245972359643,2.11953261737009,1.98117583521679,2.11158641720882,2.19715660104359,253,FALSE
"High","LNP_0067",131.00643530488,-2.09492477122694,0.320369091629982,0.509160024541382,0.421751345242357,0.0690886302162614,0,13,0.462005922645511,0.0253713756200173,0.954585255114553,2.06412707809099,1.93239032146873,2.11001156856274,1.90659122688031,254,FALSE
"High","LNP_0237",69.7744736680761,6.08512558508664,0.144271515030414,0.418466082522329,0.431990460770353,0.149543456707319,1,13,0.461132021823662,0.0286960737141396,1.90307530023549,3.21174905021229,2.54657292117616,3.76188720862712,3.27809912126873,255,FALSE
"High","LNP_0217",85.1888638455421,-9.86332982312888,0.252871664054692,0.581841592757703,0.319317350202144,0.0988410570401534,1,13,0.460800491549457,0.0316764492840425,1.51368783910406,2.82666967838695,1.98433231965328,2.06102797639288,5.22998087049637,256,FALSE
"High","LNP_0086",93.4892741497606,-6.97323657106608,0.208756082039326,0.496918669074808,0.37099141638391,0.132089914541282,0,13,0.45679011268431,0.0243247384817956,1.45394955115202,2.5514298284116,2.03479994235992,2.192235997054,4.37601619387018,257,FALSE
"High","LNP_0223",122.839442826807,4.85078264493495,0.144675202574581,0.471760932099735,0.401349141120631,0.126889926779634,1,13,0.455228630960791,0.028582546688675,1.6002968823988,2.89719216773319,2.42014239763491,3.41765194568518,2.7158096752401,258,FALSE
"High","LNP_0321",135.376337380148,3.77442240249366,0.422443790454417,0.536199058637525,0.348374807913667,0.115426133448807,1,13,0.453838753763583,0.020695738961025,1.29349680333298,2.59515300847559,2.20814360453552,3.134831782869,2.16240978559996,259,FALSE
"High","LNP_0302",50.9429905097932,-2.68309053499252,0.294450891297311,0.499571771505366,0.381573757667517,0.118854470827117,0,13,0.453680805135805,0.0266846289091229,0.972521712490468,2.06574832021845,1.96091178663933,2.09108555056339,2.25269399767913,260,FALSE
"High","LNP_0469",78.2852399628609,5.24056664668024,0.291059448756278,0.583361491699116,0.333655336077519,0.0829831722233649,0,13,0.452366879497604,0.020486165925221,1.81342703856641,2.81770613097072,2.40340417510176,3.46692206334053,3.48754056313455,261,FALSE
"High","LNP_0112",80.1228899974376,-8.06732513941824,0.430532631464303,0.567023421442821,0.326005156387714,0.106971422169465,0,13,0.450852013445139,0.0280861082274884,1.4320699681304,2.43616174845715,1.90729253375503,2.07483391588875,4.90320406346042,262,FALSE
"High","LNP_0042",91.4546335814521,-8.16710610408336,0.387834913097322,0.602822754005459,0.316125916766126,0.0810513292284159,0,13,0.44994669016995,0.0232796898198154,1.42452227607682,2.47117831330888,1.88854492923298,2.12076576300235,4.96816424615657,263,FALSE
"High","LNP_0426",112.625694740564,3.68972945958376,0.139738531969488,0.51841368706957,0.407146265126652,0.0744400478037776,0,13,0.449317084806159,0.0256846695328732,1.52823765902712,2.58331287523151,2.3502565748308,3.17047447602116,2.71348469301358,264,FALSE
"High","LNP_0363",139.673868264072,2.9488428728655,0.434791164379567,0.510948986733361,0.408823811683239,0.0802272015834003,1,13,0.448477683922432,0.0217462888146113,1.04497168062072,2.39391829256368,2.12694064475388,2.83257521090916,1.77218698258842,265,FALSE
"High","LNP_0148",57.6691165333614,-8.29243085347116,0.351361921522766,0.577163088606467,0.332391644814403,0.0904452665791299,1,13,0.448264813974098,0.0184328569574759,1.22096094269564,2.61549233958104,1.93260333666949,2.05975164693762,4.45607556785439,266,FALSE
"High","LNP_0049",76.5972640365362,6.0447643417865,0.446999787446111,0.570445301968376,0.295053377636169,0.134501320395455,0,13,0.447540531721532,0.0269840488509604,1.8468672105522,2.87591923227344,2.33842662909193,3.66454656358497,3.84886361889843,267,FALSE
"High","LNP_0150",123.213520552963,2.29124314617366,0.155563796777278,0.453255698005134,0.473188359502969,0.0735559424918964,0,13,0.44488384387942,0.0286125486193455,1.19417260726525,2.31215721786119,2.22516707044872,2.80633071547116,2.06835090113013,268,FALSE
"High","LNP_0171",112.997305346653,-9.59851981606334,0.26420575613156,0.600008915190201,0.334760125573846,0.0652309592359534,1,13,0.442944379507379,0.0222223536395171,1.29132662263115,2.79254994058868,1.96962322432795,2.07344319940664,5.09862115815347,269,FALSE
"High","LNP_0028",109.414202044718,-9.48946603108197,0.282195583172142,0.515606145134976,0.414490143206799,0.0699037116582253,1,13,0.442015294395269,0.0322663544196891,1.32354625900022,2.69652744938138,1.96527948682624,2.15396216742167,5.00353384672097,270,FALSE
"High","LNP_0135",102.113572577946,-7.91842727921903,0.388523706514388,0.56411198777368,0.380019649692243,0.0558683625340766,0,13,0.441247736659479,0.0222772649695052,1.36435275178713,2.36659324908324,1.90696366672374,2.08077851803709,4.91894457929811,271,FALSE
"High","LNP_0264",145.016697933897,-0.354841770604253,0.158569417707622,0.554062575711927,0.321718029415738,0.124219394872335,1,13,0.441066303891554,0.0264305664568354,0.517601172583519,1.9736548275864,2.04858980636883,2.19659833446587,0.489666061346135,272,FALSE
"High","LNP_0048",96.5962450252846,7.08729492966086,0.105243286397308,0.485606644526598,0.308478752080757,0.205914603392645,1,13,0.441013359205476,0.024242461826655,2.02269349826653,3.2424903903547,2.64925221500153,4.07330303049943,3.86247201544011,273,FALSE
"High","LNP_0203",110.136572597548,-9.53711015637964,0.295636599417776,0.497997300716038,0.436312314073861,0.065690385210101,1,13,0.440759833313209,0.0196095783999336,1.28298472876444,2.71245673613743,1.96377611235189,2.07404369275127,5.04062564015892,274,FALSE
"High","LNP_0011",145.683334534988,-0.705724516883492,0.284839543141425,0.483861101137589,0.439104709760667,0.0770341891017439,1,13,0.440439783249717,0.0263469024456805,0.493113743770364,1.89836232431992,1.98949225710716,2.04835110362634,0.681900346894954,275,FALSE
"High","LNP_0294",138.044056878425,-0.211443919688463,0.439243072178215,0.551749202372762,0.329997195975107,0.118253601652131,0,13,0.44017853513546,0.0248449180138984,0.591316335901984,1.75710344804544,1.91940620821503,2.10715592766736,0.968003305627424,276,FALSE
"High","LNP_0429",66.0475092474371,-7.25512764882296,0.470109146367759,0.497859894252592,0.348438896341085,0.153701209406323,0,13,0.439857347408962,0.0182024250939758,1.2074178262755,2.3450339195208,1.86165912407455,2.0462953721556,4.5394414415678,277,FALSE
"High","LNP_0391",147.709899628535,1.3130868691951,0.497206205129623,0.529635774437,0.396302664257492,0.074061561305508,1,13,0.439825262876481,0.0137245371227802,0.563034147146713,1.98495473422857,1.93852385642041,2.3560010450696,0.864163482084901,278,FALSE
"High","LNP_0037",125.845953752287,-3.02561012562364,0.159697685483843,0.471513046317991,0.396059978227667,0.132426975454342,0,13,0.439497586891369,0.0362781894922308,0.975502892725888,2.07134247993765,2.07249683384581,2.17702682413006,2.38712266554203,279,FALSE
"High","LNP_0393",122.598302690312,3.39207091834396,0.274194720201194,0.53627381818931,0.390926433489867,0.072799748320823,0,13,0.438022962762686,0.0278954595197186,1.31621657486807,2.381077053308,2.22511961007254,3.00368160895925,2.65916059777529,280,FALSE
"High","LNP_0420",52.799257193692,-3.60893541015685,0.234519280865788,0.449504216998868,0.369678945333848,0.180816837667285,0,13,0.436903950698657,0.0250609533305796,0.965594425027186,2.10344933735691,2.01462637650165,2.17509834494904,2.69470132505589,281,FALSE
"High","LNP_0296",131.66058876086,-1.8473868444562,0.221330068353564,0.515011077836462,0.35397528953416,0.131013632629378,0,13,0.43651787670475,0.0291345680220924,0.808864224851859,1.90038382003834,2.00416277571248,2.16431258194834,1.83036683118584,282,FALSE
"High","LNP_0092",115.310192503966,-8.78435550257564,0.131602272670716,0.543735165702823,0.295056819521303,0.161208014775875,1,13,0.434305854508837,0.0170529121777916,1.22938092939605,2.59609342318293,2.01475823135132,2.10999143528242,4.70047874659695,283,FALSE
"High","LNP_0258",90.4399181017652,7.76743170339614,0.197828272823244,0.470691921299563,0.332523551220336,0.1967845274801,1,13,0.433676413766642,0.0215604683489084,2.05576284946421,3.36020141257765,2.66959166892671,4.26908311112179,4.15793377792957,284,FALSE
"High","LNP_0168",72.1102937823161,-6.85664349701256,0.214783047698438,0.435874566019045,0.436249713910259,0.127875720070696,0,13,0.43210974929011,0.0312774439389481,1.26356075568523,2.35292691680318,2.03905297716607,2.21362420837026,4.29780703607373,285,FALSE
"High","LNP_0081",74.3619472719729,7.5734804244712,0.256932501588017,0.537250366453128,0.293735003849609,0.169014629697263,1,13,0.43089123271997,0.0211337589852507,1.91353543737061,3.20846379008204,2.5717240636949,4.09349966848161,4.02751267913914,286,FALSE
"High","LNP_0332",78.6285348702222,5.43818964622915,0.228140847291797,0.526764353435499,0.323939363525703,0.149296283038798,0,13,0.429818746352847,0.0264893427014058,1.67862485906088,2.72621102391243,2.37724686744637,3.56950379782588,3.69693224100254,287,FALSE
"High","LNP_0096",68.7691119266674,7.61528229806572,0.402839413378388,0.3909207501613,0.422249134045494,0.186830115793206,1,13,0.42805370076018,0.0270212378423179,1.83939566814416,3.17946472161269,2.53175631342096,4.01435049868532,4.04851149923191,288,FALSE
"High","LNP_0131",111.925648339093,5.18270678818226,0.316102473158389,0.558678043654491,0.288117622935703,0.153204333409806,0,13,0.427634162298943,0.0261316977284996,1.59557859852644,2.6305408061738,2.3584975207692,3.52233597591621,3.43686751089916,289,FALSE
"High","LNP_0482",131.393372127786,4.23385158646852,0.144842596724629,0.539769281092417,0.362330211956587,0.0979005069509966,1,13,0.427516390137062,0.027640328816525,1.28632055661625,2.6217308805768,2.40481223026231,3.29775121130862,2.41949353278814,290,FALSE
"High","LNP_0389",59.4962413189933,-4.81146659702063,0.124335222505033,0.498313943113877,0.333967020552687,0.167719036333436,0,13,0.427510310005707,0.0167016452295452,1.05843283711066,2.13234145098661,2.05281250227294,2.1719366074886,3.35980051150337,291,FALSE
"High","LNP_0334",133.405430917628,4.4168070005253,0.346937763318419,0.415508150146442,0.406594866829135,0.177896983024423,1,13,0.425462587500907,0.021068540062237,1.1984963346664,2.583435992051,2.27599978835186,3.32950934644368,2.47358480296824,292,FALSE
"High","LNP_0436",111.267196526751,-6.82623204775155,0.252635878045112,0.458246752166746,0.418514591459732,0.123238656373521,0,13,0.42420696428938,0.0280028979217795,1.18742817470152,2.26184434767818,2.02451152332448,2.1683479477906,4.2895880155807,293,FALSE
"High","LNP_0142",90.9474952612072,5.97647115588188,0.262145553901792,0.538326183405699,0.276448678559545,0.185225138034756,0,13,0.422576539640492,0.0159707604307911,1.76985150791923,2.7369373167345,2.46630107525199,3.74193590057498,3.84280683385203,294,FALSE
"High","LNP_0421",104.745946801268,6.16772510576993,0.442270676419139,0.55096599712575,0.369403919982198,0.0796300828920521,0,13,0.420146426112911,0.0223303954527001,1.70339723130542,2.72424524303591,2.37721823643721,3.70992714405265,3.99514366999895,295,FALSE
"High","LNP_0350",112.329754629172,-7.39910809323192,0.338980746641755,0.500611084991835,0.405007111478137,0.0943818035300283,0,13,0.419150507631213,0.0251632760525535,1.16061198159639,2.19522715636027,1.95001971753293,2.13555551569677,4.56326713981227,296,FALSE
"High","LNP_0285",55.7958560530096,6.23439168557525,0.325006723497063,0.417804253890621,0.387796046616205,0.194399699493174,1,13,0.417231074710114,0.0268420832105666,1.50254714623547,2.87858753094612,2.42406236879227,3.71469825991804,3.46385326773456,297,FALSE
"High","LNP_0318",73.7749404972419,-7.47834429144859,0.202042273338884,0.443162274738057,0.366816182428891,0.190021542833052,0,13,0.416166344855435,0.0263658325391817,1.17319441784702,2.21329195027843,2.02144406684008,2.1338688569855,4.53985003232562,298,FALSE
"High","LNP_0446",120.857413718477,-6.76381579600275,0.401559911761433,0.479452027645906,0.357315232313289,0.163232740040804,0,13,0.415529527310764,0.0377979322731294,1.01599351384056,2.0960750695227,1.8874845678059,2.08159419390731,4.27209597495824,299,FALSE
"High","LNP_0354",66.3070329232141,4.30267055518925,0.109926841501147,0.448945370079277,0.483312960355116,0.067741669565607,0,13,0.414364882240797,0.0278773564500913,1.3970407974577,2.43221020999172,2.40600182718787,3.27785556366634,3.07989797750992,300,FALSE
"High","LNP_0104",145.44738274999,-3.63010823726654,0.397695402149111,0.470144669069242,0.374962968439821,0.154892362490938,1,13,0.414289297009185,0.0249129315116538,0.478697432308693,1.98534795148994,1.9011491111475,2.02675717723803,2.15057025853077,301,FALSE
"High","LNP_0190",140.187438949943,-4.92358407005668,0.337709188554436,0.496089293355716,0.336666365141021,0.167244341503263,1,13,0.412070224079784,0.0198738484515481,0.682919856937898,2.09360196030587,1.97169133422951,2.17503067687999,2.76860609304769,302,FALSE
"High","LNP_0151",134.745316510089,5.05864115897566,0.46586286816746,0.463358284922484,0.348373498063169,0.188268217014348,1,13,0.41169990647632,0.0204107257969754,1.14129017685356,2.49952193180254,2.22833365979174,3.35481636890871,2.79843586377312,303,FALSE
"High","LNP_0189",141.318822302856,-0.414568800479174,0.377165466640145,0.596367446892703,0.337210880830664,0.0664216722766336,0,13,0.411514221730506,0.0279873698933348,0.346560927202115,1.51469374144055,1.87801770157469,2.03693070594008,1.04160041187386,304,FALSE
"High","LNP_0027",104.406602471136,8.06467120535672,0.332578935287893,0.423090835018333,0.452091295746258,0.124817869235409,1,13,0.409251053065893,0.0198607498472171,1.87217709354691,3.15386722452894,2.61317096787119,4.27278020539789,4.29668182061099,305,FALSE
"High","LNP_0417",145.062126405537,1.82387514039874,0.335810260195285,0.435404093621938,0.368263507756459,0.196332398621603,1,13,0.408453846494699,0.027376343955242,0.541215555578861,1.96279802955608,2.09096823887479,2.59013984068175,1.23590445007294,306,FALSE
"High","LNP_0344",72.5073350826278,-7.60142238344997,0.199618741869926,0.478294310456188,0.381884358148414,0.139821331395398,0,13,0.407701479332958,0.0246224724303577,1.11575299744118,2.21883954300515,2.00159654682192,2.17628819267361,4.68579575846249,307,FALSE
"High","LNP_0152",99.7527267085388,8.3411426609382,0.339646386913955,0.45908633788119,0.383356829349429,0.15755683276938,1,13,0.407451881744514,0.021657971827849,1.88166815436255,3.22312923138825,2.61902960763632,4.36107399582581,4.38523851597498,308,FALSE
"High","LNP_0242",116.231764201075,-7.03295216429979,0.228697636537254,0.563774203622611,0.362529284647269,0.0736965117301199,0,13,0.402082632260362,0.023915068221302,0.996687142729415,2.08609168677098,1.97429570148037,2.12752125438541,4.39822461744977,309,FALSE
"High","LNP_0155",61.1096461303532,4.73240692168474,0.311506158392876,0.466126709027423,0.421622724180295,0.112250566792282,0,13,0.401573407096379,0.0264056012316287,1.29777422163024,2.37860649370222,2.31169346161435,3.39606267570702,3.28071054527088,310,FALSE
"High","LNP_0356",148.595416522585,-1.27904656343162,0.290223289653659,0.56954368325555,0.302962264147382,0.127494052597068,1,13,0.400227120961232,0.0314499937789689,0.281703293479175,1.66617061907845,1.99959042618572,2.17580425681369,0.944154644439566,311,FALSE
"High","LNP_0293",57.1904097218066,-5.6115490803495,0.181216019950807,0.530836720142916,0.308306141202442,0.160857138654642,0,13,0.400006982733946,0.023470392948495,0.878008082428059,1.99876158389613,2.01742762361498,2.16926271054218,3.70002100389926,312,FALSE
"High","LNP_0008",139.241904439405,0.0789742404595017,0.218160032201558,0.516568556896887,0.294267034416921,0.189164408686192,0,13,0.398907231187432,0.0213881291875311,0.322329570576472,1.55353078563192,2.02171394947346,2.1772987287825,0.890930130320686,313,FALSE
"High","LNP_0464",66.529808123596,-7.20044137910008,0.175967089366168,0.499133876751273,0.358822093798675,0.142044029450052,0,13,0.398788647316764,0.021809004943168,1.01459922632073,2.18257529549308,2.03508548512438,2.19634617460058,4.47781429885791,314,FALSE
"High","LNP_0366",128.394647873938,-4.58369134925306,0.219542396813631,0.464557554166625,0.346367734976756,0.189074710856619,0,13,0.39691280341746,0.0184737628353499,0.724616484890934,1.85352012219907,1.98178211784217,2.11584393927493,3.19189735605889,315,FALSE
"High","LNP_0108",110.873498232104,6.45434783305973,0.475052932929248,0.508899608987062,0.387296699705537,0.103803691307401,0,13,0.396792680721458,0.0217351124442167,1.52324070411744,2.55354778314498,2.36325496770594,3.67935968696666,4.0742784069646,316,FALSE
"High","LNP_0424",82.1937375701964,7.13193933945149,0.473029114119709,0.535480185369827,0.3681371406079,0.0963826740222731,0,13,0.396522910583369,0.0218856977463597,1.69827950066778,2.73151959774555,2.43782359605363,3.92031788705196,4.48291607568933,317,FALSE
"High","LNP_0281",125.859316950664,-4.82397597283125,0.180834982171655,0.482668517904294,0.398220856197617,0.11911062589809,0,13,0.39630721740694,0.0278027483334509,0.824589343194894,1.91465487934214,2.08404246917997,2.1494274225138,3.32688005932297,318,FALSE
"High","LNP_0078",111.277100327425,-9.63271832559258,0.111975930165499,0.540010102225269,0.387400710200507,0.0725891875742238,1,13,0.394689625243343,0.0318460431164762,1.1103277921987,2.485593982713,2.11549000303046,2.26995979389648,5.15910740891053,319,FALSE
"High","LNP_0072",112.922113155946,8.1209622323513,0.439565633703023,0.388127761244242,0.470629005964328,0.14124323279143,1,13,0.392215010523324,0.0294600205776188,1.65198756627573,2.98139690758924,2.52517654622162,4.15340167114936,4.31595878545968,320,FALSE
"High","LNP_0158",71.6892762808129,-8.87235549278557,0.441747969482094,0.500113012469091,0.362990673801519,0.136896313729391,0,13,0.387091910712071,0.024250763005837,0.981355555537593,2.04595259088076,1.84413208090791,2.11181455073141,5.31851830883529,321,FALSE
"High","LNP_0134",123.707773792557,4.592633289285,0.327099349442869,0.562177264013797,0.306424662351579,0.131398073634624,0,13,0.383337992396694,0.0252280800330235,1.13265628239053,2.19386499611802,2.29437640340539,3.36355068029888,3.19657151647282,322,FALSE
"High","LNP_0013",117.757063545287,7.20213692169636,0.174056127481163,0.560542182996925,0.369347503310371,0.0701103136927032,1,13,0.383109273772247,0.0165576302749737,1.54248453171121,2.8670983141825,2.60066122481726,4.11443459538879,3.90063196401704,323,FALSE
"High","LNP_0120",90.4510281747207,-9.11705864127725,0.327427501603961,0.400902903483093,0.411626769702675,0.187470326814232,0,13,0.383107268199012,0.024110060963023,1.06110416277487,2.1658072518671,1.99925826681121,2.13060278701042,5.46694035041085,324,FALSE
"High","LNP_0201",73.8726026844233,6.89867079723626,0.443436562921852,0.49903481023565,0.391128430437736,0.109836759326614,0,13,0.381626282667104,0.0252577541890958,1.5221108435598,2.54581082026363,2.40799735332115,3.84160206348536,4.32014783614717,325,FALSE
"High","LNP_0043",91.3724326295778,6.64215548429638,0.282754702214152,0.465704272689068,0.362700247305678,0.171595480005254,0,13,0.381536162094135,0.028211546775966,1.59113414541218,2.63203779162977,2.5100025365051,3.96999029909492,4.23395230635857,326,FALSE
"High","LNP_0045",65.2444747742265,5.06220199167728,0.19698283104226,0.471031991105593,0.393649153992332,0.135318854902075,0,13,0.381492685587113,0.029233538906771,1.31479951447468,2.37719544402852,2.4300146687126,3.62913546827526,3.47988315861102,327,FALSE
"High","LNP_0492",57.0488977711648,-5.52439997904003,0.10460870526731,0.492014810865802,0.380247771702329,0.127737417431869,0,13,0.380666373622145,0.0221637402414977,0.778801923369208,1.91514760052927,2.09123871336878,2.18683726421726,3.72324501779233,328,FALSE
"High","LNP_0328",53.4874804085121,-8.92926130909473,0.296310492511839,0.620942375695773,0.28941502642559,0.0896425978786366,1,13,0.380563061137917,0.0217841503466309,0.837055651571482,2.23067618918209,2.02121720791574,2.10401848428286,4.80430336288309,329,FALSE
"High","LNP_0162",85.3904571849853,6.12870327662677,0.182946199923754,0.495493046197867,0.379085035443225,0.125421918358908,0,13,0.380297221267342,0.0207634446749911,1.58715208124941,2.56220817486984,2.60779355172106,3.87213653638331,3.97542436277494,330,FALSE
"High","LNP_0047",73.3034099452198,-8.3706687996164,0.25651803649962,0.410511370866121,0.466896480137307,0.122592148996572,0,13,0.380117122758115,0.0225862994383902,0.96690577669438,2.03707671255763,1.96247787255303,2.1754178194883,5.07683398892342,331,FALSE
"High","LNP_0457",131.182741606608,2.90855031460524,0.192729518655688,0.504317872832151,0.433341786247026,0.0623403409208234,0,13,0.380028373356596,0.0183607052095815,0.756355486746593,1.90828190101539,2.22764362915297,2.86859865473617,2.31339704895544,332,FALSE
"High","LNP_0283",89.6584594622254,-9.69044662080705,0.342732060328126,0.571888182609165,0.351002795245736,0.0771090221450988,0,13,0.37942077825843,0.0244701737089708,0.985186634872706,2.08162565417099,1.8918430947979,1.97054885722083,5.74455140156875,333,FALSE
"High","LNP_0094",115.67581279669,-7.59525742847472,0.151766515802592,0.608185135107537,0.311743095104664,0.0800717697877989,0,13,0.373434707146605,0.02228182913253,0.858447039257025,1.93941057529943,2.02805591352914,2.1558276830637,4.59938824366107,334,FALSE
"High","LNP_0274",66.4211224997416,6.14998218603432,0.326472961995751,0.577091665974753,0.295430926846925,0.127477407178322,0,13,0.373092602201835,0.030488082242909,1.34845838407818,2.44400026696803,2.43008488506665,3.70338628087641,3.96222983129828,335,FALSE
"High","LNP_0113",56.0720571549609,-9.56012569367886,0.291817631199956,0.565832969038642,0.353443172509204,0.0807238584521542,1,13,0.370592851780791,0.0244088133308476,0.764521092191548,2.13677416985132,1.96254130138832,2.07529501002426,5.00655668069711,336,FALSE
"High","LNP_0320",135.688542015851,1.23351217713207,0.113560608308762,0.401233318106758,0.419766219534223,0.179000462359019,0,13,0.370294922979724,0.0207563286459986,0.388590921614769,1.5918566748211,2.15223820560911,2.5385559975722,1.48088197301264,337,FALSE
"High","LNP_0311",88.9587111538276,-9.01168806478381,0.181514362059534,0.433331317564462,0.373843634269833,0.192825048165705,0,13,0.370275367015688,0.0216529632068178,0.991087258763036,2.02114485778235,2.02926014973804,2.11763800071652,5.41038408953735,338,FALSE
"High","LNP_0041",64.2800022382289,6.01896423846483,0.433317908644676,0.415713935346021,0.38705494368007,0.197231120973909,0,13,0.370071641476348,0.0275940724476154,1.27180389964479,2.35723684651172,2.37367564620603,3.6503679256858,3.90181635799764,339,FALSE
"High","LNP_0204",101.502972724847,7.24799079354852,0.387236723583192,0.594565176461162,0.258262483243571,0.147172340295266,0,13,0.3691127611678,0.0299516438278973,1.52555049988568,2.61826979061447,2.49677245016151,3.95899909259698,4.52951827307199,340,FALSE
"High","LNP_0410",118.078755121678,-8.57136300764978,0.479153033997864,0.500417119394206,0.340842396143601,0.158740484462193,0,13,0.369012793280646,0.0276746460827607,0.749143474270871,1.8779161935228,1.83243882171168,2.00908582725478,5.07993594466652,341,FALSE
"High","LNP_0218",90.8943997928873,-9.9263154482469,0.420873083174229,0.502908432862023,0.397544244979819,0.0995473221581584,0,13,0.368773453236379,0.0189231267544452,0.952563382004537,2.04088540954556,1.89651222634826,2.06956839508485,5.8514617103728,342,FALSE
"High","LNP_0227",97.7845379849896,6.94482596125454,0.2974464754574,0.467996361512642,0.336000407567183,0.196003230920175,0,13,0.368569592527986,0.0205751405214167,1.51507761816196,2.52105748607337,2.51355300306565,3.90101506767724,4.37463113267946,343,FALSE
"High","LNP_0434",149.661721871234,1.92725921515375,0.420204284787178,0.437171543378177,0.484909796585608,0.0779186600362149,1,13,0.367484604257596,0.0270802418019493,0.194782652648923,1.68669660230128,2.07518084534221,2.56661096311054,1.2319796513469,344,FALSE
"High","LNP_0035",52.461368450895,-9.21001604292542,0.348690393101424,0.496404784370808,0.296798810710729,0.206796404918463,1,13,0.367139343205431,0.0225040098502781,0.682064197191512,2.12280144363112,1.93889216017757,2.0801672183704,4.88300093552603,345,FALSE
"High","LNP_0206",138.024654123001,2.63577743433416,0.495483544375747,0.486862208307079,0.340248735874438,0.172889055818483,0,13,0.365334248998128,0.0289638830492315,0.496329515791618,1.61830731298958,2.05232672105596,2.71263010580913,2.21525472800598,346,FALSE
"High","LNP_0229",119.826159486547,5.86448335554451,0.443520135711879,0.483965737541829,0.444083173025355,0.0719510894328167,0,13,0.364869796155303,0.0257729687136353,1.17565951095212,2.24626773150952,2.33306134910279,3.58387140052171,3.78525318528955,347,FALSE
"High","LNP_0161",100.229956326075,6.91112245898694,0.250337374676019,0.515839082788464,0.406717816615212,0.077443100596324,0,13,0.363930601412399,0.0208382842233864,1.48408497133612,2.56416341472226,2.56069347721909,4.01949142562588,4.2132715796659,348,FALSE
"High","LNP_0471",59.3916607089341,5.63937829341739,0.380071444436908,0.490802522427584,0.309241228023927,0.199956249548489,0,13,0.363770916269278,0.0310657538212603,1.15476910676761,2.21209606601314,2.35213600693964,3.48997981435563,3.75993374255888,349,FALSE
"High","LNP_0065",131.464003887959,3.00523000769317,0.131088621728122,0.539990463458177,0.322658780309605,0.137350756232218,0,13,0.363633339901485,0.0177541670484866,0.753720150037471,1.86024580231266,2.32866626161145,3.00213630243696,2.3974874171747,350,FALSE
"High","LNP_0397",77.0544872386381,-9.59863067604601,0.365186790097505,0.499882333505047,0.325683510873948,0.174434155621005,0,13,0.36213729885519,0.0199812796027779,0.856944020637565,1.96699498587499,1.88411982072942,2.08752456224639,5.64715628306815,351,FALSE
"High","LNP_0156",88.9994435245171,7.14894848875701,0.248791498411447,0.515467101344457,0.333131396217351,0.151401502438192,0,13,0.360141501080576,0.0199637419472865,1.46285713241396,2.45030913996654,2.49428673260037,3.95185242994648,4.39823635838805,352,FALSE
"High","LNP_0465",108.493655733764,8.15892801620066,0.110387510992587,0.477196208333508,0.36132974171278,0.161474049953712,1,13,0.359042607614615,0.0321352534567155,1.59031738350208,2.95909419246735,2.73041515438749,4.44797576753184,4.36753760546754,353,FALSE
"High","LNP_0282",63.7106081005186,6.38934279792011,0.441112155839801,0.415032095029114,0.42625999003216,0.158707914938726,0,13,0.357232245950543,0.0244362332802898,1.22201386190532,2.35336474427434,2.35429880161316,3.76441953288739,4.14268606137141,354,FALSE
"High","LNP_0375",103.37648736313,7.21978715155274,0.374268533755094,0.456055883849929,0.36348024176544,0.180463874384631,0,13,0.35706247909746,0.0206315408947907,1.47829653278602,2.52639642680177,2.5527310388445,4.03242969915917,4.4174000686224,355,FALSE
"High","LNP_0376",146.384333190508,3.4710997575894,0.429410240054131,0.550177979766153,0.282196235886179,0.167625784347668,1,13,0.355444534659983,0.0235539015855206,0.41683085994145,1.87660791105976,2.1661305859028,2.98934175369361,2.0244635164059,356,FALSE
"High","LNP_0038",71.6407935833558,6.58501646947116,0.323818347696215,0.401726627618957,0.433501835292434,0.164771537088609,0,13,0.355094765437588,0.0293796671625785,1.33499275367258,2.44462675306945,2.48899793002595,3.89204624398896,4.21167109321162,357,FALSE
"High","LNP_0015",60.2924682665616,4.71798700746149,0.107676412258297,0.42850411637435,0.422278810372709,0.149217073252941,0,13,0.354961563557143,0.0287660616878529,1.05604332713296,2.15190011755105,2.48048444825739,3.46393826259123,3.27933129522141,358,FALSE
"High","LNP_0486",61.5779664833099,5.14658318366855,0.119325809925795,0.450082839604722,0.32736673629646,0.222550424098818,0,13,0.354554444616236,0.0204651197664782,1.0902635905331,2.14920512408041,2.45223273036335,3.50588170571117,3.45307607728138,359,FALSE
"High","LNP_0380",147.134245024063,2.6370035065338,0.344949988927692,0.408712134975305,0.410334787201244,0.180953077823451,1,13,0.353712096196925,0.0327888160103987,0.275551410104968,1.73132769648753,2.1793314840415,2.78175191688205,1.55782637171853,360,FALSE
"High","LNP_0100",101.150545990095,-9.36056743841618,0.179964709747583,0.54185791397923,0.337171506839879,0.120970579180891,0,13,0.352485070114407,0.0258559732483228,0.820040450342315,1.95987554107228,1.98016495405261,2.13974502768729,5.51917444273829,361,FALSE
"High","LNP_0125",86.9488865835592,-9.1578390263021,0.155356050934643,0.442772611194473,0.401365352092468,0.155862036713058,0,13,0.352020803297729,0.0316474895417365,0.859678706327686,2.0278188568783,2.07929322032417,2.17426130093053,5.44181299190758,362,FALSE
"High","LNP_0195",143.731408915482,-4.32576446328312,0.110439088661224,0.497379910609199,0.371209661643347,0.131410427747454,1,13,0.35195340460223,0.034366853054311,0.237361096518995,1.75139929777116,2.09862057435688,2.25068874227837,2.48333432372629,363,FALSE
"High","LNP_0327",149.940452794544,-0.976621871814132,0.295469414070249,0.413703540129839,0.392340601744321,0.193955858125841,0,13,0.350982231459963,0.0254099924728513,0,1.20348669286109,1.94046654003407,2.12532886870718,1.38310170017322,364,FALSE
"High","LNP_0254",76.7521432135254,-8.56739887967706,0.100462327897549,0.485788642647102,0.386603871199089,0.127607486153809,0,13,0.350913082777195,0.0242495817756113,0.868138275574076,1.9218455605272,2.08971912787849,2.2616583033723,5.19245433541283,365,FALSE
"High","LNP_0411",81.6949248081073,-9.92207313887775,0.388959547225386,0.386249616932109,0.449666635835189,0.164083747232702,0,13,0.350896279797711,0.0256671845862181,0.793160661907041,1.8998699721364,1.87886945761169,2.03736711403192,5.83914327861043,366,FALSE
"High","LNP_0269",52.0024300552905,3.660205649212,0.135157845914364,0.543921874274384,0.289939100907595,0.166139024818021,0,13,0.350460895003359,0.0241120551507746,0.823057635894005,1.95182078409372,2.45143582815502,3.1951921904037,2.70499795307903,367,FALSE
"High","LNP_0191",77.4166621500626,-9.2043872596696,0.149543060548604,0.503494549245838,0.409608563184552,0.0868968875696104,0,13,0.350417774506928,0.0229002774287274,0.784186854053739,1.96837732307411,1.99313007893679,2.1036329903776,5.49067039759527,368,FALSE
"High","LNP_0280",114.88181243185,6.17224089801311,0.25687859384343,0.567614835245071,0.315383029842317,0.117002134912612,0,13,0.349714405958118,0.0305058373305936,1.23668980819392,2.32938965258764,2.5177160762161,3.77821168448927,3.93177222741915,369,FALSE
"High","LNP_0126",148.421920347027,-2.71177836693823,0.123212279099971,0.596024090400807,0.27000696282257,0.133968946776624,1,13,0.349684729637323,0.0322693584808129,0.0843855384766081,1.57410348035938,2.12413288082695,2.23247069935214,1.64965449380091,370,FALSE
"High","LNP_0193",148.564088437706,0.791218280792236,0.279764555115253,0.478535993522198,0.442743746958372,0.0787202595194299,0,13,0.349615127447722,0.0273033415392995,0,1.17375370197121,1.9669455222364,2.24515378162814,1.14596409532315,371,FALSE
"High","LNP_0261",142.57079558447,0.275622783228755,0.199490545783192,0.491682085008523,0.365913648938807,0.14240426605267,0,13,0.347088608367304,0.0198004142816133,0.0504423495810481,1.17592977671216,2.08387729860817,2.26776643348898,1.04353368111554,372,FALSE
"High","LNP_0416",69.2023318726569,9.18931567575783,0.392073424812406,0.471949613880638,0.344049794220139,0.184000591899223,1,13,0.34542835199727,0.0255172637795704,1.50717717064772,2.85540867816063,2.61617664037168,4.38169147666036,4.88494040617272,373,FALSE
"High","LNP_0288",72.5886432919651,-9.62463565636426,0.319711917545646,0.577437411380961,0.355420694633188,0.0671418939858505,0,13,0.341537938666492,0.034740762989016,0.734572338628646,1.87989294450245,1.93879915816526,2.10155941151824,5.69413296100165,374,FALSE
"High","LNP_0413",71.5172082651407,7.33120359480381,0.345536377467215,0.522843182436784,0.297070798296147,0.18008601926707,0,13,0.340761041696963,0.0202066666303112,1.32032106250798,2.41707754807615,2.48941379141987,4.00356579636345,4.54701313099944,375,FALSE
"High","LNP_0198",115.923032420687,-8.0739777861163,0.143920637387782,0.486916485794607,0.34943284409745,0.163650670107943,0,13,0.34061832243866,0.0269411502802726,0.678037596684452,1.82047290003442,2.03891730224044,2.20548595774504,4.96587226482544,376,FALSE
"High","LNP_0005",144.046728429385,-2.69091460853815,0.43909566309303,0.51229673199313,0.340863490677454,0.146839777329416,0,13,0.340242781993622,0.0154590810946772,0.0363740931832602,1.21827249017598,1.87800746303879,2.07231472495172,2.25159049509265,377,FALSE
"High","LNP_0468",119.120783149265,-7.66344754956663,0.155051195155829,0.524648837229869,0.392055163525517,0.083295999244614,0,13,0.339256843216712,0.0332874807428421,0.616081849171597,1.70990435712121,2.03169187191743,2.13363834016315,4.72305701681328,378,FALSE
"High","LNP_0018",54.2059533530846,5.40409518871456,0.356585055682808,0.500837413895562,0.335845102919535,0.163317483184903,0,13,0.3387311559227,0.0153460417609458,0.907231550696813,2.01575108049368,2.35750505482522,3.48878668773375,3.51206756112357,379,FALSE
"High","LNP_0107",141.443818691187,-7.074358840473,0.339455418754369,0.569578806304054,0.284473505049464,0.145947688646482,1,13,0.335920286035763,0.0266818123899665,0.22496350042859,1.67514974161294,1.92659953392127,2.02112226154326,3.81449310984636,380,FALSE
"High","LNP_0021",138.953931606375,-3.97714951075613,0.284486628137529,0.461117507378365,0.393791746727699,0.145090745893937,0,13,0.335848935326852,0.0203123898760024,0.126939494282629,1.33684217003975,1.93107965342418,2.03925242276433,2.84622632727224,381,FALSE
"High","LNP_0395",60.5417746119201,6.22927315533161,0.284473609738052,0.548722230853197,0.401914159771514,0.0493636093752883,0,13,0.335166285118438,0.0204611197626883,1.1138980018421,2.21131095911187,2.50331935017772,3.76574708652593,3.9309827370206,382,FALSE
"High","LNP_0184",76.5017806086689,7.73132241796702,0.446475652139634,0.447954504289931,0.355642621270804,0.196402874439265,0,13,0.33492863481102,0.0270503395341536,1.39305650200562,2.37677805727216,2.51111298637466,4.11652241881538,4.77234127089601,383,FALSE
"High","LNP_0068",131.238950951956,6.24609657097608,0.154346158541739,0.589306974018127,0.311823030162425,0.0988699958194477,1,13,0.332924124357766,0.0282322964866982,0.959625574990349,2.41144555789297,2.58296352558329,3.87997619705366,3.37394725159549,384,FALSE
"High","LNP_0009",105.143501446582,8.9007020695135,0.126251244731247,0.511316695190678,0.281201998100755,0.207481306708568,1,13,0.332657769189567,0.0322999356044296,1.5074525460407,2.82536899657455,2.74178397507248,4.53158920477833,4.78342103921323,385,FALSE
"High","LNP_0070",93.9831687603146,7.7026530308649,0.324785263556987,0.481334164235505,0.371229606957688,0.147436228806806,0,13,0.33245282338253,0.0256703532118301,1.40988627747375,2.55857257686156,2.63976599544609,4.13371617814089,4.81175508560554,386,FALSE
"High","LNP_0422",114.4240220543,-9.16161003056914,0.332211397401989,0.459097873291055,0.404897766287596,0.136004360421349,0,13,0.331586215855779,0.0286057532910638,0.600128593980288,1.7033334653775,1.89274903522334,2.08841804193037,5.46455950154909,387,FALSE
"High","LNP_0430",136.255189753138,5.69863112643361,0.274159505404532,0.517570974522356,0.350803814426975,0.131625211050669,1,13,0.329577378024597,0.0208872783194991,0.829712224946142,2.20960901112289,2.48843354994256,3.70417687634678,3.21887641782477,388,FALSE
"High","LNP_0087",148.495697998442,-4.36376660596579,0.146232982818037,0.494339868313401,0.320789377279891,0.184870754406708,1,13,0.327501161218424,0.0233022172824258,0,1.51601586634148,2.04639994389217,2.14680323195738,2.50313588700759,389,FALSE
"High","LNP_0277",147.187563567422,-3.36906016804278,0.395060882903636,0.401952054046287,0.434664616682733,0.16338332927098,0,13,0.326174018604274,0.020580076685828,0,1.17071423840586,1.89832357790037,2.05786526811269,2.56661086999972,390,FALSE
"High","LNP_0232",92.8421508753672,7.49764774926007,0.211024032067508,0.439673804053428,0.401661566937856,0.158664629008716,0,13,0.325689681779186,0.0218441762195134,1.28812484630257,2.31832282812172,2.56684846233969,4.04146525408386,4.58330597983025,391,FALSE
"High","LNP_0122",81.9820617092773,7.31001628097147,0.177122250758111,0.438751254257551,0.471351204836693,0.089897540905756,0,13,0.321093558544911,0.0158587147863448,1.30714077729,2.37420709379809,2.62358267794365,4.16539852477568,4.5917734094529,392,FALSE
"High","LNP_0004",138.301740400493,-8.40054175350815,0.441372095514089,0.475258474260364,0.411409125259302,0.113332400480335,1,13,0.320367400785314,0.0265706902135924,0.233851999690028,1.68163808546194,1.9125283432675,2.02920756432296,4.52877970647949,393,FALSE
"High","LNP_0082",116.805558744818,6.25705375801772,0.16877473294735,0.449627949436665,0.471997678371341,0.0783743721919944,0,13,0.318748598088019,0.021744900339624,1.00409517032895,2.12508768229691,2.48028404223814,3.78583868763994,4.09243565421869,394,FALSE
"High","LNP_0099",96.677904156968,7.88669250905514,0.215476043429226,0.50384164287392,0.333593647893113,0.162564709232966,0,13,0.318525992406561,0.0269690654308969,1.3150016930544,2.37241788544279,2.59675814835733,4.13758611858951,4.84508885282435,395,FALSE
"High","LNP_0202",146.235893643461,-4.79735052678734,0.454953901842237,0.402135680643065,0.426047791083068,0.171816528273867,0,13,0.318412713616801,0.0195887169349019,0,1.18828300522841,1.81655814132554,1.96763442559392,3.29183500842479,396,FALSE
"High","LNP_0483",80.7763874297962,8.39696115348488,0.435590807721019,0.446305591772276,0.472528282092147,0.081166126135577,0,13,0.315289808368723,0.0285087308379135,1.34776952161605,2.4235378135374,2.59177689482719,4.22657733148066,5.08282066831314,397,FALSE
"High","LNP_0183",120.829032221809,6.62443957757205,0.371609123796225,0.576043190533146,0.242057778997691,0.181899030469164,0,13,0.314266472222986,0.023186857509119,1.00688581480914,2.08784145319993,2.42945257182773,3.88075460822754,4.25772983613946,398,FALSE
"High","LNP_0362",69.2815946880728,-9.15278642438352,0.163486588001251,0.524609851077692,0.394010793456243,0.0813793554660646,0,13,0.313024379123869,0.0261310843063575,0.589463058836533,1.74336245003272,2.06763300352876,2.22802169757946,5.51320780030194,399,FALSE
"High","LNP_0440",66.116576269269,-9.52622713521123,0.306530429422855,0.499445715557349,0.37975760733045,0.120796677112201,0,13,0.312889377626311,0.0297697325751205,0.490379870091495,1.70724787276516,1.92883988045777,2.10562016753871,5.68740021598738,400,FALSE
"High","LNP_0314",55.5301926331595,7.6826721476391,0.194749038200825,0.486356491291801,0.351529437886456,0.162114070821743,1,13,0.310445110580053,0.0322951649421557,1.07222530004685,2.46482973674105,2.6441835457301,4.23376973337214,4.14051258283355,401,FALSE
"High","LNP_0331",111.723526963033,-9.91786119062454,0.305029988661408,0.588952574780506,0.264714008250371,0.146333416969123,0,13,0.309108592041074,0.0198187742779827,0.530686590888495,1.66214268349466,1.94248866063699,2.17147762395589,5.78723083491683,402,FALSE
"High","LNP_0384",126.919391122647,-7.02812574803829,0.130321143381298,0.468419159474284,0.37064410680533,0.160936733720386,0,13,0.308595740626929,0.0182366565928906,0.361362828975652,1.49904965636164,2.09909824612954,2.19457987775775,4.3755051051734,403,FALSE
"High","LNP_0138",128.628155170009,5.04075082484633,0.215204112511128,0.427690504451281,0.425465668186726,0.146843827361993,0,13,0.308135830279902,0.0216917096095872,0.603035088917342,1.69478376999732,2.31258886176697,3.37232599877213,3.38318980355563,404,FALSE
"High","LNP_0118",145.409123855643,5.09730907157063,0.475108070764691,0.52622508876136,0.307391793346845,0.166383117891795,1,13,0.306918920274385,0.0311013945117435,0.384400387092107,1.82055794001299,2.2930032763327,3.4237269610698,2.81512078492639,405,FALSE
"High","LNP_0304",122.939065191895,-9.06012638937682,0.434664046764374,0.543146504936414,0.392783551680492,0.0640699433830948,0,13,0.306535273625221,0.0192164538545437,0.405262140487316,1.58529904652937,1.92634721928418,2.08042767703052,5.46573212183323,406,FALSE
"High","LNP_0303",127.906588278711,-7.57455891463906,0.317072413116694,0.520533980350668,0.366046965849737,0.113419053799595,0,13,0.305853553894392,0.0219097541602916,0.311569617701701,1.43653239895868,1.96457669944259,2.13194243889637,4.70415356292513,407,FALSE
"High","LNP_0117",104.928465606645,7.83792245201766,0.268724052701145,0.512085490615871,0.410537054443224,0.077377454940905,0,13,0.305436551017759,0.0223628494832432,1.20814141132048,2.32233477499522,2.60269720324255,4.14065013337815,4.87308978473153,408,FALSE
"High","LNP_0262",138.197755930014,-5.27320221997797,0.345981581509113,0.407400421609905,0.485418868404938,0.107180709985157,0,13,0.304715485387021,0.0293015925524831,0.0649461370365505,1.25490848760929,1.96031137489624,2.12123986959297,3.54918496329221,409,FALSE
"High","LNP_0167",124.033436039463,8.71292294468731,0.376395939942449,0.611225949440988,0.271225880562546,0.117548169996466,1,13,0.299888484485963,0.0334364481568758,1.08270344488229,2.49460338109328,2.60694146686412,4.31479176947838,4.67085831799726,410,FALSE
"High","LNP_0458",124.751632218249,-8.77474771346897,0.389942330215126,0.537390808135651,0.297239699188411,0.165369492675938,0,13,0.298277658105198,0.0215581785352903,0.316700381430658,1.4904654845552,1.92058747230687,2.07107276570014,5.34345858518312,411,FALSE
"High","LNP_0224",118.637508200482,7.43997647427022,0.454389940481633,0.48909350987472,0.297097980480186,0.213808509645094,0,13,0.298029397494948,0.0243954676825389,0.982370933897267,2.06988825224425,2.4364402288364,3.98153357784811,4.64364276110397,412,FALSE
"High","LNP_0441",78.2992870779708,9.5177938695997,0.159512633364648,0.494879960790569,0.394004435806761,0.111115603402669,1,13,0.297578368476299,0.0272825251509621,1.40378113173576,2.72226362341627,2.81836339496267,4.78409038677004,5.05892623936264,413,FALSE
"High","LNP_0297",148.214037367143,-7.92576866224408,0.408238818775862,0.53554440484699,0.323019307214847,0.141436287938163,1,13,0.297398143093234,0.0216139933914019,0,1.51910950563913,1.89784895108718,2.07400755749636,4.30583462560335,414,FALSE
"High","LNP_0379",80.8786832727492,7.8342746431008,0.107532863598317,0.63033429306866,0.275395067863976,0.0942706390673639,0,13,0.296626018947869,0.0245755845979971,1.22645984445349,2.31336546619323,2.69996829449516,4.25818629393206,4.82387308764307,415,FALSE
"High","LNP_0260",136.810680688359,-5.92512372881174,0.331032511778176,0.507970867442129,0.388311879008933,0.103717253548938,0,13,0.296308743571896,0.0207345860573648,0.0693851059885106,1.27593936086258,1.97772885393816,2.11203999877461,3.90237463897164,416,FALSE
"High","LNP_0368",51.7765811877325,-7.71491459570825,0.334226841665804,0.499408293956389,0.334519759355514,0.166071946688097,0,13,0.294978370497788,0.017508392464803,0.261133125495119,1.44006968004174,1.98096041942444,2.22703996321154,4.78712912947602,417,FALSE
"High","LNP_0291",79.7741782618687,8.67393041029572,0.426307179033756,0.531240640333026,0.382530370563344,0.0862289891036297,0,13,0.292692222604459,0.0248396186611747,1.24318885899359,2.28655524982097,2.55854748429927,4.39853008941184,5.2614715868865,418,FALSE
"High","LNP_0353",101.507180789486,9.83490470796824,0.152551301755011,0.51910212340221,0.34176766325397,0.13913021334382,1,13,0.292345606286712,0.0297919344380594,1.38563335350901,2.69726465947012,2.80496093738792,4.75532208143325,5.25140435441286,419,FALSE
"High","LNP_0500",128.69273526594,-7.82351853791624,0.275020291563123,0.517795843999975,0.311875833075271,0.170328322924755,0,13,0.290418941682128,0.0251402143788332,0.220806524863576,1.40114636554904,2.00001504011586,2.10127718258201,4.86512778968335,420,FALSE
"High","LNP_0016",139.982497040182,-6.56513188034296,0.40947441579774,0.512785338618472,0.324847477473759,0.162367183907769,0,13,0.289829018681119,0.0249145571288378,0,1.24392318793707,1.91823735085844,2.01574765911573,4.16969198314762,421,FALSE
"High","LNP_0119",108.548335311934,9.58407460246235,0.205794046632946,0.470305722903848,0.401716512932248,0.127977764163904,1,13,0.287312189289576,0.0272367508835942,1.26238664086063,2.61445434949428,2.77315431260315,4.64092964400605,5.10088921302209,422,FALSE
"High","LNP_0128",59.1043999884278,7.00934961438179,0.327335204835981,0.480067614963722,0.429322135179755,0.0906102498565223,0,13,0.286410494308146,0.0252625453427572,0.841538061245659,1.92727502614723,2.47788955201255,3.88616525913322,4.34886201493461,423,FALSE
"High","LNP_0295",125.424740207382,6.02297472301871,0.248197686020285,0.420108178324283,0.407053834085556,0.172837987590161,0,13,0.285203116398673,0.0245339701107869,0.691624368806931,1.83338985046892,2.46184553559423,3.74249205097954,3.92099782720454,424,FALSE
"High","LNP_0250",122.670253901742,8.97263014689088,0.390834588278085,0.502831708876423,0.350128390088762,0.147039901034815,1,13,0.284935503969035,0.0309848264135249,1.05530687389984,2.42249307908169,2.65356843615633,4.39041985372738,4.81158037732174,425,FALSE
"High","LNP_0316",130.281227291562,-7.21592717338353,0.143043532315642,0.491171784152412,0.435552067930225,0.0732761479173632,0,13,0.283663354203118,0.0265616256199095,0.116914121672878,1.30510447537428,2.04150201372741,2.0894108489061,4.47618304009241,426,FALSE
"High","LNP_0240",130.341854202561,-9.97616743203253,0.224467607215047,0.475693001665663,0.374643083133884,0.149663915200454,1,13,0.283460052599508,0.028902037815678,0.15801361108684,1.63824519892794,1.98068381379761,2.16420242486174,5.286899370428,427,FALSE
"High","LNP_0111",143.529980327003,2.59490847587585,0.128914632368833,0.46838988595311,0.377264999556786,0.154345114490104,0,13,0.280751438758169,0.0163589323955967,0,1.22881593263043,2.27519072396603,2.90847696007155,2.19874000360779,428,FALSE
"High","LNP_0032",140.229904511943,3.75215163454413,0.317293159198016,0.512602052182472,0.357786574943764,0.129611372873764,0,13,0.280263016119422,0.0274184000745364,0.0793070919407096,1.29397274083308,2.18697103295974,3.00405807026626,2.77586175472712,429,FALSE
"High","LNP_0220",141.88573481515,-7.84226239658892,0.478559908084571,0.458320785625462,0.377763394492135,0.163915819882403,0,13,0.27950453614065,0.0277484034882065,0,1.17699165107516,1.84695242569024,1.95865552593242,4.78146451866306,430,FALSE
"High","LNP_0085",60.2864644257352,7.47899825684726,0.403734278678894,0.542939193299709,0.336615228777489,0.120445577922802,0,13,0.279148780916059,0.0287635443905928,0.914815319475212,2.00778836193795,2.52246409321024,4.06843666644397,4.67174787168529,431,FALSE
"High","LNP_0272",50.6300783948973,6.26226264983416,0.390091180801392,0.550184906830993,0.337134768959826,0.112680324209181,0,13,0.276366272893913,0.0258871188254408,0.640306767381707,1.88148561978006,2.45325908403324,3.83984010701569,4.0673586484163,432,FALSE
"High","LNP_0248",146.935641113669,-8.62134806346148,0.116851204819977,0.536417109383967,0.399412879102153,0.0641700115138794,1,13,0.276039609237784,0.021215085181182,0,1.54407972470564,2.05383518659441,2.14571711807772,4.63406883289324,433,FALSE
"High","LNP_0132",139.139411714859,6.89669248647988,0.427873007394373,0.49394221554223,0.338020219466188,0.168037564991583,1,13,0.274838674222659,0.02778120006284,0.463945619303225,1.97336674770257,2.41976513801476,3.84769253956791,3.7161494163072,434,FALSE
"High","LNP_0399",61.791384126991,-8.98239772766829,0.121303774602711,0.429607762618918,0.43072407169598,0.139668165685102,0,13,0.273409719981263,0.0258986535380131,0.272274447768303,1.4178339699728,2.0591899608677,2.23570185288952,5.41632507426453,435,FALSE
"High","LNP_0326",53.3727772999555,-8.48285739310086,0.253751409053803,0.587060896724015,0.304812507609256,0.108126595666729,0,13,0.271475301424554,0.0275646176315366,0.137820987712008,1.3201710531298,2.00949645349709,2.10499785866601,5.15874548555609,436,FALSE
"High","LNP_0173",136.364411143586,-8.27444213442504,0.359422539453954,0.440578513879859,0.351571250155847,0.207850235964294,0,13,0.269783342171451,0.0199331186660915,0,1.24051812028718,1.899739031943,2.0520953666195,4.99418399662999,437,FALSE
"High","LNP_0445",136.646776320413,-8.14148359000683,0.395803288649768,0.52784045790512,0.364193918354164,0.107965623740716,0,13,0.268608427755067,0.0261069968731848,0,1.1941891424694,1.91695547659742,2.0553181293979,4.90633947878245,438,FALSE
"High","LNP_0412",133.156859804876,-8.95602768287063,0.468801841884851,0.495458933389386,0.388267551279432,0.116273515331182,0,13,0.266048695200015,0.017829821027137,0,1.1739531196029,1.81948360806598,2.01900534459414,5.33311999734332,439,FALSE
"High","LNP_0439",59.9445823347196,7.39412140566856,0.362653068359941,0.551493517734522,0.342859771959049,0.105646710306429,0,13,0.265045710765686,0.0335378879086792,0.844528361800895,1.96813862737866,2.56822295545767,4.20590615301533,4.59100473179985,440,FALSE
"High","LNP_0425",139.111431245692,3.95893156994134,0.285079536587,0.483107628328623,0.365495996982368,0.151396374689009,0,13,0.26421875594792,0.0262781298926793,0.133287926794716,1.30157806420419,2.3211380169141,3.25753711485998,2.88645853043965,441,FALSE
"High","LNP_0088",139.305111439899,3.33410315681249,0.111734645999968,0.418897211472726,0.419237391765336,0.161865396761938,0,13,0.264177401033268,0.0176221456859293,0.0234097192992986,1.22759741551,2.35870014416855,3.05390785967345,2.50545594773824,442,FALSE
"High","LNP_0075",97.5316574098542,8.99170645978302,0.356059394590557,0.441662347790386,0.474988641195986,0.0833490110136278,0,13,0.261927028132332,0.0312034719828121,1.092502946487,2.14968311630053,2.62262458466232,4.46117766300785,5.44055280105896,443,FALSE
"High","LNP_0054",62.189925997518,7.76110380887985,0.315764293074608,0.532278847052711,0.335012637484101,0.132708515463188,0,13,0.261922384826332,0.0264109084360666,0.880637362371636,1.99887121763743,2.61221772018276,4.2047407521769,4.76856299698174,444,FALSE
"High","LNP_0478",50.0465349061415,-9.86003091093153,0.499809591006488,0.547913910838948,0.361295070298924,0.0907910188621282,0,13,0.255239615199356,0.0266120564871358,0,1.21739626500152,1.85487697562492,1.96045373642281,5.81457759135625,445,FALSE
"High","LNP_0340",147.785340482369,-8.05521088652313,0.313903618790209,0.471053924822808,0.375542756084962,0.153403319092229,0,13,0.254127818854928,0.0189579397159228,0,1.19440928702559,2.05300248666192,2.16377794076837,4.92558307695659,446,FALSE
"High","LNP_0046",63.880606344901,9.28305140230805,0.130344333872199,0.404419268399769,0.415998180820422,0.17958255077981,1,13,0.252499549827469,0.0280989010359721,1.01142638045057,2.36128156492604,2.8525146728244,4.72258198018544,4.87195393222199,447,FALSE
"High","LNP_0024",149.42697766237,-9.25260070245713,0.257903594337404,0.555807343269417,0.350995390413906,0.0931972663166776,0,13,0.250039380635442,0.0211626426834337,0,1.21622627359457,1.9636508397207,2.09159686866627,5.50740993960625,448,FALSE
"High","LNP_0230",141.568353842013,-9.5429063308984,0.312374293524772,0.529626413328697,0.380515745713803,0.0898578409574997,0,13,0.249986810169829,0.0157803553163913,0,1.19161825935246,1.92540344832227,2.03313665917843,5.66711658138251,449,FALSE
"High","LNP_0454",55.819179629907,-9.12066749297082,0.146597174741328,0.46276167792398,0.449145121518902,0.0880932005571174,0,13,0.249817751790997,0.0228668507559176,0.0403668912571003,1.29140761308288,2.03711113691393,2.17043679421011,5.45669862804349,450,FALSE
"High","LNP_0491",147.143806680106,-8.25561396311969,0.105412250943482,0.464989156910488,0.397583928883304,0.137426914206207,0,13,0.249331667010398,0.0165047258528582,0,1.15506878237468,2.0488450657889,2.2172463905822,4.99792106001549,451,FALSE
"High","LNP_0145",134.2729318887,-8.19355831481516,0.186873513180763,0.494970350068393,0.297477564400422,0.207552085531185,0,13,0.249032390163955,0.0177029816717309,0,1.16365847969994,2.04817868710226,2.22027608240901,5.02256539930697,452,FALSE
"High","LNP_0222",146.110479370691,4.35769093222916,0.308820098917931,0.501181813474814,0.424667893029858,0.074150293495328,0,13,0.247931738491688,0.0212936549732189,0,1.22716994823843,2.28108950088945,3.18059651144006,3.1572782657983,453,FALSE
"High","LNP_0181",133.976776478812,4.67495516408235,0.100991524104029,0.422734369150507,0.460611993543816,0.116653637305677,0,13,0.247857400420722,0.0261093995512441,0.228455764688079,1.35653297613624,2.46550911319008,3.45925870153329,3.28065704144478,454,FALSE
"High","LNP_0408",58.2502745790407,8.0672457581386,0.479226758517325,0.520048761372662,0.37298111705139,0.106970121575947,0,13,0.247667877950745,0.0205077416528774,0.722331080669175,1.84606891057285,2.48410582508589,4.17977079269653,4.93967020382068,455,FALSE
"High","LNP_0249",146.739837061614,3.90041394624859,0.176286982186139,0.601514848688931,0.319953632961117,0.0785315183499519,0,13,0.246614343334371,0.031571314721379,0,1.169291976201,2.35658254362737,3.21342535918424,2.83271546388178,456,FALSE
"High","LNP_0185",109.434319403954,9.05289147980511,0.419878846220672,0.470242062932102,0.429299686561293,0.100458250506605,0,13,0.245700696577755,0.0264634303972024,0.900630315993319,1.97143360631313,2.57768494792121,4.35623368246904,5.3683531468004,457,FALSE
"High","LNP_0157",107.193531398661,8.18293008953333,0.126323328446597,0.46022383499512,0.413415539191818,0.126360625813062,0,13,0.242959570046766,0.0307945957499602,0.868839796269139,1.95594285423442,2.708472957924,4.29735850088088,5.00152114805402,458,FALSE
"High","LNP_0453",74.0530701586977,9.1315952828154,0.385431124735624,0.468765485926017,0.322169506291227,0.209065007782756,0,13,0.241949379753735,0.0237486807942039,0.909690782743529,2.00280542474271,2.59076280623809,4.42076486209772,5.4808903666459,459,FALSE
"High","LNP_0341",91.4735334459692,9.24842642154545,0.220894104614854,0.467141744651802,0.408198096619779,0.124660158728419,0,13,0.239867577258165,0.0224580943373139,0.982296218062155,2.08778351742216,2.71316892077432,4.53986446337135,5.43564671082666,460,FALSE
"High","LNP_0377",127.459154208191,-9.73917940631509,0.249592845514417,0.459504963623205,0.4405050964425,0.0999899399342949,0,13,0.238219392114937,0.022128077560273,0,1.21636528654506,2.0114370445997,2.14760304844885,5.76594170619287,461,FALSE
"High","LNP_0330",141.506376164034,4.67904297634959,0.356589280255139,0.537120563365222,0.357269476112475,0.105609960522303,0,13,0.237780076076882,0.0227206776663991,0.0134141384841576,1.19308370831721,2.29985693675722,3.37126702563781,3.25249206096404,462,FALSE
"High","LNP_0472",132.203007116914,-9.07946902792901,0.126229960471392,0.591932171634247,0.295921664038959,0.112146164326794,0,13,0.237493213946822,0.020254922683999,0,1.20930599834077,2.08374804947415,2.22325231064374,5.45489020207885,463,FALSE
"High","LNP_0034",129.546741768718,6.32956277579069,0.152115254756063,0.519415185285425,0.337358332467505,0.143226482247071,0,13,0.236490503405755,0.030802179258258,0.369000950869025,1.5564574770655,2.49644164797321,3.8192600906906,4.0292382070759,464,FALSE
"High","LNP_0373",136.648331466131,5.23970646318048,0.262216608878225,0.545164577942171,0.385605002982355,0.0692304190754742,0,13,0.23296418701531,0.0247532532154598,0.127594235505956,1.28678189382925,2.38280937196811,3.55607345781692,3.52649390823057,465,FALSE
"High","LNP_0352",146.746949432418,4.5279777655378,0.101936695817858,0.527100177174924,0.388059562011658,0.0848402608134186,0,13,0.229597252201404,0.0221947416429538,0,1.1530194930681,2.38059303632344,3.40604705344614,3.16913075208032,466,FALSE
"High","LNP_0306",98.0910829966888,9.37282335944474,0.322045522741973,0.457991957416606,0.363921391021719,0.178086651561675,0,13,0.227828504995848,0.0208376422540141,0.900967564807103,2.01225235143112,2.68171639025072,4.62755974662249,5.47896554195731,467,FALSE
"High","LNP_0290",117.028203955851,8.30545251257718,0.305986253917217,0.507374677996981,0.324397207414035,0.168228114588984,0,13,0.227368975167547,0.0217053823324444,0.679428761567308,1.81546831018737,2.62168724256452,4.22253447064349,5.06734118242824,468,FALSE
"High","LNP_0121",114.789347932674,8.06801769416779,0.180873827077448,0.360817133938341,0.447702518798985,0.191480347262674,0,13,0.222531547109264,0.0277784947045424,0.636805161744357,1.7857751654167,2.66132857181614,4.26457729525991,4.8745768953432,469,FALSE
"High","LNP_0496",149.294401612133,6.59247757401317,0.424804697744548,0.539486180355676,0.394128145777187,0.0663856738671364,1,13,0.214099604478559,0.0209611833888248,0,1.52939881557934,2.45597644812379,3.85968619033212,3.58843518451578,470,FALSE
"High","LNP_0093",84.3516472261399,9.38077727332711,0.146134963817894,0.553887788344413,0.290459128924618,0.155653082730969,0,13,0.213116553737547,0.0256030202778097,0.900897024972919,1.97358276033326,2.81600725782354,4.63461483102827,5.59447508183769,471,FALSE
"High","LNP_0435",73.4819675795734,9.15339484810829,0.254770278465003,0.458820126352804,0.334350291108119,0.206829582539077,0,13,0.210643461038782,0.0342887951572571,0.777818287638166,1.87958219997094,2.70480166828285,4.6208975608761,5.44049577387477,472,FALSE
"High","LNP_0106",139.035022212192,6.02859167382121,0.311762302555144,0.436096103141122,0.474986231997217,0.0889176648616612,0,13,0.205482304325498,0.023406033749977,0.00399247621428152,1.25234757718189,2.4213525023117,3.65897619878382,3.87068724002359,473,FALSE
"High","LNP_0477",112.714618444443,8.96237675566226,0.288001058809459,0.392232738003467,0.406696385710438,0.201070876286095,0,13,0.202796530677774,0.0231431219521108,0.641774379643031,1.75675434982144,2.67521002018675,4.42083485931498,5.40008269967614,474,FALSE
"High","LNP_0029",78.915973729454,9.78156541474164,0.207521379925311,0.524799096430819,0.342295895757037,0.132905007812144,0,13,0.192210343591922,0.0254729500012949,0.768145310573774,1.9077569988845,2.81149269756974,4.66760577602693,5.82688650039639,475,FALSE
"High","LNP_0020",145.450364914723,6.30162990186363,0.211689524259418,0.531837160644021,0.335134266593741,0.133028572762238,0,13,0.189736760713871,0.0245016452565601,0,1.16585520856737,2.47769174835886,3.81512673254081,3.96960096886877,476,FALSE
"High","LNP_0139",147.98219173681,6.37910766527057,0.3126733308658,0.391294316594983,0.457604352498256,0.151101330906761,0,13,0.189716904184326,0.0195170537720359,0,1.14977357715934,2.45016994626943,3.80416852882305,4.04497174182191,477,FALSE
"High","LNP_0400",149.123655585572,5.95805874560028,0.194879167340696,0.495705309257185,0.440676854315753,0.063617836427062,0,13,0.188492945537597,0.0180493370912025,0,1.18736060361257,2.52876499263925,3.81680135436965,3.89313623548417,478,FALSE
"High","LNP_0234",55.8478488586843,8.48957973532379,0.335482510644943,0.542047779237471,0.352215436388699,0.105736784373831,0,13,0.17947685096219,0.026066055561858,0.39049277874492,1.55344429519415,2.67492692048664,4.36434268921085,5.14777857148192,479,FALSE
"High","LNP_0431",145.310121378861,7.73725143168122,0.44788828631863,0.480002041810428,0.407452038502435,0.112545919687137,0,13,0.165192404194516,0.0211517628700264,0,1.2552486873041,2.47805248108147,4.07945470519132,4.76931463851532,480,FALSE
"High","LNP_0357",116.877151746303,8.97650501225144,0.178662704490125,0.613773740034432,0.26414842671366,0.122077833251908,0,13,0.163711004624546,0.0146800491345163,0.487935179792843,1.59833481165254,2.84106015965704,4.6183035359943,5.37784133625992,481,FALSE
"High","LNP_0062",59.4840660924092,8.58701365068555,0.16921721547842,0.416283259180857,0.40865872470055,0.175058016118593,0,13,0.16214798707706,0.029266534953327,0.351553598113268,1.52212057488831,2.73757406744385,4.55425407271462,5.2074059949929,482,FALSE
"High","LNP_0382",126.082362537272,8.42130407691002,0.241891848202795,0.487290647470649,0.317914116221124,0.194795236308227,0,13,0.158143025856826,0.024168651876043,0.175737424251472,1.44616704153723,2.65407466622593,4.37944181845758,5.0809612447415,483,FALSE
"High","LNP_0241",104.682615655474,9.84341238625348,0.131397172063589,0.489163197714764,0.386907938962314,0.123928863322921,0,13,0.157718295391377,0.0214107471300867,0.541911859425607,1.67810501354747,2.83094408006512,4.80274589848981,5.73777018788866,484,FALSE
"High","LNP_0403",140.530958166346,7.04729200340807,0.124690509587526,0.462535796356836,0.350311279599969,0.187152924043195,0,13,0.156734365526798,0.0223257221551206,0,1.15605775211523,2.67205982568902,4.06621421772156,4.35736573127436,485,FALSE
"High","LNP_0485",143.268107902259,8.04363556671888,0.496564877685159,0.500907043952625,0.419558046902986,0.0795349091443889,0,13,0.15235290960452,0.0271920458790226,0,1.20634533784519,2.53591001714556,4.16656298483821,4.91442273081543,486,FALSE
"High","LNP_0360",133.52553199511,7.78042985592037,0.295523055177182,0.540837285935115,0.309417898288207,0.149744815776677,0,13,0.149652387317724,0.0205767097373002,0.0119012181668147,1.18252174203033,2.58623456431012,4.24577340352427,4.76544368003836,487,FALSE
"High","LNP_0143",51.0467111831531,7.76817300822586,0.129052770230919,0.591749095684397,0.349964988181249,0.0582859161343536,0,13,0.147994159739798,0.0227438562513047,0.086401422904164,1.31856242078245,2.71645418587985,4.34409440453389,4.79832738488616,488,FALSE
"High","LNP_0031",146.302423253655,8.78276801202446,0.192492353729904,0.506856184194743,0.331184450570595,0.161959365234662,1,13,0.141085875720694,0.0238079818108271,0,1.55152739302274,2.78230607577734,4.53847424997639,4.68315620456938,489,FALSE
"High","LNP_0219",132.095132395625,9.89872880280018,0.17916945470497,0.534297137482,0.330266421211471,0.13543644130653,1,13,0.127191934392206,0.0314338651997643,0.0642861529622218,1.51908111000449,2.80065640210212,4.71899154406775,5.19809055346607,490,FALSE
"High","LNP_0347",148.335018078797,7.96721662394702,0.216433182917535,0.492829298075717,0.350594731483377,0.156575970440906,0,13,0.126345012085587,0.0231456605209898,0,1.17211380145472,2.74613983461667,4.4102813906648,4.93344553536258,491,FALSE
"High","LNP_0456",139.007791317999,9.25230682827532,0.419252794887871,0.427528823397705,0.408425262036736,0.164045914565559,0,13,0.122072252493905,0.0252485223550303,0,1.20398797748483,2.59338606452653,4.52916889093496,5.48444344264158,492,FALSE
"High","LNP_0271",137.104341364466,8.31972666084766,0.110404284205288,0.595573059149974,0.34284213166229,0.0615848091877354,0,13,0.121067209089914,0.0199177853787059,0,1.22650701948784,2.77594178809707,4.45540355775655,5.08604387064971,493,FALSE
"High","LNP_0401",148.605429730378,8.47398426383734,0.193295895028859,0.437921098113555,0.376650676137598,0.185428225748847,0,13,0.117926854715231,0.0230097803185031,0,1.19359287415912,2.76536782782874,4.46826786510378,5.17578254119172,494,FALSE
"High","LNP_0089",138.646906078793,9.54767153598368,0.422742119152099,0.470403192818061,0.396133284243799,0.133463522938139,0,13,0.114203207930014,0.0224942548486968,0,1.20223343480073,2.64229767954985,4.60099112907986,5.55345852595452,495,FALSE
"High","LNP_0137",132.18054601457,9.07902495469898,0.252569038700312,0.42728886379098,0.372856369485368,0.199854766723653,0,13,0.113567048360068,0.02230418434437,0,1.23865421178213,2.74297820721779,4.53321523570394,5.421624410336,496,FALSE
"High","LNP_0114",144.772694003768,9.86089560668916,0.256491513364017,0.565310805693616,0.330229547079278,0.104459647227105,1,13,0.112940263472037,0.0225452724613423,0,1.52404517757398,2.84590898421249,4.82200935102534,5.23708134294853,497,FALSE
"High","LNP_0386",141.399544966407,8.85197723750025,0.17528873430565,0.539714446840633,0.274654921825898,0.185630631333468,0,13,0.11178596037983,0.0185269039699558,0,1.10744538219725,2.75178126366102,4.47291687604167,5.33235837214064,498,FALSE
"High","LNP_0238",133.192756283097,9.77926822379231,0.381501524802297,0.544046223168689,0.294603598431884,0.161350178399427,0,13,0.105601443822722,0.0220560815452621,0,1.25762743647443,2.72128032270604,4.5968680641996,5.76264789182907,499,FALSE
"High","LNP_0324",120.399206131697,9.82068637851626,0.242842567153275,0.498096395982315,0.342105438016573,0.159798166001112,0,13,0.104092839143773,0.0187026440232143,0.103459205899963,1.27760105821444,2.80175017894379,4.73869273038576,5.81092869156437,500,FALSE
"Intermediate","LNP_0462",93.6129996087402,-1.00800178479403,0.399105833750218,0.477647912702742,0.431320381918687,0.091031705378571,1,78,0.824293144030034,0.0356450494392206,3.07805406622862,4.28088187554781,1.54456516778464,1.66447480011,0.569455514738203,1,TRUE
"Intermediate","LNP_0428",88.8204663759097,1.09363658819348,0.493633543048054,0.376300626226774,0.427976831045156,0.19572254272807,1,78,0.816250048555546,0.0332885220211812,3.10481806725107,4.31850790572858,1.57875802804942,1.91522786964945,0.616972991694039,2,TRUE
"Intermediate","LNP_0374",95.510805095546,0.547898812219501,0.345423847343773,0.515114624393842,0.400721801172917,0.0841635744332413,1,78,0.813071675760383,0.0364921992314292,3.04276457502,4.2601390534708,1.62031580425521,1.87033558719208,0.346503554058438,3,TRUE
"Intermediate","LNP_0007",102.8105488047,0.721074412576854,0.409476848971099,0.504653408404807,0.345283777949371,0.150062813645822,1,78,0.807447264179236,0.0362732003732769,2.97804277136976,4.22244108710831,1.582287204816,1.83697322022106,0.436097497188963,4,TRUE
"Intermediate","LNP_0449",85.8056963421404,-1.6948509356007,0.30026867967099,0.598698499676246,0.342006278828472,0.0592952214952825,1,78,0.803270354266886,0.0367318788288504,3.03110829638024,4.27413804317957,1.62463199460342,1.73458976218816,0.89860184416899,5,FALSE
"Intermediate","LNP_0419",97.8456383803859,-2.32126656919718,0.40911775957793,0.516176699840256,0.345445278826466,0.138378021333278,1,78,0.801632204332962,0.0335059331227442,3.00164591173307,4.25872111452671,1.526878541127,1.64485056586094,1.2562855602991,6,TRUE
"Intermediate","LNP_0364",80.8119554305449,-0.627616751007736,0.274638611916453,0.517230525633537,0.391734283551729,0.0910351908147338,1,78,0.801001576150628,0.0350375237498245,2.91769122993839,4.14929450501238,1.6236025960268,1.71595567402022,0.385275098613699,7,TRUE
"Intermediate","LNP_0467",73.0096920393407,0.965611478313804,0.46767194615677,0.492253285244461,0.29697368353357,0.210773031221969,1,78,0.79441854886493,0.0376404621448493,2.91386049172348,4.13768895301739,1.57312644116692,1.87961375820272,0.561602368348496,8,TRUE
"Intermediate","LNP_0466",77.077801944688,1.38886549510062,0.445512916892767,0.526246112429754,0.380303940182633,0.0934499473876125,1,78,0.793305949930319,0.0325343391720718,3.00095659621386,4.24807025562556,1.62977592180829,2.00548955019585,0.771799945191545,9,FALSE
"Intermediate","LNP_0109",91.0689776530489,-3.3800434274599,0.480289639346302,0.466218533053709,0.394831297601722,0.138950169344569,1,78,0.791260151858372,0.0381784839341191,2.99252482801891,4.22849524402231,1.48051643323995,1.61877988674516,1.77684229304706,10,TRUE
"Intermediate","LNP_0442",108.387233596295,-0.195516035892069,0.345106361154467,0.468929058018287,0.331895852477489,0.199175089504224,1,78,0.789894254908098,0.0331846104588093,2.76203229491444,4.0029891163058,1.57299959197863,1.71002129600922,0.178572368917074,11,TRUE
"Intermediate","LNP_0140",93.9431536244228,-1.64445796515793,0.203858428541571,0.537716976281056,0.345643035436697,0.116639988282247,1,78,0.783683940545826,0.0369395295625072,2.90995247294163,4.15658273297153,1.65465303934666,1.76603147128268,0.912359987907455,12,FALSE
"Intermediate","LNP_0017",74.608773435466,-0.90476737357676,0.323866031691432,0.406530058160932,0.458583185003285,0.134886756835784,1,78,0.781278714390249,0.0304572459893754,2.75763106207932,4.01791203509255,1.58623321384454,1.67722876914302,0.541602372871053,13,TRUE
"Intermediate","LNP_0180",108.175009978004,-1.03713772259653,0.353958562016487,0.445144173552853,0.43156519854507,0.123290627902077,1,78,0.779739758024617,0.0338362985906348,2.75857339682187,4.01173803459119,1.58816381461929,1.70603455160244,0.553274233917685,14,TRUE
"Intermediate","LNP_0141",81.170220207423,1.87676986213773,0.432716127112508,0.438773974181599,0.454307172924857,0.106918852893543,1,78,0.778426822081316,0.0364086676254652,2.98331257196763,4.20979496165046,1.65423910700657,2.1306894924985,1.00631123793094,15,FALSE
"Intermediate","LNP_0025",115.570579911582,0.376098467968404,0.424494939856231,0.58258254117628,0.297731865694883,0.119685593128837,1,78,0.774676241316752,0.0337549294251072,2.65429769563814,3.93224360357084,1.56140932279384,1.76365901605956,0.243664458722804,16,TRUE
"Intermediate","LNP_0221",78.2528330106288,-1.62661683280021,0.238268989697099,0.52649488791667,0.287770801388292,0.185734310695038,1,78,0.772977464309764,0.0363249218897369,2.82022029082613,4.0777783999479,1.65866854461017,1.74068684620022,0.90222427050205,17,FALSE
"Intermediate","LNP_0079",85.1797909243032,1.33468165528029,0.267945685982704,0.430720612426444,0.460881131679279,0.108398255894277,1,78,0.771723702276789,0.0332142523638556,2.90684787622823,4.14206822971986,1.71445843901912,2.09574770633874,0.737222090320461,18,FALSE
"Intermediate","LNP_0370",98.3167669270188,0.960645750164986,0.171623823884875,0.523827971201285,0.368251794149631,0.107920234649084,1,78,0.771331226294618,0.035725555469736,2.85274725225623,4.100736573044,1.73748375600954,1.99159140591992,0.547581645520494,19,FALSE
"Intermediate","LNP_0199",65.2346616843715,-1.42773817293346,0.487420371174812,0.499189116605839,0.349672881561079,0.151138001833082,1,78,0.769965120563048,0.0368141552559883,2.66689937800958,3.9155153371428,1.50909024740633,1.62618347371892,0.804347869463792,20,TRUE
"Intermediate","LNP_0479",71.7243514023721,-2.96764655970037,0.438374316692352,0.497445002433955,0.354382636381239,0.148172361184806,1,78,0.763554595442486,0.0305741219697698,2.76101796826349,4.02440657545695,1.51538657359181,1.64303839109481,1.5595485496167,21,TRUE
"Intermediate","LNP_0091",63.0695691565052,0.531801590695977,0.422499176114798,0.570619913598039,0.292134981431764,0.137245104970197,1,78,0.763102290307065,0.0351085665170869,2.59238185677499,3.86579767505826,1.56237635508444,1.7862094192773,0.340757403997969,22,FALSE
"Intermediate","LNP_0245",81.1869746772572,-3.57343113049865,0.420538120251149,0.382788465056154,0.432405959562547,0.184805575381299,1,78,0.762249616673524,0.0353436878734116,2.81223305802008,4.07266810164467,1.52101071288689,1.64576245887032,1.86446760281282,23,FALSE
"Intermediate","LNP_0427",80.2904915297404,-3.0396989453584,0.286179745290428,0.525902389689867,0.298062491132276,0.176035119177857,1,78,0.760408397295511,0.038864124739043,2.8101932880662,4.05322970821899,1.60499229920338,1.7169966429185,1.53982074502616,24,FALSE
"Intermediate","LNP_0010",95.6614735303447,-3.17357432097197,0.2762132499367,0.54104059729743,0.319030594163241,0.139928808539329,1,78,0.75962385902697,0.0341959311408135,2.82269030418035,4.08937101441995,1.61072483138107,1.70948397777197,1.67114396143387,25,FALSE
"Intermediate","LNP_0186",98.1289800489321,1.01233443710953,0.153998559340835,0.463687385701895,0.33033774675965,0.205974867538455,1,78,0.756844934989707,0.0352910270468106,2.77955813833624,4.0278813737545,1.76080641383225,2.06197296754751,0.576491681665481,26,FALSE
"Intermediate","LNP_0210",67.2171746380627,-1.42118817660958,0.316875315923244,0.545897734669014,0.332143630574536,0.121958634756449,1,78,0.756003553183194,0.0371889178850935,2.62022487971258,3.88588332928575,1.58409003085219,1.72733425694324,0.779489886699401,27,FALSE
"Intermediate","LNP_0133",117.299909261055,-0.841568778268993,0.38119180155918,0.555363743915647,0.338281021338369,0.106355234745984,1,78,0.754750219393027,0.0382408936051609,2.51432627959427,3.79551155394601,1.54602773558187,1.66805276965517,0.481413062242579,28,TRUE
"Intermediate","LNP_0346",87.0214798487723,-4.74487444385886,0.482129480689764,0.457434400196745,0.342177131301389,0.200388468501867,1,78,0.754207623962756,0.0373566486983747,2.82879724900829,4.06937469462562,1.47698479385431,1.60685675377949,2.44104016092247,29,TRUE
"Intermediate","LNP_0255",103.107039886527,1.14875166211277,0.157511241268367,0.591165452459411,0.31536321707833,0.093471330462259,1,78,0.753622547946663,0.0363735844245708,2.77728149437576,4.03157017039764,1.76850211035318,2.07105300990434,0.669591885893887,30,FALSE
"Intermediate","LNP_0414",99.7948936186731,1.52490337844938,0.164386600535363,0.59286966262149,0.295087133582735,0.112043203795774,1,78,0.751394161959433,0.0307009198997751,2.8422542392487,4.09380181855264,1.80319916541207,2.2011319861955,0.825602916533351,31,FALSE
"Intermediate","LNP_0196",96.6532702324912,1.66061190422624,0.178068572748452,0.480746501655603,0.348273867491275,0.170979630853122,1,78,0.747626927045847,0.0369056450400516,2.83124402399369,4.07791870212351,1.80430877844338,2.19115542787023,0.920819336204086,32,FALSE
"Intermediate","LNP_0476",94.4527396932244,2.86443118937314,0.390119745302945,0.52316596548,0.356541447406992,0.120292587113008,1,78,0.746897911283579,0.0375422738868381,2.97789416120784,4.227446101985,1.79270658548698,2.43521652622883,1.46264017047414,33,FALSE
"Intermediate","LNP_0208",78.8239280693233,-2.47111013624817,0.163065111171454,0.466697291564008,0.366337065837646,0.166965642598346,1,78,0.744859587748035,0.0329401434502545,2.70399047661063,3.97353112380864,1.68421816156829,1.79849101480235,1.28572513732932,34,FALSE
"Intermediate","LNP_0124",71.9767631264403,-2.46367166284472,0.225407158210874,0.546867023095595,0.296752285272456,0.156380691631949,1,78,0.738497778006913,0.0368125609732746,2.61551268461883,3.8678900730557,1.62669591310159,1.71943830176083,1.32438955110722,35,FALSE
"Intermediate","LNP_0497",75.3098994027823,2.8422763897106,0.49648768696934,0.409418798928009,0.417925204391451,0.172655996680539,1,78,0.737897859436503,0.0345448517097704,2.85774612146086,4.13091213915755,1.72159646795296,2.37584011953294,1.52213210191415,36,FALSE
"Intermediate","LNP_0361",64.3817043630406,-1.51095809880644,0.35955299185589,0.483462005381116,0.35247579199346,0.164062202625424,1,78,0.737247161972582,0.0364052698145745,2.48488016051108,3.76078796079128,1.59724595814774,1.71838433179366,0.800509194382563,37,FALSE
"Intermediate","LNP_0423",109.626354463398,-2.72514610551298,0.266289060562849,0.553421391008186,0.29363391324062,0.152944695751194,1,78,0.736450734092353,0.0299114107985924,2.60598881298496,3.88726587166502,1.62015253171773,1.70768263006423,1.44107400337143,38,FALSE
"Intermediate","LNP_0307",65.663685137406,-0.230090352706611,0.12936575897038,0.558826159402888,0.346078600106481,0.095095240490631,1,78,0.736277295935349,0.0329554618450276,2.43537984665757,3.72261558066568,1.70436193459761,1.75013186664802,0.210482544582383,39,FALSE
"Intermediate","LNP_0066",94.8516341391951,3.07533364742994,0.385260075516999,0.478430011157797,0.307832555612139,0.213737433230064,1,78,0.735756585073362,0.0345648943192307,2.95547047230055,4.17447929588974,1.80992775459252,2.50628510616509,1.59680443853205,40,FALSE
"Intermediate","LNP_0192",82.1482756407931,2.69601019565016,0.322031241096556,0.492451268021807,0.377697105756558,0.129851626221634,1,78,0.734937916025343,0.0332223005363305,2.88475165124721,4.12502729724815,1.7985823247659,2.43635278798319,1.41133165007847,41,FALSE
"Intermediate","LNP_0437",60.817852942273,0.519485482946038,0.358206245675683,0.532797285146388,0.313021145123866,0.154181569729747,1,78,0.733308980972264,0.0353107123732863,2.41332117385261,3.70431795702812,1.62513829914369,1.82854228460238,0.363702072137382,42,FALSE
"Intermediate","LNP_0480",120.48722456675,-1.61908550187945,0.431282921507955,0.518653265821846,0.410247313247181,0.0710994209309734,1,78,0.729275450979231,0.0365099856723883,2.36124264355026,3.64957898959886,1.50141301665228,1.64618801605219,0.875379502892388,43,TRUE
"Intermediate","LNP_0387",68.5296441894025,-1.58433248754591,0.186026698723435,0.435040565857467,0.394398361108528,0.170561073034005,1,78,0.727160876914724,0.0320581810457335,2.46418352734518,3.76133578409055,1.6625484677496,1.75876641244959,0.87668369839278,44,FALSE
"Intermediate","LNP_0343",102.602966013364,2.25446937140077,0.253737013787031,0.426824862763834,0.406169896784864,0.167005240451302,1,78,0.721761281952801,0.0374599120206735,2.72977121480763,3.98574887605813,1.82937921671114,2.32732677428878,1.18456394161766,45,FALSE
"Intermediate","LNP_0080",61.1135424347594,-0.198730938136578,0.24217386841774,0.528099444345447,0.289141429274323,0.18275912638023,1,78,0.721641820309535,0.0359298735420307,2.30120420339302,3.60292516135021,1.65614104574945,1.79052128955575,0.203920605951252,46,FALSE
"Intermediate","LNP_0056",70.653138961643,1.73917313572019,0.210575953498483,0.511674870439076,0.328180664879609,0.160144464681315,1,78,0.719689649743803,0.033808946786588,2.62687446519497,3.90078373610231,1.80010293558493,2.21606226785432,0.981967060485854,47,FALSE
"Intermediate","LNP_0160",71.799066872336,-2.98910453915596,0.183999223448336,0.532688068240611,0.322373801907196,0.144938129852193,1,78,0.718084047136709,0.0334172969075053,2.52934341651543,3.80216837308881,1.66437485913002,1.75882107019035,1.55516634445255,48,FALSE
"Intermediate","LNP_0406",94.9802484130487,0.226291930302978,0.403274215571582,0.516308419445917,0.33083055585591,0.152861024698173,0,78,0.716849365959316,0.0303660765760597,2.39805988958464,3.39629333672021,1.57493841837419,1.70388684126822,0.790478201866024,49,FALSE
"Intermediate","LNP_0153",88.7909029843286,-0.484989886172116,0.399842838384211,0.433950636910407,0.384746412908648,0.181302950180945,0,78,0.712072909163551,0.0348281739029645,2.35695616297021,3.35794256194964,1.54877388893549,1.65421571079698,0.916393205582674,50,FALSE
"Intermediate","LNP_0494",120.158511842601,-1.99661643244326,0.406275866832584,0.425405822751866,0.473497626593823,0.101096550654311,1,78,0.709735966485868,0.0348276903850425,2.26582048217989,3.56609342557554,1.52786502123856,1.69245066698895,1.03219172756858,51,FALSE
"Intermediate","LNP_0415",77.6049672625959,-3.72314855922014,0.173176276870072,0.452985436361898,0.379267989058194,0.167746574579908,1,78,0.709530213523228,0.0348860968501453,2.53785793656477,3.81842596443044,1.66049669061235,1.78993556281515,1.93503807134544,52,FALSE
"Intermediate","LNP_0284",72.4985329201445,3.08801533188671,0.402439205534756,0.479081828882705,0.333758349446487,0.187159821670808,1,78,0.708898344064702,0.0370507614343242,2.73007863323637,3.99101333846098,1.78956527672335,2.49946971413684,1.61665500580434,53,FALSE
"Intermediate","LNP_0022",119.28034061566,-2.70657944027334,0.417095336690545,0.422581976338178,0.403725893769031,0.173692129892791,1,78,0.708480916129744,0.0374370398923199,2.3146975849917,3.61556775010836,1.52262594649168,1.6623373240611,1.40640135030166,54,FALSE
"Intermediate","LNP_0102",83.2823540316895,3.72980702202767,0.391105084121227,0.451161832335164,0.379532254264412,0.169305913400424,1,78,0.706827684334673,0.0348440701354006,2.84381569760618,4.10359659492318,1.84131188237247,2.64734045306829,1.95587095112102,55,FALSE
"Intermediate","LNP_0228",106.025326368399,2.25559297949076,0.19042548192665,0.56802303015318,0.348993888188273,0.0829830816585472,1,78,0.706378116996276,0.0318522757188135,2.64865371428907,3.9156529106967,1.8573073931937,2.38531997447897,1.22703062804465,56,FALSE
"Intermediate","LNP_0268",84.732463140972,-1.75433774013072,0.474930946156383,0.455685445128992,0.448088917876037,0.0962256369949717,0,78,0.704321416078813,0.0371257792656908,2.38590078309484,3.37217786310758,1.498558704763,1.62366721429815,1.56518662152768,57,TRUE
"Intermediate","LNP_0212",75.2964928513393,0.416847025044262,0.499553059600294,0.418021898426446,0.439291505741024,0.142686595832531,0,78,0.703851081416005,0.036374293035787,2.29000392293245,3.29774274426997,1.51359172833123,1.77677661635385,0.84828373536644,58,FALSE
"Intermediate","LNP_0339",114.39229149837,-4.21295709908009,0.437565883249044,0.4952267305992,0.368538979737981,0.136234289662819,1,78,0.703393190919727,0.0350919611882653,2.41215507705614,3.6969928109973,1.5128628921317,1.64220351612284,2.17416501344732,59,FALSE
"Intermediate","LNP_0159",94.476800202392,0.0581660820171237,0.30416452055797,0.5109793424211,0.410971489572261,0.078049168006639,0,78,0.702159690800401,0.0330130587167705,2.30066708992135,3.30375373105042,1.61374054526057,1.74207750444662,0.698131913077521,60,FALSE
"Intermediate","LNP_0333",123.779740300961,-0.740495775826275,0.332573263067752,0.522472967085931,0.339001607117719,0.13852542579635,1,78,0.702107973371383,0.034355229786831,2.13247714410051,3.41723438697358,1.57886215741827,1.70094391588858,0.423023064483334,61,TRUE
"Intermediate","LNP_0127",65.4202300822362,-4.52497460413724,0.47243985645473,0.495705326794892,0.420238884936402,0.084055788268706,1,78,0.699333073906049,0.0361393183474681,2.3994330521283,3.69409407328061,1.49645625380258,1.63247052219557,2.35243903072375,62,FALSE
"Intermediate","LNP_0244",113.305535982363,1.94706965237856,0.276096739806235,0.414606047326271,0.523771811576271,0.0616221410974585,1,78,0.698130649352774,0.0354689632929575,2.46395854892325,3.726460668424,1.76920050882408,2.24912303498572,1.01480551880421,63,FALSE
"Intermediate","LNP_0493",95.978519320488,1.44297359045595,0.49857828291133,0.51263961187414,0.331063669156799,0.156296718969061,0,78,0.694900051500403,0.0343697069878609,2.45480349297763,3.42587581450755,1.61036467976875,2.03115740163435,1.40262497914637,64,FALSE
"Intermediate","LNP_0040",73.1625785352662,-4.50909272767603,0.279092039354146,0.445354897198398,0.378783270643247,0.175861832158354,1,78,0.692935285852223,0.0385305805304719,2.4350035391028,3.73199549174395,1.60966247579276,1.72132852640913,2.33554941333704,65,FALSE
"Intermediate","LNP_0335",81.4270780421793,3.33011434413493,0.275309815071523,0.405334906251748,0.460545084632759,0.134120009115492,1,78,0.692754269503363,0.0339797710082571,2.72502674771526,3.9994431609285,1.88933692140065,2.64611543629006,1.76211144537929,66,FALSE
"Intermediate","LNP_0398",60.105849406682,-2.38192599732429,0.286401465628296,0.522928186416402,0.337576614000767,0.139495199582831,1,78,0.690662418286402,0.0385060661659013,2.22692058390245,3.51229856431285,1.61412584969319,1.72783856074818,1.25768337000759,67,FALSE
"Intermediate","LNP_0305",113.013185281307,-4.74407391622663,0.39146581524983,0.474369533672643,0.371032883360739,0.154597582966617,1,78,0.686408164065678,0.0342642123022225,2.34176191006292,3.64122874095755,1.53492225516286,1.6366876549921,2.44967069794549,68,FALSE
"Intermediate","LNP_0489",92.894859588705,-6.1737562622875,0.332857558876276,0.576193392417098,0.343405560486484,0.0804010470964186,1,78,0.685461513351888,0.0385336418247797,2.50991388546774,3.77557007249132,1.57055324308236,1.68589929190409,3.16605693463861,69,FALSE
"Intermediate","LNP_0071",125.447515863925,1.06627975124866,0.415363752655685,0.514057068585655,0.337953981772417,0.147988949641928,1,78,0.685089588085784,0.0334340665261086,2.1099893931614,3.39283358727071,1.60891203476079,1.92906312364629,0.595049983131035,70,FALSE
"Intermediate","LNP_0345",98.6411764053628,1.00518092978746,0.361850697919726,0.525208821621478,0.316277506624429,0.158513671754094,0,78,0.685073115472846,0.0357236927960061,2.31428730928868,3.33545606705892,1.64390901157423,1.93430366216622,1.14973687074643,71,FALSE
"Intermediate","LNP_0378",70.8876348566264,3.8639780273661,0.481136401835829,0.470111819571979,0.419809074009277,0.110079106418744,1,78,0.682710074440471,0.0342810218002618,2.66139632980288,3.93292978462314,1.82583762406841,2.65512524871273,2.01138658971191,72,FALSE
"Intermediate","LNP_0312",96.4665941894054,3.90210488811135,0.246392055321485,0.581723531571741,0.292406554403864,0.125869914024395,1,78,0.682202338493738,0.037433797108158,2.73516594912926,3.99187888133958,1.92224480956251,2.73084370326753,2.00252899181717,73,FALSE
"Intermediate","LNP_0349",72.9244840331376,-5.27530128136277,0.314543972350657,0.553232114665062,0.352531975504902,0.0942359098300359,1,78,0.681438557017735,0.0366462178356628,2.39497791962139,3.71699360834735,1.5985590393446,1.69227895689255,2.70450382932499,74,FALSE
"Intermediate","LNP_0481",71.5166488196701,-0.842464058659971,0.404657737724483,0.536960837837878,0.296424013667027,0.166615148495095,0,78,0.679750277091232,0.0350604416868211,2.15057397340268,3.14647153172768,1.54664388152058,1.66478598032282,1.10380836403743,75,FALSE
"Intermediate","LNP_0278",96.6472376836464,-1.85461420100182,0.349251664802432,0.508141135583716,0.418396550040074,0.0734623143762104,0,78,0.677998569270163,0.0350027513922737,2.27747885829592,3.27548979030603,1.59714943465216,1.71180914859336,1.64539394703232,76,FALSE
"Intermediate","LNP_0286",89.5892688306049,-0.772621463984251,0.210359605122358,0.465696543947062,0.359951889671996,0.174351566380942,0,78,0.677297663883018,0.033571659978587,2.21999664175917,3.23230058399305,1.66066847923206,1.79225367914037,1.07846536383753,77,FALSE
"Intermediate","LNP_0154",74.6448994148523,1.34238932281733,0.467581898067147,0.571680562570489,0.362003970861303,0.0663154665682077,0,78,0.677266130971639,0.035929750146618,2.29281016999582,3.3107542192895,1.61547006667,2.0024564893229,1.34604163118487,78,FALSE
"Intermediate","LNP_0338",114.146235398948,3.1444212095812,0.399114619474858,0.430893833849089,0.441555073272245,0.127551092878666,1,78,0.676143930170949,0.0349180450729937,2.48231679813499,3.78480566705433,1.79571959617218,2.52565933655424,1.62817485488665,79,FALSE
"Intermediate","LNP_0369",90.6607866287231,0.153657263144851,0.159511190839112,0.515086743104905,0.429994328288429,0.0549189286066664,0,78,0.675592739391383,0.0349803416149299,2.19948038759557,3.21557305151734,1.72649384163192,1.84625215714428,0.763642353316116,80,FALSE
"Intermediate","LNP_0246",122.45543464087,0.558580006472766,0.211713522020727,0.37211402159619,0.4485234604696,0.17936251793421,1,78,0.674980495537532,0.0341985552767198,2.02238480457735,3.34287323151201,1.69740811593959,1.90382901805216,0.351064081342169,81,FALSE
"Intermediate","LNP_0030",64.7113647311926,-3.94224750809371,0.322070881910622,0.407703176833876,0.398528991880257,0.193767831285867,1,78,0.674668132550361,0.0329584616014245,2.2306001548639,3.5178275950102,1.58916199948422,1.70140276196913,2.04930220786441,82,FALSE
"Intermediate","LNP_0039",81.8181007634848,0.710827833972871,0.270754230581224,0.483593431453983,0.366676960862261,0.149729607683756,0,78,0.671623559620452,0.0345162852645843,2.22899180333942,3.23162039285307,1.69879598409568,1.92879614473984,1.04082584409902,83,FALSE
"Intermediate","LNP_0187",76.503273146227,0.446715322323143,0.254999303072691,0.489719771258062,0.426336901896178,0.0839433268457607,0,78,0.668518657785682,0.0344003087162413,2.14179651657165,3.17906666926744,1.68050100031076,1.85439065229183,0.909753734030329,84,FALSE
"Intermediate","LNP_0265",101.644489425234,1.38705377466977,0.38122918959707,0.459699345502742,0.388650835392563,0.151649819104695,0,78,0.666259435804633,0.0311666659565498,2.24578202662108,3.22872674847625,1.64531248724947,2.00646549543752,1.38351874191217,85,FALSE
"Intermediate","LNP_0069",129.434232111089,0.94046835321933,0.489665477629751,0.438603468472169,0.48749160459693,0.0739049269309014,1,78,0.665798974928211,0.0362147659141551,1.90606594868017,3.27060842506745,1.57936112466375,1.89740001255895,0.550186038977446,86,FALSE
"Intermediate","LNP_0144",68.384952400811,-2.29616813361645,0.481503449846059,0.635146305455294,0.281821798563881,0.0830318959808256,0,78,0.664726370817413,0.0375912843435766,2.09746578254847,3.13363999686828,1.4688881672566,1.60133376031674,1.82769235954125,87,TRUE
"Intermediate","LNP_0213",71.625478961505,3.19242674391717,0.202269246801734,0.474754294873261,0.364293619821478,0.160952085305261,1,78,0.664415958904984,0.0337969984940956,2.50043981331828,3.78761183741281,1.92165203882911,2.61056757061861,1.67046711627699,88,FALSE
"Intermediate","LNP_0418",82.1725537767634,0.628186715766788,0.224992945045233,0.513433324492682,0.33151381176361,0.155052863743708,0,78,0.6643167765129,0.0334016789983013,2.17887466921545,3.17311638595902,1.70776374335402,1.94833793819649,0.999636672019309,89,FALSE
"Intermediate","LNP_0130",119.000710151158,-3.91044418793172,0.325917792599648,0.537668875140451,0.409119766402697,0.0532113584568521,1,78,0.66282605767777,0.0338744655892596,2.15496534679888,3.4639619709979,1.61553047118059,1.72347506001084,2.04740250134145,90,FALSE
"Intermediate","LNP_0077",87.9816537722945,-1.73389183823019,0.20856360187754,0.467034795311028,0.463078981713432,0.0698862229755401,0,78,0.661288159621369,0.0380326026330306,2.17709456995679,3.20728181726499,1.67463818670119,1.75722135430014,1.53351374604476,91,FALSE
"Intermediate","LNP_0215",54.7663627425209,-0.263542532920837,0.131588471028954,0.513944643539551,0.41596487944741,0.0700904770130386,1,78,0.661104661340798,0.0348737075217591,1.88471269653843,3.22324239179025,1.73189417304791,1.83304540835239,0.188020245638122,92,FALSE
"Intermediate","LNP_0055",106.094798375852,0.594281828962266,0.322125436738133,0.423860856117254,0.411283064814853,0.164856079067893,0,78,0.66041234810329,0.0390251887692717,2.06895864699475,3.09963327914558,1.63892037109931,1.86035914432643,0.958527890892676,93,FALSE
"Intermediate","LNP_0451",102.382260165177,1.20561074931175,0.33952085962519,0.450866618673013,0.482386089049124,0.0667472922778629,0,78,0.659577151155227,0.0331222406126375,2.18476785681917,3.20239472169378,1.67548046722839,2.01482140047883,1.27765014813223,94,FALSE
"Intermediate","LNP_0076",72.0118885161355,4.18075806926936,0.351571104303002,0.539378393324061,0.405667099530294,0.0549545071456451,1,78,0.657797923195426,0.0351735923208266,2.58804857764407,3.86528142501844,1.92056027385417,2.79991286287763,2.15062053299349,95,FALSE
"Intermediate","LNP_0225",55.2843942772597,2.15735922101885,0.481701989285648,0.370588188990779,0.448469995005498,0.180941816003723,1,78,0.657784156766359,0.0356930340912006,2.09169763765815,3.40614716262924,1.65284074188463,2.20513852822713,1.15901408326768,96,FALSE
"Intermediate","LNP_0319",85.3986102622002,1.79803247563541,0.319217330403626,0.556666241666808,0.322787323449165,0.120546434884026,0,78,0.657401426560883,0.0312590784105334,2.3165773322663,3.29282699495917,1.74532530004853,2.18675297820714,1.56286474991943,97,FALSE
"Intermediate","LNP_0058",125.330786430277,0.597849171608686,0.197374096978456,0.464432108740197,0.448612618764091,0.0869552724957116,1,78,0.65416680343171,0.0347703148785711,1.88697777279238,3.23607914309867,1.72464243565494,1.94969617997878,0.369029520657822,98,FALSE
"Intermediate","LNP_0267",83.6331205908209,-7.08582474850118,0.348722824919969,0.565716352238983,0.279371332437034,0.154912315323983,1,78,0.652685154292374,0.0330525804494487,2.31296567865306,3.59694966239345,1.54036028706432,1.66843356036926,3.58821662305321,99,FALSE
"Intermediate","LNP_0351",63.6540197068825,-3.47533706575632,0.109959307778627,0.491192481264539,0.345703254035239,0.163104264700221,1,78,0.651095367687139,0.032030293105224,2.12528290220678,3.43203220550835,1.73401113443944,1.82459598782043,1.85415931392448,100,FALSE
"Intermediate","LNP_0205",90.2573342202231,-3.30824077595025,0.294682229030877,0.604607632345913,0.306866802776469,0.088525564877618,0,78,0.649219839869248,0.0357165456387584,2.18969137661485,3.20903971645597,1.60296488701383,1.74274203452344,2.32296384393698,101,FALSE
"Intermediate","LNP_0207",86.4091864787042,0.928525174967945,0.12590045183897,0.465214974132271,0.324993057680086,0.209791968187643,0,78,0.64914602194179,0.0334938211510077,2.13941697399564,3.15663331166758,1.77598318915092,2.02536250495757,1.12690118452784,102,FALSE
"Intermediate","LNP_0498",54.9538435647264,-2.17002496588975,0.180303837172687,0.593177248493121,0.340596745820796,0.0662260056860829,1,78,0.648417722567919,0.0340657345502311,1.91970182162522,3.25375001504909,1.67462371700936,1.78149372482988,1.13894415017891,103,FALSE
"Intermediate","LNP_0174",124.656800413504,-4.33995307888836,0.466522295866162,0.568745577033124,0.355582012846813,0.0756724101200623,1,78,0.645231806440571,0.0373457218869849,1.96195449102552,3.28753581787253,1.50175298769459,1.61272858590707,2.254747207043,104,TRUE
"Intermediate","LNP_0182",81.2448164913803,4.29509621113539,0.184209295921028,0.499901064260541,0.394125487315333,0.105973448424126,1,78,0.643813240370486,0.036288260027029,2.59727859458658,3.85681514283901,2.03059889802583,2.9042146703551,2.25728108743213,105,FALSE
"Intermediate","LNP_0172",68.3828490786254,0.426276926882565,0.260725541692227,0.541512860629409,0.37572038321202,0.0827667561585712,0,78,0.642244217567118,0.0335386338453762,1.92311484200615,2.97982298595749,1.65849040564732,1.86607012693313,0.885075851915265,106,FALSE
"Intermediate","LNP_0053",129.892484564334,1.38765325304121,0.456758507806808,0.455160795748156,0.42215317523909,0.122686029012754,1,78,0.640566216445662,0.0340224363020976,1.83222352392864,3.17722996558862,1.63445433356711,2.01937596652731,0.813133546542743,107,FALSE
"Intermediate","LNP_0455",73.6619742121547,-2.55684514530003,0.330048247333616,0.482610253342971,0.425141410073868,0.0922483365831605,0,78,0.63983004222772,0.0297509201277106,2.02279107652326,3.06340460267722,1.57882537845691,1.72077898369611,1.94283673265515,108,FALSE
"Intermediate","LNP_0014",107.263340195641,-2.08678720053285,0.302799090743065,0.470070286730452,0.430707121725937,0.0992225915436106,0,78,0.639674285164239,0.0356225369809842,1.99119038278094,3.00661135200195,1.59308736165701,1.6929943342758,1.72786182618999,109,FALSE
"Intermediate","LNP_0390",71.0487079108134,-5.54237366188318,0.193959840293974,0.467530058470566,0.366288509898446,0.166181431630987,1,78,0.638813051306728,0.0341177886447846,2.17524423898709,3.50890556514166,1.69699529106091,1.77974372756164,2.84934224429602,110,FALSE
"Intermediate","LNP_0358",91.8915896909311,-7.59637024719268,0.425869579426944,0.471025654375477,0.32303397186072,0.205940373763804,1,78,0.638182443638687,0.0373673136923213,2.24902587385475,3.53678245993412,1.54321722943499,1.6533850088074,3.8522857833081,111,FALSE
"Intermediate","LNP_0372",84.2808801680803,-6.6046189982444,0.173560775537044,0.582843659961437,0.348951080042408,0.0682052599961544,1,78,0.637727542700606,0.0317571337515289,2.2526180958549,3.55401428441246,1.66315228375511,1.76480880667827,3.38625666773298,112,FALSE
"Intermediate","LNP_0459",65.4911725781858,-1.80108143016696,0.43520927913487,0.496450397717376,0.383622494640556,0.119927107642068,0,78,0.637539814232626,0.0347433652160161,1.89467037003117,2.94227976897572,1.52317986540207,1.6771956235834,1.58689461482661,113,FALSE
"Intermediate","LNP_0336",99.2566547822207,1.44147441256791,0.168147592246532,0.5367995105976,0.33118105993087,0.13201942947153,0,78,0.636538238055774,0.0340947124508046,2.13550387223632,3.13106418120621,1.7916415225195,2.13775918291611,1.38608245271733,114,FALSE
"Intermediate","LNP_0388",78.2218417385593,-4.04553843662143,0.447812916617841,0.490429386505854,0.447633085021398,0.0619375284727476,0,78,0.636429304436615,0.0369731979627771,2.08253058208147,3.12131382326925,1.51396833584106,1.63879878582842,2.71694478888873,115,FALSE
"Intermediate","LNP_0463",96.4016626821831,2.46522767003626,0.424355791509151,0.386679917522765,0.449676804165677,0.163643278311557,0,78,0.636071138150522,0.0323065761879933,2.24014267244055,3.23135839802478,1.7314644446226,2.34809548703415,1.87449931372298,116,FALSE
"Intermediate","LNP_0444",66.5520911104977,-1.64890080224723,0.299343597050756,0.616898733092401,0.312095598830282,0.0710056680773177,0,78,0.635763773456789,0.0356807455523041,1.91248925272112,2.95283916115099,1.59799426017534,1.6865108696777,1.49579216932701,117,FALSE
"Intermediate","LNP_0002",128.830513544381,-2.67117110081017,0.337546773068607,0.581982767426778,0.271887125956868,0.146130106616354,1,78,0.634043990627244,0.0350143515839485,1.78602133811089,3.1507891672708,1.60415012897853,1.69952154154487,1.38496904669097,118,FALSE
"Intermediate","LNP_0270",100.281304563396,3.06855640839785,0.489121403731406,0.568568659413042,0.297226025512115,0.134205315074844,0,78,0.633134601472397,0.0331627177688794,2.29549014116766,3.2909104974049,1.73613779558703,2.43870504115981,2.16623022055314,119,FALSE
"Intermediate","LNP_0308",50.8215519832447,-0.443559405393898,0.154600919689983,0.464779521750471,0.360379307962174,0.174841170287356,1,78,0.631068992241058,0.0374549992778206,1.6449781679232,3.01422695424532,1.71304388166552,1.78902615920406,0.286295840795748,120,FALSE
"Intermediate","LNP_0490",133.440097793937,-1.33629718795419,0.432293624896556,0.432980786137072,0.410577431693677,0.156441782169251,1,78,0.630418925188113,0.0335448797800357,1.57412349981375,2.95325413437228,1.52274639647931,1.65730467616933,0.720902279817349,121,TRUE
"Intermediate","LNP_0001",78.7577520124614,-2.92787848040462,0.20944909369573,0.559619866838329,0.26993054893898,0.170449584222691,0,78,0.627709010287302,0.0359908816448897,2.0327320243089,3.05973178950851,1.66269729766194,1.78933685372181,2.11411924932852,122,FALSE
"Intermediate","LNP_0396",73.95946290344,5.18333604093641,0.420740748662502,0.467512104139958,0.428876971356799,0.103610924503243,1,78,0.626269200377459,0.036289264290528,2.49604959684902,3.78046871365168,1.92620014914143,3.01187860044568,2.65314722854878,123,FALSE
"Intermediate","LNP_0257",66.8060810538009,-0.114152762107551,0.133024424221367,0.565081849911274,0.368137359295024,0.066780790793703,0,78,0.624613997099995,0.0323911765889285,1.77772234571799,2.84146143364869,1.71451303979966,1.80128595944792,0.739507709549951,124,FALSE
"Intermediate","LNP_0253",109.304565167986,-6.81129039730877,0.327090466301888,0.570606646005887,0.361032783627409,0.0683605703667033,1,78,0.622588583900922,0.0335051863605831,2.10219038692928,3.42576506268795,1.60795930897704,1.73255455716581,3.44394444075148,125,FALSE
"Intermediate","LNP_0235",76.0856857057661,-6.55549807939678,0.199873880296946,0.538565951382326,0.298818077233221,0.162615971384453,1,78,0.62244689096136,0.0356434009536148,2.13811147729505,3.44752509685482,1.66908535949087,1.78108371106472,3.36343884769683,126,FALSE
"Intermediate","LNP_0404",107.630183757283,1.67125726584345,0.298847443703562,0.519297483502916,0.39611525807244,0.0845872584246436,0,78,0.621993465919802,0.0347543410910043,2.01689607764619,3.04923320602618,1.74532530787787,2.17224331336168,1.49934702854763,127,FALSE
"Intermediate","LNP_0123",80.7720010867342,5.50815182738006,0.387444698065519,0.476860141809922,0.397488630440793,0.125651227749285,1,78,0.621896636581624,0.0358397166899695,2.54627464366274,3.82778890856214,1.97035764794349,3.11603310669445,2.82141735344224,128,FALSE
"Intermediate","LNP_0355",112.190229515545,0.0887962197884917,0.136851780768484,0.487669471022092,0.344405090553548,0.16792543842436,0,78,0.620426528927271,0.033225819050785,1.74889732599618,2.77642581512612,1.69620028457995,1.83373632492602,0.708491117591302,129,FALSE
"Intermediate","LNP_0371",92.1844950178638,-7.18707621097565,0.235688601993024,0.423625064672124,0.428774424142699,0.147600511185177,1,78,0.617659240692918,0.0341452440414474,2.1442864614616,3.46729231488607,1.65675320620879,1.77265021438697,3.66570314244988,130,FALSE
"Intermediate","LNP_0279",57.4384513311088,2.70735153928399,0.224411362316459,0.558928414033196,0.367449797061879,0.0736217889049252,1,78,0.61655753315133,0.0349019922742356,2.03043130076605,3.34990436404952,1.88255975118224,2.47726963915747,1.43468563556876,131,FALSE
"Intermediate","LNP_0176",111.801787326112,1.74556248355657,0.319199548754841,0.620558547381224,0.313916978688472,0.0655244739303036,0,78,0.615867200820124,0.0376128875745923,1.96660835053796,2.99410890703869,1.73351533266195,2.16161243341324,1.5206380418152,132,FALSE
"Intermediate","LNP_0239",65.2887222822756,-3.55228896252811,0.475608495529741,0.590972166269939,0.255762307438023,0.153265526292038,0,78,0.613288832454114,0.0374698056808319,1.84422413949066,2.88652517045638,1.50385008047896,1.61542957157211,2.44026992798288,133,FALSE
"Intermediate","LNP_0329",83.8391283759847,-3.20888971909881,0.104901849664748,0.544062459195528,0.309194064410752,0.14674347639372,0,78,0.612575719401533,0.033260423418836,1.98773450200142,3.0193957539665,1.7157380989468,1.82963198549872,2.27611855210053,134,FALSE
"Intermediate","LNP_0251",75.7216746453196,-4.44461365230381,0.430676020123065,0.493130659970418,0.373706285799071,0.133163054230511,0,78,0.611945735515978,0.0354863822094277,1.95740993416907,2.98627833889288,1.52661931863845,1.68775562835127,2.91843632038252,135,FALSE
"Intermediate","LNP_0200",107.286705821753,-2.88476868532598,0.254079437162727,0.45601612637294,0.316697875346611,0.227285998280449,0,78,0.610990134783357,0.0341291722099436,1.88723240288479,2.90665423997032,1.63436843674603,1.77397976853303,2.10626198818835,136,FALSE
"Intermediate","LNP_0050",135.782771534286,-2.29652790818363,0.497046269476414,0.5829056961992,0.339324719856376,0.0777695839444234,1,78,0.610947245439859,0.0330837528476109,1.49570761107131,2.85409173987989,1.48827471938665,1.63732358921254,1.19315252060061,137,TRUE
"Intermediate","LNP_0365",86.3300543511286,2.35852246638387,0.193398210033774,0.487781626853553,0.355636015533893,0.156582357612553,0,78,0.610764803300986,0.0328510553369971,2.11649541543854,3.14753801576459,1.85965457356157,2.37430865680629,1.86676137016769,138,FALSE
"Intermediate","LNP_0044",86.884545092471,-4.46289855055511,0.308505705185235,0.462926571159543,0.381640265519021,0.155433163321436,0,78,0.609950326659044,0.0355443407872032,1.998124347323,3.03634929348936,1.62145230792182,1.71884714535974,2.89605670528011,139,FALSE
"Intermediate","LNP_0337",119.737376621924,4.07625900115818,0.3860321986489,0.537508499452362,0.281523965854169,0.180967534693469,1,78,0.609606557421952,0.0352912656202049,2.168546252888,3.4670756412788,1.86133297917991,2.75023701068338,2.135914411759,140,FALSE
"Intermediate","LNP_0322",79.5895455405116,-3.77458381932229,0.235101122874767,0.493402656238745,0.388565883111519,0.118031460649735,0,78,0.607966965316575,0.0367485921232559,1.9525362066217,2.97052137436308,1.65627573921582,1.75698790404039,2.5354331100806,141,FALSE
"Intermediate","LNP_0063",88.3969637798145,5.38571077398956,0.222524503525347,0.530603964549899,0.357634712586137,0.111761322863964,1,78,0.607188991927391,0.0343034757865582,2.52283847980844,3.81555877738483,2.09806100053908,3.18930493560406,2.81444680167465,142,FALSE
"Intermediate","LNP_0247",89.8939824663103,5.90844040736556,0.328285277355462,0.582921515411359,0.352219026252407,0.0648594583362341,1,78,0.60658524424168,0.0355253969102392,2.57118242284191,3.82168750016974,2.05403773498342,3.29564143414846,3.02776924581146,143,FALSE
"Intermediate","LNP_0383",87.2709394432604,3.50724762305617,0.452969211526215,0.409844140525844,0.415664576052503,0.174491283421652,0,78,0.60649628605429,0.0328557652096474,2.23215480285958,3.23829423034327,1.82073744284849,2.60699755479714,2.43933914929336,144,FALSE
"Intermediate","LNP_0095",82.0373242488131,-8.2327339798212,0.395499416813254,0.52494982877831,0.379286939935796,0.0957632312858943,1,78,0.606240041990025,0.0354423065293679,2.05841510805172,3.38159839959403,1.5453534770481,1.65134453466909,4.18071160249205,145,FALSE
"Intermediate","LNP_0194",111.999331018887,-7.19792900141329,0.406466611474752,0.497815466110091,0.381709763201996,0.120474770687914,1,78,0.605935048094345,0.0344608532325916,1.95687823984504,3.29922942640413,1.54001361598686,1.66289761325356,3.67582681431896,146,FALSE
"Intermediate","LNP_0236",89.7151953307912,-3.68374421726912,0.117246912326664,0.519105619516955,0.35612072567371,0.124773654809336,0,78,0.605350045807937,0.0333831094175486,1.95100940317172,2.98719724469859,1.69615518592161,1.79015831325311,2.49461576530647,147,FALSE
"Intermediate","LNP_0110",64.7094690939412,-2.51661224290729,0.364212920516729,0.461986430140889,0.412676152199454,0.125337417659658,0,78,0.604741545540027,0.0359024267331278,1.74333050965713,2.78568835788571,1.57227932670458,1.69233872972171,1.92444572656619,148,FALSE
"Intermediate","LNP_0033",119.070527842268,-1.05926010292023,0.279028056468815,0.526103895980711,0.336834552725656,0.137061551293632,0,78,0.604339545287545,0.0330745699241667,1.6097995182097,2.68747507532311,1.60383583636215,1.69044005947572,1.17856503750637,149,FALSE
"Intermediate","LNP_0216",120.085308747366,-2.31086768675596,0.425467345770448,0.562148730635013,0.2594447385601,0.178406530804887,0,78,0.604291321087259,0.0352247555633644,1.67729340838767,2.74467256968169,1.52060707871864,1.67138790792109,1.81731992198917,150,FALSE
"Intermediate","LNP_0226",89.5220134640113,5.12406702619046,0.116152305249125,0.553237212885416,0.258270141956793,0.188492645157791,1,78,0.604146745878518,0.0369277860939065,2.48622783961218,3.76321244787922,2.13002957892053,3.16076976868074,2.65138645423412,151,FALSE
"Intermediate","LNP_0090",67.5052650272846,1.65479473304003,0.292050574626774,0.509572563725722,0.364921802242281,0.125505634031997,0,78,0.603084951677469,0.0349786886480107,1.8654441295457,2.91489795558264,1.73847364253378,2.16355955569489,1.51341261330587,152,FALSE
"Intermediate","LNP_0499",118.632494681515,4.19159709475935,0.358414888102561,0.476205595470471,0.401908567452223,0.121885837077307,1,78,0.602448456724316,0.0374436895976824,2.15770218758401,3.48173903063964,1.90594886405592,2.80531634775694,2.19841829861648,153,FALSE
"Intermediate","LNP_0323",64.7048324579373,2.11173682939261,0.466514343209565,0.440661798127747,0.37611804923628,0.183220152635972,0,78,0.601829456886616,0.0349484006204832,1.8724342333058,2.88475926100747,1.67258487504158,2.17647281641736,1.73123667468466,154,FALSE
"Intermediate","LNP_0211",98.204260552302,2.61547197122127,0.266618938092142,0.443404635241157,0.348146697846554,0.20844866691229,0,78,0.601127415973917,0.0338417101769274,2.08961764032284,3.08088805836489,1.8577458402705,2.41843451745284,1.99609266076574,155,FALSE
"Intermediate","LNP_0231",111.835122737102,-1.66170900687575,0.101855260320008,0.5333098097568,0.364413687650513,0.102276502592688,0,78,0.600493850407995,0.0365795702079582,1.73921015078408,2.82204205979703,1.72296168710098,1.82808462989592,1.48718375756282,156,FALSE
"Intermediate","LNP_0177",87.2238060226664,6.13388859201223,0.388020183146,0.529130848651279,0.346890109531985,0.123979041816737,1,78,0.600353050583264,0.0324805536382698,2.53473769271925,3.80659595943408,2.04469059551226,3.293865891079,3.15262056653645,157,FALSE
"Intermediate","LNP_0289",55.462910910137,-4.33734605554491,0.238450817577541,0.490026566122159,0.351761705118817,0.158211728759025,1,78,0.596861142719653,0.0368726151524604,1.7161771804304,3.08322367348979,1.6672588073701,1.7782858767022,2.22749594630128,158,FALSE
"Intermediate","LNP_0325",60.3806688217446,4.86409830395132,0.490146005246788,0.540164965245126,0.38391429269259,0.0759207420622838,1,78,0.595277432824619,0.0365897870445308,2.16055720210908,3.47727410683206,1.86288099687854,2.89664615732512,2.50903231008177,159,FALSE
"Intermediate","LNP_0146",73.1161782052368,2.51487274188548,0.262250106688589,0.570819618744869,0.263329327633115,0.165851053622016,0,78,0.59517483259668,0.0349148476380632,1.98592804409565,3.03655029419365,1.82255807023254,2.39759028595936,1.91510292449369,160,FALSE
"Intermediate","LNP_0276",123.518430581316,-4.98442932032049,0.321825271844864,0.427752623829865,0.406953778877659,0.165293597292476,1,78,0.594635519438433,0.03096644836058,1.70061021053687,3.05565616966782,1.59173821813198,1.70878270562225,2.54500491473392,161,FALSE
"Intermediate","LNP_0003",90.89769218117,-4.25799738615751,0.164073925372213,0.513411001439341,0.309582303117868,0.17700669544279,0,78,0.593007572510042,0.0370151573486041,1.93143465437866,2.96613153884133,1.71259403582385,1.80621904090643,2.81779130612474,162,FALSE
"Intermediate","LNP_0299",59.9041829351336,-2.77067558839917,0.435562399309129,0.516768650223493,0.387085985139683,0.0961453646368242,0,78,0.59081495293387,0.0308382735320502,1.61246773838882,2.68412280451122,1.51958436317973,1.65665214313831,2.04723569756761,163,FALSE
"Intermediate","LNP_0052",94.2200074205175,-5.90122594032437,0.430686196126044,0.520627549686695,0.376806109422513,0.102566340890792,0,78,0.58938369755548,0.0347752242630395,1.92400558295345,2.95742531941048,1.55737092906282,1.63693529125435,3.63907476270536,164,FALSE
"Intermediate","LNP_0474",125.588725972921,-4.61183105129749,0.258372636139393,0.53075796171385,0.40186559458671,0.06737644369944,1,78,0.589289097567957,0.0357859722602558,1.66473443907384,3.01514683717673,1.63222281513914,1.75300747813025,2.37478112630792,165,FALSE
"Intermediate","LNP_0149",74.5723678031936,-3.98964777588844,0.231295465677977,0.465961151375302,0.391401758424996,0.142637090199703,0,78,0.589007840847015,0.0354289102689097,1.81125732179409,2.88087241736821,1.63556453080146,1.77985586788036,2.66594885330065,166,FALSE
"Intermediate","LNP_0273",57.2057123994455,3.5178000247106,0.281482556648552,0.485600254073133,0.368836179184451,0.145563566742416,1,78,0.588767999931226,0.0338096798552326,1.94580875296285,3.29485325686599,1.90488494030279,2.67522508939292,1.82766260369747,167,FALSE
"Intermediate","LNP_0287",56.4928299980238,-5.93165796715766,0.394223361462355,0.52156188037499,0.315388153447253,0.163049966177757,1,78,0.588518612569836,0.034998871375083,1.7041453590149,3.07252332406123,1.54582144114671,1.65894656746247,3.04807863855516,168,FALSE
"Intermediate","LNP_0266",107.651902129874,-7.1169536979869,0.126224283408374,0.620402539709337,0.263498981637073,0.11609847865359,1,78,0.58760216542447,0.0315738066654356,1.94123318498664,3.2547570787622,1.69119732020607,1.79344032456579,3.64216196572362,169,FALSE
"Intermediate","LNP_0073",121.018240135163,1.74922734033316,0.451216709893197,0.532364673457277,0.361220738488052,0.106414588054672,0,78,0.58720678364991,0.034568203517396,1.66356770252963,2.71600360960342,1.62482675094377,2.07142860277908,1.55446433667206,170,FALSE
"Intermediate","LNP_0214",117.437638808042,4.58721862640232,0.30315026845783,0.603630409775893,0.288552105875379,0.107817484348728,1,78,0.58703698400028,0.0357699472618556,2.13741718264473,3.45512804249184,1.97410148760536,2.89616486528461,2.37237649315608,171,FALSE
"Intermediate","LNP_0473",92.7428280701861,6.39689335599542,0.393215997330844,0.527944754910154,0.368251442807204,0.103803802282642,1,78,0.586814301372085,0.0317588706867359,2.49755323818886,3.7504164760484,2.07748845528284,3.37954373449303,3.25549362493891,172,FALSE
"Intermediate","LNP_0026",120.853046816774,3.58026831410825,0.227425237558782,0.416826286382332,0.353930556983544,0.229243156634124,1,78,0.586646463217848,0.0333554132907657,1.96844912695624,3.30158392073421,1.93261234924928,2.7165290974687,1.86817433154299,173,FALSE
"Intermediate","LNP_0402",63.7067471398041,0.85196740925312,0.192261440306902,0.452679079694904,0.402329102649584,0.144991817655512,0,78,0.586535399391332,0.0340610906614519,1.64360336794561,2.70372446782496,1.76112146005531,2.03453479395539,1.10598973154251,174,FALSE
"Intermediate","LNP_0097",128.229430131614,0.167412594892085,0.496982123423368,0.468883084273227,0.416302698395389,0.114814217331384,0,78,0.585757966680944,0.0335844410664642,1.29899719711267,2.37432293920849,1.47793080769635,1.63092675570317,0.725599070876477,175,TRUE
"Intermediate","LNP_0175",116.828464972787,-1.59130197949708,0.186664855573326,0.457978931265151,0.47227188358147,0.0697491851533791,0,78,0.585686024272336,0.034915845296101,1.58746320162522,2.65975177985936,1.68693834131404,1.7689848822854,1.44493314375561,176,FALSE
"Intermediate","LNP_0292",60.0721582304686,0.850632274523377,0.310509027726948,0.394722221137719,0.473398704078913,0.131879074783368,0,78,0.585444936293881,0.0321820198329619,1.54082049326677,2.61739905231611,1.65878247987581,1.93807487651308,1.07199836345471,177,FALSE
"Intermediate","LNP_0313",121.327900071628,-2.73476866539568,0.43847830304876,0.532550370470338,0.314375241203624,0.153074388326038,0,78,0.585011562423516,0.0349864600942755,1.56648547722378,2.63872648048229,1.51392703472438,1.65134744365126,2.06121056678495,178,FALSE
"Intermediate","LNP_0169",91.274611861445,2.94114700052887,0.159764998219907,0.468484509790862,0.409996032057004,0.121519458152134,0,78,0.584999646064204,0.0383369295551063,2.04752948405266,3.09234772653857,1.92104681250203,2.55899817764348,2.12997969215801,179,FALSE
"Intermediate","LNP_0367",69.3378679919988,-6.85409426689148,0.163768534734845,0.49517163582014,0.343134401933652,0.161693962246208,1,78,0.583174046947342,0.036421606563355,1.85006995450116,3.21182180385563,1.67821847941757,1.76027921578242,3.49457887930819,180,FALSE
"Intermediate","LNP_0448",64.7084108553827,-3.16371111664921,0.276992773357779,0.554915681635508,0.281882531881815,0.163201786482678,0,78,0.581699279320081,0.0355217380698432,1.65820139367139,2.71166451982037,1.62321010903991,1.70335421818596,2.24892812701747,181,FALSE
"Intermediate","LNP_0460",62.4742088606581,-1.48189731873572,0.147535428311676,0.491572409407605,0.43001771642779,0.0784098741646055,0,78,0.57986917493737,0.0336151347401774,1.54973375766588,2.61280184371673,1.69006252397622,1.80349525899844,1.40701492360272,182,FALSE
"Intermediate","LNP_0256",128.529167128727,-0.203258967958391,0.446386833209544,0.534710248666578,0.334627889566723,0.130661861766699,0,78,0.579133654720192,0.0365258958639886,1.26841928598002,2.36266407986005,1.50594480102183,1.64970625322741,0.749018546507831,183,FALSE
"Intermediate","LNP_0023",114.05068137683,-3.75774416141212,0.334226230531931,0.463912919142519,0.39141528807135,0.144671792786131,0,78,0.576851609944175,0.0370866547896276,1.65208230771392,2.70865217957566,1.59041467784142,1.70040208747451,2.52665910271796,184,FALSE
"Intermediate","LNP_0259",97.1576277632266,-9.26591280382127,0.492617262993008,0.522818880203981,0.296199675659519,0.180981444136501,1,78,0.576805211316012,0.0326786466319303,1.89193790452563,3.24180945718635,1.49514624119394,1.637038601533,4.70425026562915,185,FALSE
"Intermediate","LNP_0012",95.3334156190977,-8.34937636740506,0.236373748071492,0.599301808940134,0.308697270639845,0.0920009204200208,1,78,0.576566760360836,0.0336299271518799,1.94229284447532,3.25033358019854,1.65547357056318,1.76649205888537,4.23899484095701,186,FALSE
"Intermediate","LNP_0405",89.5448859082535,3.36647287011147,0.197650035470724,0.457822096259145,0.383191791946701,0.158986111794154,0,78,0.575073047806352,0.0346523460345902,2.0623128694864,3.09591536809298,1.94704154475328,2.67231953356857,2.3644546865639,187,FALSE
"Intermediate","LNP_0101",109.998895926401,-5.25540605187416,0.420367139484733,0.525687293721337,0.387687653039205,0.0866250532394586,0,78,0.574022232085783,0.0302386652390274,1.70792089098865,2.76793103305112,1.51451020700998,1.63590202671312,3.27651986973256,188,FALSE
"Intermediate","LNP_0487",62.7705687889829,-7.24283268675208,0.398715164978057,0.480046473152281,0.310200189014604,0.209753337833115,1,78,0.573594630253801,0.0357353982071257,1.73103133790429,3.09618150481862,1.55494609089958,1.7182791205543,3.69132199535595,189,FALSE
"Intermediate","LNP_0381",108.490009349771,-7.85410690121353,0.285429505538195,0.556151705911051,0.320824343912402,0.123023950176547,1,78,0.573317004552545,0.0361886112869055,1.83337174226561,3.17007936697218,1.61134332145214,1.73654021721481,4.00814130188912,190,FALSE
"Intermediate","LNP_0317",133.570883702487,-4.09981457516551,0.411627547442913,0.604427990131998,0.32769997485627,0.0678720350117318,1,78,0.572161092337211,0.0369574757781736,1.37913049666297,2.78324869541003,1.51410429370445,1.64295305634995,2.1355139313342,191,FALSE
"Intermediate","LNP_0105",98.29023971688,-6.52032366488129,0.446661483310163,0.547673005718966,0.383906036644119,0.0684209576369152,0,78,0.57177233916627,0.0358508576882066,1.80073914374305,2.88402233677666,1.50072334570437,1.6411031661486,3.94746251969314,192,FALSE
"Intermediate","LNP_0233",104.208036721684,2.94694031123072,0.230081257224083,0.403048346151259,0.387896714524762,0.209054939323979,0,78,0.571744810619352,0.0334519062723023,1.90812823500941,2.96391877345661,1.87320673279102,2.522042915054,2.13475569421287,193,FALSE
"Intermediate","LNP_0342",61.9404779979959,4.72668058238924,0.282607272826135,0.545361790237602,0.326084564455401,0.128553645306998,1,78,0.569616886652426,0.0398549131856327,2.05307028676089,3.37246732824934,1.99710507366972,2.97703747505334,2.45008701403964,194,FALSE
"Intermediate","LNP_0484",118.774268566631,2.54221401177347,0.425540209654719,0.513963447226088,0.385380176701522,0.100656376072389,0,78,0.566961688570068,0.0345091774958897,1.69839220289071,2.75852341015308,1.72291412595357,2.31816747115016,1.9460928077352,195,FALSE
"Intermediate","LNP_0197",90.6832593260333,-6.69948215596378,0.452493825927377,0.557192212896456,0.367679776221442,0.0751280108821017,0,78,0.566678521459287,0.0309170233689918,1.80746475884548,2.85308091263731,1.52648509586592,1.65158005361733,4.0343157114023,196,FALSE
"Intermediate","LNP_0019",82.7920719282702,-8.74700003303587,0.28737284746021,0.505925655899647,0.350349488378529,0.143724855721824,1,78,0.565233634029741,0.0331781189006427,1.8396644271562,3.19378801162055,1.59166166070965,1.7258859529698,4.4784432306433,197,FALSE
"Intermediate","LNP_0129",64.1906907781959,-2.75196575094014,0.147108144219965,0.536162306227207,0.359842365737148,0.103995328035645,0,78,0.564581079831183,0.0330370945321664,1.54616809899672,2.6031150036722,1.68241769319226,1.77733535947969,2.0621499423735,198,FALSE
"Intermediate","LNP_0252",72.1787934657186,-5.01186829525977,0.304288430139422,0.519044247546957,0.417717672691086,0.0632380797619571,0,78,0.56375297587723,0.0360966868394795,1.70239174928521,2.7509680386463,1.61328522587754,1.74210976760427,3.19449016604379,199,FALSE
"Intermediate","LNP_0165",85.5445380788296,-5.29462283942848,0.14747612895444,0.534324871190036,0.360188127952171,0.105487000857793,0,78,0.562495417334967,0.0331910947533613,1.76953903711302,2.81513294657646,1.68720900179635,1.78006141934396,3.32146712271176,200,FALSE
"Intermediate","LNP_0179",137.468234286644,-0.811506565660238,0.137600557040423,0.585137348344757,0.299348882033279,0.115513769621964,1,78,0.559249321097142,0.031435153908509,1.12124537345213,2.51989321922196,1.70535942464155,1.77926003468538,0.470926600540968,201,FALSE
"Intermediate","LNP_0488",117.822385742329,-6.93490243982524,0.267725408636034,0.495232733624474,0.40150322913417,0.103264037241355,1,78,0.558817929332234,0.0364452565960956,1.6334639752868,2.99484349347561,1.6178782928196,1.73860373256425,3.53496184172429,202,FALSE
"Intermediate","LNP_0170",76.5686686849222,-6.52964507695287,0.488972803670913,0.50917606551482,0.407420053077333,0.0834038814078471,0,78,0.557696499285595,0.0364526205489675,1.69889026551143,2.73035571466914,1.47379971865813,1.63892533621243,3.97233959379222,203,FALSE
"Intermediate","LNP_0310",99.2293328745291,3.35280462633818,0.13984877448529,0.486085338876006,0.319361811317032,0.194552849806963,0,78,0.557428686442427,0.0362050191338886,1.93848104239784,2.9797771377259,1.96715509154407,2.69747155089521,2.33068601528953,204,FALSE
"Intermediate","LNP_0359",82.3344993172213,-8.49709646776319,0.197623691242188,0.562326628355759,0.319611970174203,0.118061401470038,1,78,0.557253354744897,0.0351784310116433,1.81449348221646,3.16735757163026,1.66338950614252,1.79062427411905,4.35381614282637,205,FALSE
"Intermediate","LNP_0098",59.359498671256,-3.25010005384684,0.349821194913238,0.441204599166456,0.372523691057557,0.186271709775987,0,78,0.557079428211594,0.0336594611257393,1.44948245549618,2.54918488899443,1.58362202013333,1.71092709876646,2.3162245821462,206,FALSE
"Intermediate","LNP_0103",98.8613033667207,-5.48363153357059,0.186819189880043,0.484086029117746,0.391819113913739,0.124094856968515,0,78,0.554299541047528,0.0343929978247841,1.71027697244213,2.74814345105988,1.66315786245824,1.76965765996562,3.41224397080971,207,FALSE
"Intermediate","LNP_0300",129.883161117323,-4.81510317884386,0.327619536966085,0.441042232775233,0.389223669287049,0.169734097937717,1,78,0.553570187851769,0.0360751693354722,1.38381813612604,2.76011141431639,1.60121220629059,1.73240870767858,2.4812561188768,208,FALSE
"Intermediate","LNP_0475",116.238550655544,-4.34299170970917,0.284595137927681,0.552491199830619,0.320999510955145,0.126509289214236,0,78,0.549571361518953,0.034894599481645,1.52451427447528,2.62715765809008,1.62688230333513,1.73726427949448,2.8638495944049,209,FALSE
"Intermediate","LNP_0263",117.418684251606,1.50871339719743,0.112702928297222,0.44312162979429,0.387595706348563,0.169282663857147,0,78,0.549196401884863,0.0354988636121754,1.50085327163553,2.59209325640832,1.8266234142996,2.23661651554537,1.43541039431856,210,FALSE
"Intermediate","LNP_0163",114.998515881598,-7.653375454247,0.283696326892823,0.438602619451913,0.393852895946518,0.167544484601569,1,78,0.548700938241464,0.0333785035827165,1.60565777980766,2.98055254245322,1.60436223800958,1.73352720263491,3.87012502355916,211,FALSE
"Intermediate","LNP_0452",84.9801792763174,-6.88251698855311,0.39433505050838,0.53983006800923,0.317440389182034,0.142729542808736,0,78,0.548352604131493,0.0344310950055309,1.69370783191512,2.75030800236375,1.53871396378274,1.6565783640901,4.14034837992076,212,FALSE
"Intermediate","LNP_0495",58.6940167937428,1.30930761341006,0.225865044258535,0.395562267233499,0.416400247233389,0.188037485533112,0,78,0.546020113065712,0.0337736275862144,1.38466279611231,2.46589362408416,1.75224842158084,2.10338150397352,1.33079228890538,213,FALSE
"Intermediate","LNP_0059",139.50453591533,0.196857987903059,0.215306481905282,0.460776373735029,0.414854539164513,0.124369087100457,1,78,0.545332985268317,0.0384076703656182,0.94879377799286,2.35819023935582,1.67396022257553,1.81376550162186,0.175886535643626,214,TRUE
"Intermediate","LNP_0060",87.4462775886059,-9.67679038178176,0.386312383413315,0.560056841829426,0.360392542751438,0.0795506154191367,1,78,0.544042317247547,0.0375176337549218,1.7152922960494,3.04673949670827,1.53675734135218,1.64115741801204,4.91942131758938,215,FALSE
"Intermediate","LNP_0074",50.0624773325399,-1.53072698041797,0.420190549548715,0.495180959303029,0.371732865951869,0.133086174745102,0,78,0.5432209834097,0.0330271342562346,1.12922029771169,2.26245533269485,1.52510066854178,1.67319160024445,1.43701831826767,216,FALSE
"Intermediate","LNP_0409",83.9312580181286,6.40949024353176,0.134468876942992,0.508145797260696,0.395910904311589,0.0959432984277152,1,78,0.539641284393585,0.0345680120792382,2.21590382205211,3.52330201333324,2.19774643206232,3.45595162709761,3.26813913553274,217,FALSE
"Intermediate","LNP_0164",87.4713956611231,4.25373109988868,0.196600900031626,0.521985872583448,0.399551827082992,0.0784623003335604,0,78,0.539463904565963,0.0362245632151395,1.96909117719418,2.98905891471011,2.00499544981419,2.91079210134555,2.79225016940398,218,FALSE
"Intermediate","LNP_0298",60.3599644964561,-4.38869650475681,0.393379421997815,0.507015918713555,0.365677718016265,0.12730636327018,0,78,0.539407035609381,0.0353794849022066,1.39451746196707,2.48912880262305,1.56083263011712,1.65794698470044,2.87539986186793,219,FALSE
"Intermediate","LNP_0064",77.438364457339,-5.97838767804205,0.247962910681963,0.432196958046118,0.44505412611856,0.122748915835322,0,78,0.537910291034538,0.0346603728063797,1.58859869266042,2.66973820222844,1.62549328140431,1.7243601515197,3.67441023655848,220,FALSE
"Intermediate","LNP_0115",122.059627342969,1.67877691332251,0.219649110268801,0.551025709618178,0.327519366553389,0.121454923828434,0,78,0.537744319749308,0.034737854113489,1.40523892359225,2.49412473782259,1.79408332474613,2.21115978722353,1.51808883478291,221,FALSE
"Intermediate","LNP_0178",102.983568585478,-5.96009582281113,0.258898402098566,0.460076118534873,0.378735689552947,0.16118819191218,0,78,0.536458256877706,0.0327469812962549,1.60638613200169,2.65623405545732,1.65671805187735,1.75301049776473,3.641384191708,222,FALSE
"Intermediate","LNP_0407",120.650190114975,5.25501178577542,0.318921071011573,0.508315737949552,0.301515003255996,0.190169258794452,1,78,0.535840349552933,0.0390149654492612,1.85112064714379,3.1998114639588,1.99177096499735,3.06415268137496,2.68636461375628,223,FALSE
"Intermediate","LNP_0188",106.459043477662,-6.58603489398956,0.415388771612197,0.458184175459626,0.366475472889523,0.17534035165085,0,78,0.535620953276082,0.0385437953235348,1.54000745692639,2.66361070256131,1.53864942250085,1.64444190154164,3.95591854125587,224,FALSE
"Intermediate","LNP_0051",54.5831166673452,-3.44805201981217,0.38354215528816,0.539014018914729,0.334879829793473,0.126106151291798,0,78,0.535592075296286,0.0301442223521364,1.247717144715,2.36950004979287,1.52852342759387,1.64818407537444,2.39548474538274,225,FALSE
"Intermediate","LNP_0450",117.333248141222,-3.91895061824471,0.208097240142524,0.460090295400765,0.406390611478725,0.133519093120511,0,78,0.534314082776987,0.0336748303736235,1.39037225493517,2.48081286596333,1.6588482679562,1.73633076128263,2.64069920621086,226,FALSE
"Intermediate","LNP_0006",54.5556499389932,-6.43972370773554,0.291154725011438,0.498119430753619,0.380106809545963,0.121773759700418,1,78,0.532852407202979,0.0368736727284032,1.37984859752283,2.77548374573782,1.61665667061448,1.74306554183141,3.27697041912982,227,FALSE
"Intermediate","LNP_0309",95.2458394225687,4.97585762292147,0.373843478504568,0.496875980268848,0.381371272840623,0.121752746890528,0,78,0.532713178420903,0.0320789769151049,1.98053755754227,3.00161539551971,1.96226769317808,3.00492129565346,3.14153047494567,228,FALSE
"Intermediate","LNP_0438",98.7032569944859,7.46302735060453,0.444666981697083,0.528193881168458,0.368890294205771,0.102915824625771,1,78,0.532319361849377,0.0308657187512111,2.27914853518032,3.56125868816221,2.12262730881076,3.66934477470519,3.8206200653881,229,FALSE
"Intermediate","LNP_0432",106.364468345419,-5.9180823341012,0.220141668710858,0.535225099038501,0.382391722134795,0.082383178826704,0,78,0.53062415881191,0.0336749367476095,1.53994479718138,2.61775105943752,1.62986101746609,1.75815733434917,3.64422326716658,230,FALSE
"Intermediate","LNP_0036",97.7795971091837,4.78063371032476,0.319197713304311,0.472191519768515,0.454789225994785,0.0730192542366995,0,78,0.530516468673634,0.0349413887136339,1.94313784667906,2.95482619200462,1.96952632193326,2.95564309645237,3.05578222929942,231,FALSE
"Intermediate","LNP_0136",115.983844967559,-5.60033644549549,0.400977685395628,0.572908308036145,0.362362631821846,0.0647290601420089,0,78,0.529082879696483,0.0347887968709087,1.4400536841306,2.53405192098551,1.55885317842207,1.69817519929186,3.496441011532,232,FALSE
"Intermediate","LNP_0057",62.7531650243327,3.31470285076648,0.363679170329124,0.509604205644401,0.374436498754448,0.115959295601151,0,78,0.528824885096223,0.0362593028588911,1.6134621630782,2.67898011093482,1.83749520463795,2.62243318893844,2.28768876665161,233,FALSE
"Intermediate","LNP_0470",131.039806618355,-0.432611065916717,0.285184600111097,0.585288750464472,0.308553245349096,0.106158004186431,0,78,0.528398864058013,0.0352875571575501,1.00309317106059,2.12591055400712,1.62973714524149,1.74843373380567,0.911693413705077,234,FALSE
"Intermediate","LNP_0385",103.76771830488,4.90683684591204,0.453316476661712,0.402516539116349,0.497943132326687,0.0995403285569632,0,78,0.528083375322469,0.0367824803952683,1.8900745318608,2.92176618648025,1.91070260561239,2.931927816265,3.11804309786261,235,FALSE
"Intermediate","LNP_0166",103.368794545531,-8.50086497608572,0.128987659886479,0.427782895564234,0.427105668749955,0.145111435685811,1,78,0.527870604214561,0.0368157399331873,1.61185450881079,2.99627970002168,1.7172649557195,1.81017111478691,4.31383608717958,236,FALSE
"Intermediate","LNP_0348",88.8319115154445,-9.81640108395368,0.360075634624809,0.497776846864783,0.393489898061815,0.108733255073401,1,78,0.52739680282849,0.03393755538431,1.63320370190387,2.99868417451751,1.57540464945426,1.73047834355152,4.97107977456199,237,FALSE
"Intermediate","LNP_0443",123.170765885152,-2.21659353934228,0.116786727588624,0.505878536781589,0.402702763450364,0.0914186997680462,0,78,0.524907640601073,0.0340953267683506,1.21185326353038,2.31734619563447,1.71142559108426,1.83722073602307,1.78196425120889,238,FALSE
"Intermediate","LNP_0392",79.6302175382152,5.13300265651196,0.37127909110859,0.573319905555194,0.241740760134873,0.184939334309933,0,78,0.523345752286158,0.0325951273581754,1.93038963616038,2.98223491936716,1.95979253941923,3.05669773284024,3.24291904780411,239,FALSE
"Intermediate","LNP_0394",128.568783425726,0.930455885827541,0.250923976767808,0.559789602034662,0.360942677076077,0.0792677208892611,0,78,0.52208441186805,0.0361761270573818,1.10246284797209,2.22193783190509,1.70296046528797,1.97711669448297,1.16740169844833,240,FALSE
"Intermediate","LNP_0433",82.9547413391992,5.41245922911912,0.419189052470028,0.489536002420157,0.345850923414687,0.164613074165156,0,78,0.521711707862242,0.0346695502986677,1.95642078529704,2.99591807834336,1.9601513694229,3.08155555849728,3.3960672792741,241,FALSE
"Intermediate","LNP_0209",67.0645235106349,-6.2825396982953,0.414139447361231,0.527463264583636,0.320235171620402,0.152301563795962,0,78,0.521598315074458,0.0361381304214727,1.43047061845375,2.51709492168659,1.53547127638125,1.67471142082949,3.84350216180793,242,FALSE
"Intermediate","LNP_0116",64.2294295597821,5.63646130263805,0.197723299823701,0.496300128746222,0.32542639776826,0.178273473485518,1,78,0.518577579713576,0.0363867605840378,1.92638054681143,3.25653553210604,2.16975904858472,3.30687803315237,2.88491973458933,243,FALSE
"Intermediate","LNP_0083",91.7646779678762,7.08199955057353,0.227856847736985,0.401150983881274,0.40159674687564,0.197252269243086,1,78,0.517682079365268,0.0354022395826012,2.15168605591465,3.49434884894479,2.20548452921169,3.62862910322422,3.62243538095028,244,FALSE
"Intermediate","LNP_0461",147.472580848262,0.163161694072187,0.483580158650875,0.556838496287352,0.269763949532615,0.173397554180033,1,78,0.517464895568859,0.0353980188448214,0.563982135497817,2.05573928751175,1.48445301322022,1.67651195364797,0.147250065796517,245,TRUE
"Intermediate","LNP_0243",67.1698493883014,-9.01271405629814,0.349962214753032,0.597858618297185,0.323903811553434,0.0782375701493813,1,78,0.516434400891403,0.0348484646210673,1.46574980759497,2.85598217811124,1.59260309516871,1.68089190613312,4.5646671581238,246,FALSE
"Intermediate","LNP_0237",69.7744736680761,6.08512558508664,0.144271515030414,0.418466082522329,0.431990460770353,0.149543456707319,1,78,0.514319345726282,0.0420694250113231,1.95571898830044,3.32925437342235,2.18166485420077,3.39370035546397,3.13730983181067,247,FALSE
"Intermediate","LNP_0301",128.457526653074,-0.586363328620791,0.110512335319072,0.482953347786628,0.429096373637517,0.0879502785758547,0,78,0.513846006981364,0.0341747721057011,0.956013974518089,2.11391980356092,1.71847934213017,1.78915122756861,0.976311286015457,248,FALSE
"Intermediate","LNP_0315",85.4783097514883,5.50594459287822,0.381951140239835,0.45683983315216,0.361386051832971,0.181774115014869,0,78,0.508935457379292,0.0341259505401672,1.89159132835435,2.92903944822436,1.99196806290004,3.13456835890097,3.39276639880791,249,FALSE
"Intermediate","LNP_0147",73.9099955651909,4.91272434592247,0.350267326179892,0.519157798473837,0.29082720393817,0.190014997587993,0,78,0.508882102209539,0.0365839510838932,1.7919592614501,2.84605977127681,1.95947081837332,2.99066189938147,3.1768759869222,250,FALSE
"Intermediate","LNP_0086",93.4892741497606,-6.97323657106608,0.208756082039326,0.496918669074808,0.37099141638391,0.132089914541282,0,78,0.508611411612314,0.0346660402366593,1.50809336035303,2.59695244205869,1.68942544789356,1.78704505382659,4.16440518328008,251,FALSE
"Intermediate","LNP_0275",127.033407427371,-7.43871160782874,0.449092418514192,0.426499883986067,0.439166252239331,0.134333863774602,1,78,0.508180024128069,0.0382006577541072,1.20851940081759,2.62087191063265,1.5239683254434,1.66283913899925,3.7845842189218,252,FALSE
"Intermediate","LNP_0447",126.039953622967,-1.89167009666562,0.12523749647662,0.478247856173742,0.376750714244505,0.145001429581752,0,78,0.508150566304546,0.0365802097471023,1.04908475803061,2.17164615771646,1.71224499025452,1.8274732825813,1.62374836514761,253,FALSE
"Intermediate","LNP_0321",135.376337380148,3.77442240249366,0.422443790454417,0.536199058637525,0.348374807913667,0.115426133448807,1,78,0.507871080816961,0.0342418961178952,1.29024587812415,2.69402515701722,1.82655715116481,2.62266090519932,1.99084706418824,254,FALSE
"Intermediate","LNP_0217",85.1888638455421,-9.86332982312888,0.252871664054692,0.581841592757703,0.319317350202144,0.0988410570401534,1,78,0.506817387540171,0.035193791741405,1.53325812324618,2.88010165933642,1.64841457690669,1.74132307042088,4.9953587377565,255,FALSE
"Intermediate","LNP_0223",122.839442826807,4.85078264493495,0.144675202574581,0.471760932099735,0.401349141120631,0.126889926779634,1,78,0.505317116907398,0.0342270406571157,1.64139955943809,3.00820498984708,2.09070802228325,3.06476382847583,2.51539385104825,256,FALSE
"Intermediate","LNP_0067",131.00643530488,-2.09492477122694,0.320369091629982,0.509160024541382,0.421751345242357,0.0690886302162614,0,78,0.504863500750926,0.0361990710559726,0.936873866330841,2.09023508767885,1.60218639790918,1.71287663827356,1.70100701931787,257,FALSE
"Intermediate","LNP_0302",50.9429905097932,-2.68309053499252,0.294450891297311,0.499571771505366,0.381573757667517,0.118854470827117,0,78,0.504581248072557,0.0336194303518784,1.00559970187942,2.14462193506863,1.62388857256108,1.70478098976594,2.00379936364145,258,FALSE
"Intermediate","LNP_0061",116.511519462802,-9.04580030124635,0.391013453248888,0.596791156971766,0.297450803968802,0.105758039059432,1,78,0.503912950980709,0.0339101418932221,1.35063449970093,2.73632456103819,1.55800730863719,1.65693819526197,4.58615036439592,259,FALSE
"Intermediate","LNP_0426",112.625694740564,3.68972945958376,0.139738531969488,0.51841368706957,0.407146265126652,0.0744400478037776,0,78,0.503027720041652,0.0391584023163873,1.57666104203059,2.65485904521831,1.97833582552295,2.77626522580825,2.51555634494015,260,FALSE
"Intermediate","LNP_0084",128.819583402947,-2.64208104461432,0.265422025695443,0.522911409115419,0.377709430978476,0.0993791599061049,0,78,0.500546395829213,0.0347217989538378,0.989870119128146,2.12606967333045,1.6374672972376,1.74084981188432,1.98792615962846,261,FALSE
"Intermediate","LNP_0469",78.2852399628609,5.24056664668024,0.291059448756278,0.583361491699116,0.333655336077519,0.0829831722233649,0,78,0.50025971963635,0.0406402615966147,1.82842926555039,2.88911724395052,2.03631442477564,3.12879707005675,3.3118820677727,262,FALSE
"Intermediate","LNP_0112",80.1228899974376,-8.06732513941824,0.430532631464303,0.567023421442821,0.326005156387714,0.106971422169465,0,78,0.499174013301258,0.0328830620119022,1.41772728942326,2.50957180201833,1.52781868687203,1.6876468855858,4.70767167482436,263,FALSE
"Intermediate","LNP_0363",139.673868264072,2.9488428728655,0.434791164379567,0.510948986733361,0.408823811683239,0.0802272015834003,1,78,0.498857689108636,0.0381557640652075,1.06115468228954,2.47917873655655,1.77275185947022,2.45225364489684,1.5379488085344,264,FALSE
"Intermediate","LNP_0135",102.113572577946,-7.91842727921903,0.388523706514388,0.56411198777368,0.380019649692243,0.0558683625340766,0,78,0.497985031138522,0.0358673288862329,1.39981839074078,2.45742231481402,1.54164274422275,1.64449166192824,4.6160468883007,265,FALSE
"Intermediate","LNP_0042",91.4546335814521,-8.16710610408336,0.387834913097322,0.602822754005459,0.316125916766126,0.0810513292284159,0,78,0.497834710414555,0.0329995344667381,1.45180006891606,2.53841300013731,1.58270632849089,1.69451458070906,4.75634567795938,266,FALSE
"Intermediate","LNP_0150",123.213520552963,2.29124314617366,0.155563796777278,0.453255698005134,0.473188359502969,0.0735559424918964,0,78,0.497162520116459,0.0346136230826925,1.2323702658813,2.35261578497014,1.87373287259016,2.36417114739594,1.8381475440902,267,FALSE
"Intermediate","LNP_0048",96.5962450252846,7.08729492966086,0.105243286397308,0.485606644526598,0.308478752080757,0.205914603392645,1,78,0.496529496474428,0.0329340158044132,2.04808402283326,3.36711273049576,2.28895734256667,3.65168291007331,3.59270669955709,268,FALSE
"Intermediate","LNP_0294",138.044056878425,-0.211443919688463,0.439243072178215,0.551749202372762,0.329997195975107,0.118253601652131,0,78,0.496247863960123,0.0336936583626914,0.631496067966278,1.80972754588349,1.51989495624233,1.65678147987184,0.772972297854323,269,FALSE
"Intermediate","LNP_0037",125.845953752287,-3.02561012562364,0.159697685483843,0.471513046317991,0.396059978227667,0.132426975454342,0,78,0.494527109329618,0.0328210161962996,1.02169932045926,2.15798807488276,1.68799756391607,1.77205236715749,2.20609479008484,270,FALSE
"Intermediate","LNP_0148",57.6691165333614,-8.29243085347116,0.351361921522766,0.577163088606467,0.332391644814403,0.0904452665791299,1,78,0.494347904314137,0.0324173549946834,1.22350911548069,2.63144745459463,1.57277841024385,1.71639546357164,4.19921458970486,271,FALSE
"Intermediate","LNP_0011",145.683334534988,-0.705724516883492,0.284839543141425,0.483861101137589,0.439104709760667,0.0770341891017439,1,78,0.494193646866389,0.0371855762320901,0.513829841096368,2.00370926556599,1.59045364120044,1.71486296961439,0.439031651142047,272,FALSE
"Intermediate","LNP_0028",109.414202044718,-9.48946603108197,0.282195583172142,0.515606145134976,0.414490143206799,0.0699037116582253,1,78,0.492957782091426,0.0367591557467348,1.34692384341369,2.73400113469234,1.59717491048321,1.70824760813892,4.82468926522258,273,FALSE
"Intermediate","LNP_0203",110.136572597548,-9.53711015637964,0.295636599417776,0.497997300716038,0.436312314073861,0.065690385210101,1,78,0.489670210127225,0.0317766089799031,1.32054362577417,2.72261499591132,1.60434560474299,1.69462620638578,4.83674246797928,274,FALSE
"Intermediate","LNP_0429",66.0475092474371,-7.25512764882296,0.470109146367759,0.497859894252592,0.348438896341085,0.153701209406323,0,78,0.489199165744937,0.0402060603289308,1.22282470253979,2.36143264912411,1.49269830822027,1.64058152063485,4.31029196448081,275,FALSE
"Intermediate","LNP_0264",145.016697933897,-0.354841770604253,0.158569417707622,0.554062575711927,0.321718029415738,0.124219394872335,1,78,0.485870484370186,0.0334825380565387,0.50239474487716,1.97309839016643,1.6936623558565,1.78442815881441,0.267333580616832,276,FALSE
"Intermediate","LNP_0049",76.5972640365362,6.0447643417865,0.446999787446111,0.570445301968376,0.295053377636169,0.134501320395455,0,78,0.484447917817309,0.0347775136614042,1.79255524003626,2.81948877534012,1.99223776923105,3.25899515949435,3.67320182564827,277,FALSE
"Intermediate","LNP_0296",131.66058876086,-1.8473868444562,0.221330068353564,0.515011077836462,0.35397528953416,0.131013632629378,0,78,0.483445272659602,0.0326627666770027,0.78648263511995,1.96937861064817,1.65454113846964,1.7652139666891,1.57612920113717,278,FALSE
"Intermediate","LNP_0332",78.6285348702222,5.43818964622915,0.228140847291797,0.526764353435499,0.323939363525703,0.149296283038798,0,78,0.482977603899908,0.038462672522648,1.73602247906858,2.79761724301241,2.06832146841093,3.15558429364087,3.38273815733458,279,FALSE
"Intermediate","LNP_0393",122.598302690312,3.39207091834396,0.274194720201194,0.53627381818931,0.390926433489867,0.072799748320823,0,78,0.482426353001462,0.0345846757484331,1.27468530333695,2.38091197037338,1.87290935830867,2.58996192682078,2.34853495914795,280,FALSE
"Intermediate","LNP_0420",52.799257193692,-3.60893541015685,0.234519280865788,0.449504216998868,0.369678945333848,0.180816837667285,0,78,0.480069131670808,0.0348509566537918,0.926553329728699,2.05643904148469,1.62535654541766,1.7567736393787,2.48889260649176,281,FALSE
"Intermediate","LNP_0391",147.709899628535,1.3130868691951,0.497206205129623,0.529635774437,0.396302664257492,0.074061561305508,1,78,0.479391734017743,0.0321760707937926,0.518695246349819,1.98517524627943,1.59095530817745,1.95970153137645,0.703700377805082,282,FALSE
"Intermediate","LNP_0168",72.1102937823161,-6.85664349701256,0.214783047698438,0.435874566019045,0.436249713910259,0.127875720070696,0,78,0.478890262871482,0.0373558163971128,1.24955020953289,2.33590175012908,1.6600548688089,1.76108430794978,4.10137688559286,283,FALSE
"Intermediate","LNP_0081",74.3619472719729,7.5734804244712,0.256932501588017,0.537250366453128,0.293735003849609,0.169014629697263,1,78,0.478496988248817,0.0325786220040975,1.94396125560387,3.30779707385264,2.24665668662624,3.74286399092642,3.85405138478372,284,FALSE
"Intermediate","LNP_0258",90.4399181017652,7.76743170339614,0.197828272823244,0.470691921299563,0.332523551220336,0.1967845274801,1,78,0.477505872694749,0.0370541872728882,2.01378333194082,3.3405021076682,2.27857008315133,3.84674098408142,3.97038534848506,285,FALSE
"Intermediate","LNP_0334",133.405430917628,4.4168070005253,0.346937763318419,0.415508150146442,0.406594866829135,0.177896983024423,1,78,0.477219491886461,0.0351217097377115,1.20262416055537,2.62038835631733,1.90983574029734,2.80997630958733,2.28068292973219,286,FALSE
"Intermediate","LNP_0171",112.997305346653,-9.59851981606334,0.26420575613156,0.600008915190201,0.334760125573846,0.0652309592359534,1,78,0.476808168420159,0.0316824439251318,1.24086068455451,2.65104640803735,1.6229519572761,1.72126270336177,4.8502116725627,287,FALSE
"Intermediate","LNP_0436",111.267196526751,-6.82623204775155,0.252635878045112,0.458246752166746,0.418514591459732,0.123238656373521,0,78,0.476544019820801,0.0338946365171495,1.20113511853613,2.33002970922564,1.63140116119261,1.76372314943475,4.09261773903209,288,FALSE
"Intermediate","LNP_0096",68.7691119266674,7.61528229806572,0.402839413378388,0.3909207501613,0.422249134045494,0.186830115793206,1,78,0.474805497899478,0.0361127354548409,1.84129952606938,3.19027759928543,2.13319601568523,3.66021296401241,3.88980500846762,289,FALSE
"Intermediate","LNP_0092",115.310192503966,-8.78435550257564,0.131602272670716,0.543735165702823,0.295056819521303,0.161208014775875,1,78,0.473464473889311,0.0369263897640195,1.22147394066103,2.62015678621273,1.7155068140296,1.80376407739236,4.46072617077617,290,FALSE
"Intermediate","LNP_0389",59.4962413189933,-4.81146659702063,0.124335222505033,0.498313943113877,0.333967020552687,0.167719036333436,0,78,0.472857870732513,0.033809762448373,1.04181293815926,2.15054492582641,1.71299038618239,1.77620030994108,3.07167484064798,291,FALSE
"Intermediate","LNP_0482",131.393372127786,4.23385158646852,0.144842596724629,0.539769281092417,0.362330211956587,0.0979005069509966,1,78,0.472772557819752,0.0368937605128082,1.24333349230761,2.64382327996048,2.01991030357055,2.90257624825616,2.18397875702235,292,FALSE
"Intermediate","LNP_0142",90.9474952612072,5.97647115588188,0.262145553901792,0.538326183405699,0.276448678559545,0.185225138034756,0,78,0.472436826853594,0.0358778577241436,1.76325317761098,2.8084111810584,2.08871803892946,3.3142864600338,3.65822149786903,293,FALSE
"Intermediate","LNP_0421",104.745946801268,6.16772510576993,0.442270676419139,0.55096599712575,0.369403919982198,0.0796300828920521,0,78,0.471805783963147,0.032477357076881,1.72514366138275,2.77808912851731,2.0157113420733,3.2729191621218,3.77573925091891,294,FALSE
"Intermediate","LNP_0131",111.925648339093,5.18270678818226,0.316102473158389,0.558678043654491,0.288117622935703,0.153204333409806,0,78,0.470615737240838,0.0349583335722835,1.56926408530378,2.65133307044782,2.02481347167746,3.09562838685556,3.23548085440155,295,FALSE
"Intermediate","LNP_0350",112.329754629172,-7.39910809323192,0.338980746641755,0.500611084991835,0.405007111478137,0.0943818035300283,0,78,0.464542651199222,0.0326632439454785,1.15198240323118,2.25151748541096,1.60146077557902,1.74174314746464,4.3918823858891,296,FALSE
"Intermediate","LNP_0190",140.187438949943,-4.92358407005668,0.337709188554436,0.496089293355716,0.336666365141021,0.167244341503263,1,78,0.46265866138305,0.0344732619374696,0.672883767670009,2.12039136938858,1.57718628415843,1.71113896577778,2.56845238032517,297,FALSE
"Intermediate","LNP_0417",145.062126405537,1.82387514039874,0.335810260195285,0.435404093621938,0.368263507756459,0.196332398621603,1,78,0.462633334999955,0.0381912831567017,0.551941350295777,2.0472217803368,1.70935477526083,2.17192107166225,0.961344234897042,298,FALSE
"Intermediate","LNP_0151",134.745316510089,5.05864115897566,0.46586286816746,0.463358284922484,0.348373498063169,0.188268217014348,1,78,0.461055794299325,0.034634410194132,1.16838193621961,2.57186760983599,1.89527116769471,2.96904155424603,2.5661809304355,299,FALSE
"Intermediate","LNP_0152",99.7527267085388,8.3411426609382,0.339646386913955,0.45908633788119,0.383356829349429,0.15755683276938,1,78,0.460425135670291,0.0343461450028367,1.9092985395092,3.27596158339215,2.23907602754763,3.91276505091247,4.20571704379986,300,FALSE
"Intermediate","LNP_0027",104.406602471136,8.06467120535672,0.332578935287893,0.423090835018333,0.452091295746258,0.124817869235409,1,78,0.459970694693951,0.0325117891322463,1.87527235478832,3.21061640199502,2.22938148581149,3.85850674791814,4.09045764054223,301,FALSE
"Intermediate","LNP_0285",55.7958560530096,6.23439168557525,0.325006723497063,0.417804253890621,0.387796046616205,0.194399699493174,1,78,0.458946688106456,0.0377132960164716,1.48475488994577,2.86064455268487,2.08916371428562,3.34559655660818,3.20854032578994,302,FALSE
"Intermediate","LNP_0354",66.3070329232141,4.30267055518925,0.109926841501147,0.448945370079277,0.483312960355116,0.067741669565607,0,78,0.458401209910439,0.0345773394457876,1.40600387317284,2.48107668021225,2.07646801218695,2.9807196352114,2.82862187676802,303,FALSE
"Intermediate","LNP_0356",148.595416522585,-1.27904656343162,0.290223289653659,0.56954368325555,0.302962264147382,0.127494052597068,1,78,0.457020090886671,0.0342693373360644,0.290241713338468,1.79757422026615,1.59751266148012,1.73583772422671,0.726408866019787,304,FALSE
"Intermediate","LNP_0344",72.5073350826278,-7.60142238344997,0.199618741869926,0.478294310456188,0.381884358148414,0.139821331395398,0,78,0.456195590785067,0.0338438263301147,1.11732267897192,2.24505910188576,1.63734428357156,1.74709647799172,4.47227105636366,305,FALSE
"Intermediate","LNP_0446",120.857413718477,-6.76381579600275,0.401559911761433,0.479452027645906,0.357315232313289,0.163232740040804,0,78,0.455359857473591,0.0327012772396203,0.94936268888388,2.09339102876237,1.53858907952442,1.66218774773796,4.04730970777499,306,FALSE
"Intermediate","LNP_0318",73.7749404972419,-7.47834429144859,0.202042273338884,0.443162274738057,0.366816182428891,0.190021542833052,0,78,0.453583177890002,0.0355301004702727,1.12999889229754,2.22990767255903,1.6831798402894,1.7853669832014,4.40588067501645,307,FALSE
"Intermediate","LNP_0155",61.1096461303532,4.73240692168474,0.311506158392876,0.466126709027423,0.421622724180295,0.112250566792282,0,78,0.452847990048479,0.0362269510298559,1.33111708314403,2.43200163585048,1.9782086788086,2.96073784411327,3.0292479966904,308,FALSE
"Intermediate","LNP_0104",145.44738274999,-3.63010823726654,0.397695402149111,0.470144669069242,0.374962968439821,0.154892362490938,1,78,0.451547523834716,0.0350654618730424,0.43642384032191,1.92390418391981,1.56625245052228,1.68138439974115,1.88144473003535,309,FALSE
"Intermediate","LNP_0281",125.859316950664,-4.82397597283125,0.180834982171655,0.482668517904294,0.398220856197617,0.11911062589809,0,78,0.448408535985448,0.0332548430688794,0.83003138800964,1.98429610860237,1.68059174326056,1.79430012887601,3.07747898618357,310,FALSE
"Intermediate","LNP_0078",111.277100327425,-9.63271832559258,0.111975930165499,0.540010102225269,0.387400710200507,0.0725891875742238,1,78,0.448286354621944,0.0351821503826163,1.10824929582919,2.52715176445956,1.71514313674309,1.80787968632486,4.90637492242288,311,FALSE
"Intermediate","LNP_0189",141.318822302856,-0.414568800479174,0.377165466640145,0.596367446892703,0.337210880830664,0.0664216722766336,0,78,0.447977667957296,0.0353105336134049,0.319275652120748,1.53200640766443,1.57351281223103,1.6936206783104,0.894181115099093,312,FALSE
"Intermediate","LNP_0242",116.231764201075,-7.03295216429979,0.228697636537254,0.563774203622611,0.362529284647269,0.0736965117301199,0,78,0.447382633658341,0.0355618842331443,1.00348391890875,2.12144342500105,1.63555937446794,1.7550413275013,4.19413300230953,313,FALSE
"Intermediate","LNP_0293",57.1904097218066,-5.6115490803495,0.181216019950807,0.530836720142916,0.308306141202442,0.160857138654642,0,78,0.447039247873424,0.0350987696526829,0.89046992552377,2.04314732191575,1.68153539155727,1.77027847017954,3.48780478685363,314,FALSE
"Intermediate","LNP_0162",85.3904571849853,6.12870327662677,0.182946199923754,0.495493046197867,0.379085035443225,0.125421918358908,0,78,0.445791069068687,0.0345225612304698,1.62272474953726,2.67226608192297,2.14869067717804,3.36755047162017,3.73353707620223,315,FALSE
"Intermediate","LNP_0424",82.1937375701964,7.13193933945149,0.473029114119709,0.535480185369827,0.3681371406079,0.0963826740222731,0,78,0.445414634446009,0.0367002320420151,1.69069638876086,2.76215886136861,2.0602112098505,3.49226677344885,4.26673031821133,316,FALSE
"Intermediate","LNP_0464",66.529808123596,-7.20044137910008,0.175967089366168,0.499133876751273,0.358822093798675,0.142044029450052,0,78,0.443111518615873,0.0360241593799291,0.992171486571439,2.14125785626277,1.66322810921347,1.75627712252261,4.27064027766691,317,FALSE
"Intermediate","LNP_0045",65.2444747742265,5.06220199167728,0.19698283104226,0.471031991105593,0.393649153992332,0.135318854902075,0,78,0.440747711956441,0.0358744047741042,1.35541861404764,2.45737762636942,2.07029645389295,3.06990839617597,3.22197894701545,318,FALSE
"Intermediate","LNP_0072",112.922113155946,8.1209622323513,0.439565633703023,0.388127761244242,0.470629005964328,0.14124323279143,1,78,0.439298357737394,0.0335294509315009,1.66311056149056,3.05742231179751,2.17127972696082,3.80358690779319,4.14057362779487,319,FALSE
"Intermediate","LNP_0366",128.394647873938,-4.58369134925306,0.219542396813631,0.464557554166625,0.346367734976756,0.189074710856619,0,78,0.438602776291745,0.0342498526418244,0.729827144605446,1.89803777369623,1.67611300903414,1.79896461625751,2.96640718394717,320,FALSE
"Intermediate","LNP_0158",71.6892762808129,-8.87235549278557,0.441747969482094,0.500113012469091,0.362990673801519,0.136896313729391,0,78,0.438450292235384,0.0373011703853999,0.994479655260077,2.14738592196219,1.52080260972284,1.62840230325686,5.1000754617793,321,FALSE
"Intermediate","LNP_0008",139.241904439405,0.0789742404595017,0.218160032201558,0.516568556896887,0.294267034416921,0.189164408686192,0,78,0.438183392939201,0.0349779656543645,0.305234139672211,1.4918762437705,1.68219409698628,1.78941680677037,0.704737569014274,322,FALSE
"Intermediate","LNP_0108",110.873498232104,6.45434783305973,0.475052932929248,0.508899608987062,0.387296699705537,0.103803691307401,0,78,0.437390083942553,0.0338394539097047,1.514738726092,2.59573719078134,2.02829741007897,3.37584621804863,3.91262763632905,323,FALSE
"Intermediate","LNP_0043",91.3724326295778,6.64215548429638,0.282754702214152,0.465704272689068,0.362700247305678,0.171595480005254,0,78,0.435353363719842,0.0348504924179563,1.62525075879041,2.70008320236416,2.16750040862351,3.49568492975194,3.98626456425093,324,FALSE
"Intermediate","LNP_0120",90.4510281747207,-9.11705864127725,0.327427501603961,0.400902903483093,0.411626769702675,0.187470326814232,0,78,0.434637376262324,0.0317511714007399,1.03844867742843,2.17055501749791,1.57726168646369,1.67282260041149,5.22258807398139,325,FALSE
"Intermediate","LNP_0134",123.707773792557,4.592633289285,0.327099349442869,0.562177264013797,0.306424662351579,0.131398073634624,0,78,0.434468608692744,0.0363195171369223,1.15998744254929,2.25869787591248,1.96313156716513,2.92825894151303,2.94041444541742,326,FALSE
"Intermediate","LNP_0013",117.757063545287,7.20213692169636,0.174056127481163,0.560542182996925,0.369347503310371,0.0701103136927032,1,78,0.432399080168487,0.0348170470812998,1.54159512716978,2.8896860606777,2.23677388195915,3.65835088788048,3.67399551402956,327,FALSE
"Intermediate","LNP_0492",57.0488977711648,-5.52439997904003,0.10460870526731,0.492014810865802,0.380247771702329,0.127737417431869,0,78,0.431918037679406,0.034636718993431,0.797440356785588,1.96013757182667,1.71691152683651,1.8193288545736,3.44171732293828,328,FALSE
"Intermediate","LNP_0328",53.4874804085121,-8.92926130909473,0.296310492511839,0.620942375695773,0.28941502642559,0.0896425978786366,1,78,0.42847163624167,0.0328710534768413,0.808260797932993,2.23534102287937,1.60988355482775,1.74033140151635,4.52574046099715,329,FALSE
"Intermediate","LNP_0047",73.3034099452198,-8.3706687996164,0.25651803649962,0.410511370866121,0.466896480137307,0.122592148996572,0,78,0.426400915798712,0.0332343792384344,0.960260851427969,2.07886263156276,1.63526331987641,1.73145087929695,4.85185222585677,330,FALSE
"Intermediate","LNP_0201",73.8726026844233,6.89867079723626,0.443436562921852,0.49903481023565,0.391128430437736,0.109836759326614,0,78,0.425191618833616,0.0383036408375549,1.51957598375734,2.58713236323591,2.07861462467704,3.47720600164248,4.12168992035949,331,FALSE
"Intermediate","LNP_0041",64.2800022382289,6.01896423846483,0.433317908644676,0.415713935346021,0.38705494368007,0.197231120973909,0,78,0.424436850417107,0.0343464588419993,1.33281583604928,2.41146616572548,2.01266808994811,3.2487949625494,3.67088149182589,332,FALSE
"Intermediate","LNP_0204",101.502972724847,7.24799079354852,0.387236723583192,0.594565176461162,0.258262483243571,0.147172340295266,0,78,0.419487899190677,0.0352017971443024,1.5759553123915,2.65531864892315,2.14653858541767,3.5950618841183,4.3091550066524,333,FALSE
"Intermediate","LNP_0283",89.6584594622254,-9.69044662080705,0.342732060328126,0.571888182609165,0.351002795245736,0.0771090221450988,0,78,0.419428901966334,0.0382929357219573,0.975619507930325,2.11735901710393,1.58710469437404,1.65029070436201,5.51931196001092,334,FALSE
"Intermediate","LNP_0457",131.182741606608,2.90855031460524,0.192729518655688,0.504317872832151,0.433341786247026,0.0623403409208234,0,78,0.41812798944096,0.0361993030653685,0.746316493177494,1.89182041807629,1.90518817565663,2.54575857178793,2.13666557389045,335,FALSE
"Intermediate","LNP_0206",138.024654123001,2.63577743433416,0.495483544375747,0.486862208307079,0.340248735874438,0.172889055818483,0,78,0.417117903938677,0.0315426329775959,0.535397436578916,1.69930999823513,1.69050575410199,2.33054682782065,2.02881315044541,336,FALSE
"Intermediate","LNP_0274",66.4211224997416,6.14998218603432,0.326472961995751,0.577091665974753,0.295430926846925,0.127477407178322,0,78,0.41638420180052,0.032498906628649,1.36829992171093,2.46828806794246,2.12019472608154,3.36987621592857,3.72787015060512,337,FALSE
"Intermediate","LNP_0113",56.0720571549609,-9.56012569367886,0.291817631199956,0.565832969038642,0.353443172509204,0.0807238584521542,1,78,0.416379825577044,0.0338849220297834,0.758768457232985,2.20772749305627,1.60061190876709,1.71283356063178,4.85459984253927,338,FALSE
"Intermediate","LNP_0094",115.67581279669,-7.59525742847472,0.151766515802592,0.608185135107537,0.311743095104664,0.0800717697877989,0,78,0.415492192525321,0.034107368698837,0.846459226167051,2.00898988080045,1.69174804422987,1.81927242078956,4.45898612625538,339,FALSE
"Intermediate","LNP_0320",135.688542015851,1.23351217713207,0.113560608308762,0.401233318106758,0.419766219534223,0.179000462359019,0,78,0.415447655930641,0.0347040545149906,0.388526746145714,1.58367085978848,1.80689398330931,2.13010759006193,1.2532232718835,340,FALSE
"Intermediate","LNP_0229",119.826159486547,5.86448335554451,0.443520135711879,0.483965737541829,0.444083173025355,0.0719510894328167,0,78,0.415394906456827,0.036419560531986,1.22042553570173,2.31282434044439,1.98695768554435,3.18369225217643,3.62219833918886,341,FALSE
"Intermediate","LNP_0218",90.8943997928873,-9.9263154482469,0.420873083174229,0.502908432862023,0.397544244979819,0.0995473221581584,0,78,0.415211460003495,0.0322289566050971,0.948062677614578,2.08900083439985,1.53673343631315,1.70197792766051,5.63091416974417,342,FALSE
"Intermediate","LNP_0227",97.7845379849896,6.94482596125454,0.2974464754574,0.467996361512642,0.336000407567183,0.196003230920175,0,78,0.41491905713477,0.0323052370148895,1.52705444580665,2.58883999220804,2.1714988323895,3.56814011491708,4.15877171600395,343,FALSE
"Intermediate","LNP_0311",88.9587111538276,-9.01168806478381,0.181514362059534,0.433331317564462,0.373843634269833,0.192825048165705,0,78,0.414653716403015,0.0349984174117861,0.956862220617454,2.09959208900556,1.67209124048773,1.78273819247757,5.16986823042788,344,FALSE
"Intermediate","LNP_0410",118.078755121678,-8.57136300764978,0.479153033997864,0.500417119394206,0.340842396143601,0.158740484462193,0,78,0.412966375026845,0.0317775235101018,0.755977663222256,1.90905547748923,1.49327645816878,1.62722939670107,4.93791557048679,345,FALSE
"Intermediate","LNP_0434",149.661721871234,1.92725921515375,0.420204284787178,0.437171543378177,0.484909796585608,0.0779186600362149,1,78,0.412576198158101,0.0321647750660371,0.179368370300275,1.69882875915766,1.69483465608341,2.20499740296597,1.03094102398073,346,FALSE
"Intermediate","LNP_0156",88.9994435245171,7.14894848875701,0.248791498411447,0.515467101344457,0.333131396217351,0.151401502438192,0,78,0.411381602628883,0.0305321464105245,1.53925157823143,2.62618822541785,2.20332923320084,3.61482161974846,4.24901371792203,347,FALSE
"Intermediate","LNP_0471",59.3916607089341,5.63937829341739,0.380071444436908,0.490802522427584,0.309241228023927,0.199956249548489,0,78,0.411211699424653,0.0361251818496405,1.16669117619805,2.28880559809033,2.01107622508423,3.17145698191969,3.49181434294993,348,FALSE
"Intermediate","LNP_0035",52.461368450895,-9.21001604292542,0.348690393101424,0.496404784370808,0.296798810710729,0.206796404918463,1,78,0.411042804077837,0.0348619243605949,0.662062617476127,2.13670798180911,1.58585595665842,1.68954939108587,4.66893485290991,349,FALSE
"Intermediate","LNP_0161",100.229956326075,6.91112245898694,0.250337374676019,0.515839082788464,0.406717816615212,0.077443100596324,0,78,0.408874104466042,0.0379074906691005,1.48550397135073,2.57906197690299,2.20764070658165,3.58050695511982,4.10335199156821,350,FALSE
"Intermediate","LNP_0038",71.6407935833558,6.58501646947116,0.323818347696215,0.401726627618957,0.433501835292434,0.164771537088609,0,78,0.408117858242898,0.0337789984112112,1.37597748708703,2.45492965391497,2.12443958974444,3.45317792483825,3.94811219031331,351,FALSE
"Intermediate","LNP_0376",146.384333190508,3.4710997575894,0.429410240054131,0.550177979766153,0.282196235886179,0.167625784347668,1,78,0.407887901855139,0.0345019398171782,0.442617958239226,1.9285486414963,1.78742028170998,2.59084612997174,1.7877988393544,352,FALSE
"Intermediate","LNP_0065",131.464003887959,3.00523000769317,0.131088621728122,0.539990463458177,0.322658780309605,0.137350756232218,0,78,0.407771015297316,0.0386950008867771,0.683501000640106,1.85438306994392,1.93048280489098,2.5556446314864,2.16920409442445,353,FALSE
"Intermediate","LNP_0195",143.731408915482,-4.32576446328312,0.110439088661224,0.497379910609199,0.371209661643347,0.131410427747454,1,78,0.406430544657434,0.0343689047199079,0.266139430107987,1.78437576205888,1.71248287961449,1.79864878561752,2.23790804143966,354,FALSE
"Intermediate","LNP_0380",147.134245024063,2.6370035065338,0.344949988927692,0.408712134975305,0.410334787201244,0.180953077823451,1,78,0.405974036799657,0.0369258039316077,0.289556965343949,1.80906539929551,1.77607350215248,2.39132029128617,1.39404646951826,355,FALSE
"Intermediate","LNP_0269",52.0024300552905,3.660205649212,0.135157845914364,0.543921874274384,0.289939100907595,0.166139024818021,0,78,0.405959028831216,0.0354824668704454,0.849961138539757,1.97872264734362,2.0221747686182,2.77574141430497,2.4930690147651,356,FALSE
"Intermediate","LNP_0465",108.493655733764,8.15892801620066,0.110387510992587,0.477196208333508,0.36132974171278,0.161474049953712,1,78,0.40590385284552,0.0334415048678799,1.57852699634239,2.93546598427751,2.36091275749126,3.9851799869023,4.14740858372135,357,FALSE
"Intermediate","LNP_0126",148.421920347027,-2.71177836693823,0.123212279099971,0.596024090400807,0.27000696282257,0.133968946776624,1,78,0.405812395634607,0.0345822737942241,0.106324731106351,1.62729791598617,1.70421535102291,1.76392627582833,1.47329195997467,358,FALSE
"Intermediate","LNP_0397",77.0544872386381,-9.59863067604601,0.365186790097505,0.499882333505047,0.325683510873948,0.174434155621005,0,78,0.405426272301636,0.0334186360988136,0.861351355642696,2.00243260153139,1.56778541776311,1.68052238063776,5.49198997075544,359,FALSE
"Intermediate","LNP_0254",76.7521432135254,-8.56739887967706,0.100462327897549,0.485788642647102,0.386603871199089,0.127607486153809,0,78,0.404385920475249,0.0368148051092756,0.877330138137187,2.03258270612748,1.71907297513555,1.84197811647135,4.95235304823913,360,FALSE
"Intermediate","LNP_0015",60.2924682665616,4.71798700746149,0.107676412258297,0.42850411637435,0.422278810372709,0.149217073252941,0,78,0.403642239467411,0.0351432675532916,1.06450925219386,2.1975170361835,2.11893520931775,3.08631486268266,3.03908484283639,361,FALSE
"Intermediate","LNP_0375",103.37648736313,7.21978715155274,0.374268533755094,0.456055883849929,0.36348024176544,0.180463874384631,0,78,0.403178935335348,0.0303306224469352,1.43079231215392,2.52641936556949,2.13584310922096,3.57246755669011,4.2802129734132,362,FALSE
"Intermediate","LNP_0282",63.7106081005186,6.38934279792011,0.441112155839801,0.415032095029114,0.42625999003216,0.158707914938726,0,78,0.400478691969511,0.0344038315197288,1.23287970412391,2.31410275966206,2.03841007761507,3.36398738146599,3.87863119463974,363,FALSE
"Intermediate","LNP_0261",142.57079558447,0.275622783228755,0.199490545783192,0.491682085008523,0.365913648938807,0.14240426605267,0,78,0.400142338437918,0.0313351385317152,0.0408475522906225,1.29106804825595,1.69424340631736,1.84755681474618,0.817962811678369,364,FALSE
"Intermediate","LNP_0280",114.88181243185,6.17224089801311,0.25687859384343,0.567614835245071,0.315383029842317,0.117002134912612,0,78,0.399520546139578,0.0350288308812805,1.25231736403727,2.34687726008225,2.11982443458192,3.3683724832935,3.78299287470236,365,FALSE
"Intermediate","LNP_0125",86.9488865835592,-9.1578390263021,0.155356050934643,0.442772611194473,0.401365352092468,0.155862036713058,0,78,0.399442183529631,0.0368993388980511,0.875958387039699,2.04941569529856,1.70047388639884,1.81761846034568,5.26878915380736,366,FALSE
"Intermediate","LNP_0327",149.940452794544,-0.976621871814132,0.295469414070249,0.413703540129839,0.392340601744321,0.193955858125841,0,78,0.398161064700275,0.0301818864979432,0,1.22242327752337,1.58203630074825,1.70539803986466,1.17463278983347,367,FALSE
"Intermediate","LNP_0411",81.6949248081073,-9.92207313887775,0.388959547225386,0.386249616932109,0.449666635835189,0.164083747232702,0,78,0.393290866271372,0.0333942507551764,0.790831708952121,1.92835314674482,1.55583975381874,1.68683318680004,5.62940264142891,368,FALSE
"Intermediate","LNP_0486",61.5779664833099,5.14658318366855,0.119325809925795,0.450082839604722,0.32736673629646,0.222550424098818,0,78,0.393285448580355,0.0361442059524846,1.06748289257704,2.18496919563968,2.14231548523497,3.18082277592295,3.25327496176197,369,FALSE
"Intermediate","LNP_0100",101.150545990095,-9.36056743841618,0.179964709747583,0.54185791397923,0.337171506839879,0.120970579180891,0,78,0.389761024127872,0.0356267509107732,0.808877562736787,1.96074087499701,1.67922972166433,1.79056123235522,5.36817149151939,370,FALSE
"Intermediate","LNP_0184",76.5017806086689,7.73132241796702,0.446475652139634,0.447954504289931,0.355642621270804,0.196402874439265,0,78,0.389715741206898,0.0341696852121605,1.38544493807189,2.49719953291789,2.11760338448381,3.66223945341284,4.54980521829023,371,FALSE
"Intermediate","LNP_0288",72.5886432919651,-9.62463565636426,0.319711917545646,0.577437411380961,0.355420694633188,0.0671418939858505,0,78,0.3893057381022,0.0363683285745577,0.755031397429127,1.91565558395595,1.59699571889379,1.71694567035578,5.4669029242652,372,FALSE
"Intermediate","LNP_0193",148.564088437706,0.791218280792236,0.279764555115253,0.478535993522198,0.442743746958372,0.0787202595194299,0,78,0.388339309861494,0.0317826103744019,0,1.22886661334114,1.68019559818008,1.88392935163639,1.0395181514016,373,FALSE
"Intermediate","LNP_0191",77.4166621500626,-9.2043872596696,0.149543060548604,0.503494549245838,0.409608563184552,0.0868968875696104,0,78,0.387131657386125,0.0330756898882563,0.781815727924564,1.9406124743409,1.70211634918211,1.79403108949212,5.26376497993195,374,FALSE
"Intermediate","LNP_0070",93.9831687603146,7.7026530308649,0.324785263556987,0.481334164235505,0.371229606957688,0.147436228806806,0,78,0.386714437136303,0.0315290580664334,1.4345450250622,2.5185950234439,2.21009302438828,3.74012418121551,4.4971305719441,375,FALSE
"Intermediate","LNP_0468",119.120783149265,-7.66344754956663,0.155051195155829,0.524648837229869,0.392055163525517,0.083295999244614,0,78,0.385487555164866,0.0328631411101694,0.622990930093609,1.81461539981222,1.70658307970649,1.81181585217087,4.48649383417356,376,FALSE
"Intermediate","LNP_0416",69.2023318726569,9.18931567575783,0.392073424812406,0.471949613880638,0.344049794220139,0.184000591899223,1,78,0.385460001267703,0.035706745274346,1.49363144098721,2.88178611363368,2.28120668381437,4.10749286535286,4.66201202002742,377,FALSE
"Intermediate","LNP_0005",144.046728429385,-2.69091460853815,0.43909566309303,0.51229673199313,0.340863490677454,0.146839777329416,0,78,0.385254709905854,0.0362269673729127,0.0401988838666222,1.24279767690837,1.55060536909171,1.65673586330707,2.05185300162318,378,FALSE
"Intermediate","LNP_0068",131.238950951956,6.24609657097608,0.154346158541739,0.589306974018127,0.311823030162425,0.0988699958194477,1,78,0.384894950103562,0.0344683735679779,0.982466812939395,2.40796364706433,2.178918097029,3.44115708013047,3.18674818589788,379,FALSE
"Intermediate","LNP_0198",115.923032420687,-8.0739777861163,0.143920637387782,0.486916485794607,0.34943284409745,0.163650670107943,0,78,0.384788294840112,0.0319698858275966,0.663539724636671,1.81178061025432,1.69556937844817,1.78725899584501,4.73014869148082,380,FALSE
"Intermediate","LNP_0430",136.255189753138,5.69863112643361,0.274159505404532,0.517570974522356,0.350803814426975,0.131625211050669,1,78,0.383776184083341,0.0326195567050431,0.817092105359246,2.23899806100593,2.07292577615712,3.23052650460596,2.94485341639648,381,FALSE
"Intermediate","LNP_0107",141.443818691187,-7.074358840473,0.339455418754369,0.569578806304054,0.284473505049464,0.145947688646482,1,78,0.383299678200456,0.0355415862766287,0.224539009194017,1.74239130087349,1.5550305394968,1.68462556110975,3.60690870783348,382,FALSE
"Intermediate","LNP_0018",54.2059533530846,5.40409518871456,0.356585055682808,0.500837413895562,0.335845102919535,0.163317483184903,0,78,0.380982696858227,0.0373532476035541,0.902066110165697,2.03801843829661,2.00874467248489,3.11789972319922,3.39545267005033,383,FALSE
"Intermediate","LNP_0009",105.143501446582,8.9007020695135,0.126251244731247,0.511316695190678,0.281201998100755,0.207481306708568,1,78,0.379168232951559,0.0354973546152856,1.51062277920073,2.88168252071265,2.41521993233976,4.14440028224154,4.51552555967372,384,FALSE
"Intermediate","LNP_0413",71.5172082651407,7.33120359480381,0.345536377467215,0.522843182436784,0.297070798296147,0.18008601926707,0,78,0.378584473563925,0.0353449952692668,1.29663559815386,2.40210680470507,2.17372441877262,3.65908393594679,4.34038801054645,385,FALSE
"Intermediate","LNP_0232",92.8421508753672,7.49764774926007,0.211024032067508,0.439673804053428,0.401661566937856,0.158664629008716,0,78,0.376998449630457,0.0342472201269401,1.36325568342046,2.46968083279983,2.23986441333479,3.72804403189563,4.468098175959,386,FALSE
"Intermediate","LNP_0395",60.5417746119201,6.22927315533161,0.284473609738052,0.548722230853197,0.401914159771514,0.0493636093752883,0,78,0.376069542533083,0.0392874025747371,1.05739583885749,2.18786313469759,2.10098734935824,3.36229972988811,3.81283722052539,387,FALSE
"Intermediate","LNP_0277",147.187563567422,-3.36906016804278,0.395060882903636,0.401952054046287,0.434664616682733,0.16338332927098,0,78,0.374931958126026,0.0339750410857189,0,1.23545422021434,1.53092924889545,1.67266671905549,2.35187921963558,388,FALSE
"Intermediate","LNP_0021",138.953931606375,-3.97714951075613,0.284486628137529,0.461117507378365,0.393791746727699,0.145090745893937,0,78,0.373877145232217,0.037270819121644,0.116687744866994,1.35285112197209,1.61065606614465,1.75404012861025,2.66918686843976,389,FALSE
"Intermediate","LNP_0422",114.4240220543,-9.16161003056914,0.332211397401989,0.459097873291055,0.404897766287596,0.136004360421349,0,78,0.37366181772084,0.0353108702289966,0.596039436562966,1.76309020419263,1.59572934945805,1.70933131290647,5.26957963956091,390,FALSE
"Intermediate","LNP_0087",148.495697998442,-4.36376660596579,0.146232982818037,0.494339868313401,0.320789377279891,0.184870754406708,1,78,0.37270281037292,0.0349743000696592,0.00574852466714341,1.53452765221947,1.70328899633446,1.79636372323753,2.25539034718865,391,FALSE
"Intermediate","LNP_0122",81.9820617092773,7.31001628097147,0.177122250758111,0.438751254257551,0.471351204836693,0.089897540905756,0,78,0.372159719224323,0.0374705944063172,1.32586366334284,2.43331091570448,2.28646386470943,3.74318261734912,4.29743077508085,392,FALSE
"Intermediate","LNP_0362",69.2815946880728,-9.15278642438352,0.163486588001251,0.524609851077692,0.394010793456243,0.0813793554660646,0,78,0.36560134575938,0.0351722601639253,0.611900208159424,1.75036344037929,1.69032874596158,1.78424784463613,5.23948464583732,393,FALSE
"Intermediate","LNP_0004",138.301740400493,-8.40054175350815,0.441372095514089,0.475258474260364,0.411409125259302,0.113332400480335,1,78,0.36482211793934,0.035101994303018,0.199743837530644,1.69234354082678,1.52309680086912,1.67636945573628,4.29815915378079,394,FALSE
"Intermediate","LNP_0183",120.829032221809,6.62443957757205,0.371609123796225,0.576043190533146,0.242057778997691,0.181899030469164,0,78,0.362250836715233,0.0381943885775414,1.01028988801112,2.10626202406745,2.10222620637181,3.449751704567,3.94461014832978,395,FALSE
"Intermediate","LNP_0483",80.7763874297962,8.39696115348488,0.435590807721019,0.446305591772276,0.472528282092147,0.081166126135577,0,78,0.362004340460393,0.036683052381432,1.31167079386383,2.42259174272913,2.1657056220665,3.85762159142939,4.86983238426596,396,FALSE
"Intermediate","LNP_0082",116.805558744818,6.25705375801772,0.16877473294735,0.449627949436665,0.471997678371341,0.0783743721919944,0,78,0.361730449879914,0.0336473862186245,1.00871053219617,2.14031578629566,2.16943922428202,3.4262227980517,3.83631387462089,397,FALSE
"Intermediate","LNP_0314",55.5301926331595,7.6826721476391,0.194749038200825,0.486356491291801,0.351529437886456,0.162114070821743,1,78,0.361622543046561,0.0362084433090898,1.07987311461485,2.51698665004868,2.27854221327727,3.79186801790718,3.90464317106347,398,FALSE
"Intermediate","LNP_0202",146.235893643461,-4.79735052678734,0.454953901842237,0.402135680643065,0.426047791083068,0.171816528273867,0,78,0.359621828377629,0.0312168970573587,0,1.22613048001934,1.51327834572122,1.63291044700642,3.07161107118799,399,FALSE
"Intermediate","LNP_0440",66.116576269269,-9.52622713521123,0.306530429422855,0.499445715557349,0.37975760733045,0.120796677112201,0,78,0.358410997621632,0.0351578315391523,0.509735287410404,1.6738825807636,1.59571833073021,1.68525752781714,5.4528973969912,400,FALSE
"Intermediate","LNP_0303",127.906588278711,-7.57455891463906,0.317072413116694,0.520533980350668,0.366046965849737,0.113419053799595,0,78,0.357881133518722,0.0386332716952287,0.309331806096565,1.52510666419807,1.58769188632125,1.7099770853926,4.46600325360683,401,FALSE
"Intermediate","LNP_0441",78.2992870779708,9.5177938695997,0.159512633364648,0.494879960790569,0.394004435806761,0.111115603402669,1,78,0.356728596640468,0.0345955613005566,1.43448248262706,2.82902716033986,2.44108021686236,4.28021115261757,4.81223046121323,402,FALSE
"Intermediate","LNP_0262",138.197755930014,-5.27320221997797,0.345981581509113,0.407400421609905,0.485418868404938,0.107180709985157,0,78,0.355628405724075,0.034393312219421,0.0545257252939755,1.27323717702691,1.56344244117023,1.66772965445246,3.31377853837052,403,FALSE
"Intermediate","LNP_0331",111.723526963033,-9.91786119062454,0.305029988661408,0.588952574780506,0.264714008250371,0.146333416969123,0,78,0.355340638722514,0.0364335578887769,0.512315588813438,1.69314379907234,1.59049872508111,1.695226663863,5.62354565722872,404,FALSE
"Intermediate","LNP_0384",126.919391122647,-7.02812574803829,0.130321143381298,0.468419159474284,0.37064410680533,0.160936733720386,0,78,0.354737182204846,0.0352975259684687,0.342703533402902,1.5366085274686,1.71607058465231,1.82823994020305,4.1765281687909,405,FALSE
"Intermediate","LNP_0368",51.7765811877325,-7.71491459570825,0.334226841665804,0.499408293956389,0.334519759355514,0.166071946688097,0,78,0.352293166498273,0.0323249339503709,0.272684368238043,1.49481594688863,1.58307332807962,1.71826817277312,4.51000671916441,406,FALSE
"Intermediate","LNP_0099",96.677904156968,7.88669250905514,0.215476043429226,0.50384164287392,0.333593647893113,0.162564709232966,0,78,0.352155827792556,0.0349402412254423,1.25936491623195,2.36549170730162,2.28060158524474,3.86736390827089,4.60587912840355,407,FALSE
"Intermediate","LNP_0118",145.409123855643,5.09730907157063,0.475108070764691,0.52622508876136,0.307391793346845,0.166383117891795,1,78,0.351635105684346,0.0348418835028734,0.341733321596626,1.82590824128139,1.90973049299099,2.98677059366368,2.62559680749854,408,FALSE
"Intermediate","LNP_0117",104.928465606645,7.83792245201766,0.268724052701145,0.512085490615871,0.410537054443224,0.077377454940905,0,78,0.348865890287527,0.0328677162427901,1.20030998019024,2.30250542382893,2.24194610909095,3.827057580337,4.58930636161121,409,FALSE
"Intermediate","LNP_0304",122.939065191895,-9.06012638937682,0.434664046764374,0.543146504936414,0.392783551680492,0.0640699433830948,0,78,0.348546603502583,0.0359698967241669,0.349545324591061,1.56411860622268,1.55533178272663,1.66425685548009,5.22721678921307,410,FALSE
"Intermediate","LNP_0260",136.810680688359,-5.92512372881174,0.331032511778176,0.507970867442129,0.388311879008933,0.103717253548938,0,78,0.348479256080591,0.0333857462626756,0.0630956491296536,1.29465114798171,1.5712239486281,1.66166761653935,3.65784565965608,411,FALSE
"Intermediate","LNP_0138",128.628155170009,5.04075082484633,0.215204112511128,0.427690504451281,0.425465668186726,0.146843827361993,0,78,0.346753867620581,0.0311617654271172,0.63343910884803,1.79264905602564,2.06725583118788,3.10299418682262,3.21336627129943,412,FALSE
"Intermediate","LNP_0458",124.751632218249,-8.77474771346897,0.389942330215126,0.537390808135651,0.297239699188411,0.165369492675938,0,78,0.346518852218581,0.0378732754678653,0.298014435686305,1.52305832801393,1.55085220245075,1.66871836000533,5.05632529741088,413,FALSE
"Intermediate","LNP_0291",79.7741782618687,8.67393041029572,0.426307179033756,0.531240640333026,0.382530370563344,0.0862289891036297,0,78,0.34266697854247,0.0370345290486642,1.24886276248409,2.34974394693431,2.21633938289466,3.95364789446698,5.01592036304469,414,FALSE
"Intermediate","LNP_0297",148.214037367143,-7.92576866224408,0.408238818775862,0.53554440484699,0.323019307214847,0.141436287938163,1,78,0.341860402807778,0.0332951834087655,0,1.52951078296795,1.5667557670294,1.71402787471264,4.02806688097013,415,FALSE
"Intermediate","LNP_0224",118.637508200482,7.43997647427022,0.454389940481633,0.48909350987472,0.297097980480186,0.213808509645094,0,78,0.340841204529404,0.0359196321958994,0.965530045659867,2.10039177635513,2.11227920297256,3.5976448214673,4.41380203600728,416,FALSE
"Intermediate","LNP_0379",80.8786832727492,7.8342746431008,0.107532863598317,0.63033429306866,0.275395067863976,0.0942706390673639,0,78,0.339996681858782,0.0359314650379364,1.23959250223184,2.31741071863653,2.3578538809327,3.93975588350034,4.60876494916798,417,FALSE
"Intermediate","LNP_0167",124.033436039463,8.71292294468731,0.376395939942449,0.611225949440988,0.271225880562546,0.117548169996466,1,78,0.339706071467905,0.0344553329975164,1.07328885100537,2.49262126889612,2.28173679908323,4.012741049629,4.43125051745756,418,FALSE
"Intermediate","LNP_0500",128.69273526594,-7.82351853791624,0.275020291563123,0.517795843999975,0.311875833075271,0.170328322924755,0,78,0.337062244523437,0.0357291498798261,0.18816668013704,1.40506658415858,1.60922219353246,1.72029049935616,4.58099445595951,419,FALSE
"Intermediate","LNP_0353",101.507180789486,9.83490470796824,0.152551301755011,0.51910212340221,0.34176766325397,0.13913021334382,1,78,0.335645737695923,0.0323739067590681,1.35042027264457,2.75441077758382,2.47570811428509,4.3757701003419,4.98339639327174,420,FALSE
"Intermediate","LNP_0119",108.548335311934,9.58407460246235,0.205794046632946,0.470305722903848,0.401716512932248,0.127977764163904,1,78,0.335179246786205,0.0353146533602787,1.26952393279895,2.66751684585528,2.41413351739721,4.28921030271626,4.85882793165517,421,FALSE
"Intermediate","LNP_0016",139.982497040182,-6.56513188034296,0.40947441579774,0.512785338618472,0.324847477473759,0.162367183907769,0,78,0.334230718914026,0.0319233906041633,0.000130873296587685,1.23167396668576,1.54145330935762,1.67780200882246,3.9717297772384,422,FALSE
"Intermediate","LNP_0250",122.670253901742,8.97263014689088,0.390834588278085,0.502831708876423,0.350128390088762,0.147039901034815,1,78,0.333481996948361,0.0347157572688801,1.0307316254934,2.45645109086964,2.25772690260849,4.00302439639306,4.55446080562968,423,FALSE
"Intermediate","LNP_0295",125.424740207382,6.02297472301871,0.248197686020285,0.420108178324283,0.407053834085556,0.172837987590161,0,78,0.333228543109287,0.0345008789139312,0.715714333749004,1.8733438458026,2.12635577999569,3.3586461740093,3.68292342326737,424,FALSE
"Intermediate","LNP_0111",143.529980327003,2.59490847587585,0.128914632368833,0.46838988595311,0.377264999556786,0.154345114490104,0,78,0.32913998277861,0.03197489281053,0.000138369585602733,1.22986541710458,1.91879696762729,2.45970748870679,1.94349936280131,425,FALSE
"Intermediate","LNP_0085",60.2864644257352,7.47899825684726,0.403734278678894,0.542939193299709,0.336615228777489,0.120445577922802,0,78,0.327651091414338,0.0331892114758328,0.879491161385564,2.04499631296954,2.13351538240319,3.63769190847797,4.41763622385292,426,FALSE
"Intermediate","LNP_0240",130.341854202561,-9.97616743203253,0.224467607215047,0.475693001665663,0.374643083133884,0.149663915200454,1,78,0.326562895225331,0.0373125194518224,0.150705442480168,1.63635426068561,1.64383461261049,1.7817375376817,5.06496859202911,427,FALSE
"Intermediate","LNP_0128",59.1043999884278,7.00934961438179,0.327335204835981,0.480067614963722,0.429322135179755,0.0906102498565223,0,78,0.326502215707558,0.0379884973507763,0.836588344231135,1.99056636394185,2.16012376271484,3.57967369910312,4.20624304619231,428,FALSE
"Intermediate","LNP_0032",140.229904511943,3.75215163454413,0.317293159198016,0.512602052182472,0.357786574943764,0.129611372873764,0,78,0.325059852437217,0.0331340333580897,0.130506181021503,1.33380047013331,1.90066668728724,2.6954361993691,2.51599963375623,429,FALSE
"Intermediate","LNP_0272",50.6300783948973,6.26226264983416,0.390091180801392,0.550184906830993,0.337134768959826,0.112680324209181,0,78,0.324786855888749,0.0334771694865513,0.606779828651913,1.76137380852215,2.02441423363598,3.31057346599005,3.81802345286169,430,FALSE
"Intermediate","LNP_0316",130.281227291562,-7.21592717338353,0.143043532315642,0.491171784152412,0.435552067930225,0.0732761479173632,0,78,0.324469684863461,0.0332091859228858,0.100187881912166,1.30704200632727,1.69142856398237,1.78737425886444,4.2535913497553,431,FALSE
"Intermediate","LNP_0399",61.791384126991,-8.98239772766829,0.121303774602711,0.429607762618918,0.43072407169598,0.139668165685102,0,78,0.323867468335859,0.0358499946715616,0.289567539738995,1.49538563351439,1.71946122746805,1.819951130027,5.17190842758954,432,FALSE
"Intermediate","LNP_0439",59.9445823347196,7.39412140566856,0.362653068359941,0.551493517734522,0.342859771959049,0.105646710306429,0,78,0.322690863384125,0.0332556479091418,0.85527987920656,2.00534435136771,2.15506986202577,3.65448714428273,4.37314305130222,433,FALSE
"Intermediate","LNP_0326",53.3727772999555,-8.48285739310086,0.253751409053803,0.587060896724015,0.304812507609256,0.108126595666729,0,78,0.322023582600193,0.0349748718279471,0.172520673582277,1.36577556862234,1.64165774354069,1.75841095124029,4.91895246350254,434,FALSE
"Intermediate","LNP_0220",141.88573481515,-7.84226239658892,0.478559908084571,0.458320785625462,0.377763394492135,0.163915819882403,0,78,0.320006780977061,0.0314340511204463,0,1.21923860058467,1.51858062806751,1.66753548794559,4.61841955725348,435,FALSE
"Intermediate","LNP_0425",139.111431245692,3.95893156994134,0.285079536587,0.483107628328623,0.365495996982368,0.151396374689009,0,78,0.319100422712174,0.0361716769525776,0.158073388702359,1.36512632350385,1.94095244385856,2.79503144903473,2.65572495745227,436,FALSE
"Intermediate","LNP_0132",139.139411714859,6.89669248647988,0.427873007394373,0.49394221554223,0.338020219466188,0.168037564991583,1,78,0.318957531650116,0.0342492217603038,0.484741113921137,1.96581710633034,2.08593572841109,3.49551790640933,3.49876315023981,437,FALSE
"Intermediate","LNP_0248",146.935641113669,-8.62134806346148,0.116851204819977,0.536417109383967,0.399412879102153,0.0641700115138794,1,78,0.316151692134493,0.0316969530318231,0,1.51821284076895,1.71758548251542,1.83436586667499,4.42512786042361,438,FALSE
"Intermediate","LNP_0445",136.646776320413,-8.14148359000683,0.395803288649768,0.52784045790512,0.364193918354164,0.107965623740716,0,78,0.314085725500177,0.0319496689575642,0,1.20303849202137,1.54426522833758,1.6729541597597,4.74547806205414,439,FALSE
"Intermediate","LNP_0075",97.5316574098542,8.99170645978302,0.356059394590557,0.441662347790386,0.474988641195986,0.0833490110136278,0,78,0.313041063336839,0.0349571292456257,1.0987718792661,2.24549332981438,2.28136441292177,4.05207490461579,5.15431660253481,440,FALSE
"Intermediate","LNP_0173",136.364411143586,-8.27444213442504,0.359422539453954,0.440578513879859,0.351571250155847,0.207850235964294,0,78,0.312011332792431,0.03561106623261,0,1.22902863061379,1.56228314555242,1.6655002630984,4.826901575567,441,FALSE
"Intermediate","LNP_0088",139.305111439899,3.33410315681249,0.111734645999968,0.418897211472726,0.419237391765336,0.161865396761938,0,78,0.31152401333823,0.0329023444962789,0.0369771784068758,1.25399330375686,1.97447288916477,2.71035063588827,2.33290159946266,442,FALSE
"Intermediate","LNP_0412",133.156859804876,-8.95602768287063,0.468801841884851,0.495458933389386,0.388267551279432,0.116273515331182,0,78,0.309227657795446,0.0325019962037063,0,1.24592406795168,1.51681661395444,1.66180391539788,5.11732025074969,443,FALSE
"Intermediate","LNP_0340",147.785340482369,-8.05521088652313,0.313903618790209,0.471053924822808,0.375542756084962,0.153403319092229,0,78,0.308563555827573,0.0327926954971326,0,1.22886482921247,1.62229814784509,1.72592542257881,4.69783649985021,444,FALSE
"Intermediate","LNP_0054",62.189925997518,7.76110380887985,0.315764293074608,0.532278847052711,0.335012637484101,0.132708515463188,0,78,0.303688432920809,0.0320908757339299,0.812262180927335,1.96356241380583,2.22067730921005,3.76079276463989,4.57076415470551,445,FALSE
"Intermediate","LNP_0046",63.880606344901,9.28305140230805,0.130344333872199,0.404419268399769,0.415998180820422,0.17958255077981,1,78,0.301005146992994,0.033853538192523,0.974782382945127,2.43023313746674,2.45245843270491,4.22394184119185,4.7224297737391,446,FALSE
"Intermediate","LNP_0145",134.2729318887,-8.19355831481516,0.186873513180763,0.494970350068393,0.297477564400422,0.207552085531185,0,78,0.30066643096134,0.0349998171751735,0,1.24123664005621,1.68490723640061,1.7621344846862,4.79593758127907,447,FALSE
"Intermediate","LNP_0181",133.976776478812,4.67495516408235,0.100991524104029,0.422734369150507,0.460611993543816,0.116653637305677,0,78,0.300009226497444,0.0340067922949323,0.217114902954215,1.41552967325789,2.09058989911101,3.02281720513074,2.96699008625429,448,FALSE
"Intermediate","LNP_0478",50.0465349061415,-9.86003091093153,0.499809591006488,0.547913910838948,0.361295070298924,0.0907910188621282,0,78,0.299732737080015,0.0326653655248468,0,1.22026819086193,1.47687388411388,1.62042283827981,5.64425340142413,449,FALSE
"Intermediate","LNP_0249",146.739837061614,3.90041394624859,0.176286982186139,0.601514848688931,0.319953632961117,0.0785315183499519,0,78,0.296815932937011,0.0328676115363173,0,1.24078418469556,1.97959961817489,2.79730397197488,2.64168803347817,450,FALSE
"Intermediate","LNP_0408",58.2502745790407,8.0672457581386,0.479226758517325,0.520048761372662,0.37298111705139,0.106970121575947,0,78,0.296534035546637,0.0313833470730945,0.721431309830416,1.88836156052294,2.13759781918101,3.73472727633997,4.69369314040966,451,FALSE
"Intermediate","LNP_0491",147.143806680106,-8.25561396311969,0.105412250943482,0.464989156910488,0.397583928883304,0.137426914206207,0,78,0.293743444928169,0.0328103949564895,0,1.20455850775339,1.72304702367373,1.82289161517964,4.81666803863551,452,FALSE
"Intermediate","LNP_0222",146.110479370691,4.35769093222916,0.308820098917931,0.501181813474814,0.424667893029858,0.074150293495328,0,78,0.29293951960014,0.0355391433807841,0,1.24780373332536,1.94028333330197,2.85529246763897,2.85860169959585,453,FALSE
"Intermediate","LNP_0230",141.568353842013,-9.5429063308984,0.312374293524772,0.529626413328697,0.380515745713803,0.0898578409574997,0,78,0.29208946781504,0.0341728700158219,0,1.23757503669619,1.59944306039641,1.72068684686631,5.46563883533628,454,FALSE
"Intermediate","LNP_0157",107.193531398661,8.18293008953333,0.126323328446597,0.46022383499512,0.413415539191818,0.126360625813062,0,78,0.292019952584687,0.0389063814113489,0.899197803942502,2.04440582733128,2.37308360261648,3.96099883729852,4.76190044585048,455,FALSE
"Intermediate","LNP_0024",149.42697766237,-9.25260070245713,0.257903594337404,0.555807343269417,0.350995390413906,0.0931972663166776,0,78,0.291443107610527,0.0322068355001387,0,1.22871110646473,1.65129155541308,1.72898473192619,5.30273787077237,456,FALSE
"Intermediate","LNP_0472",132.203007116914,-9.07946902792901,0.126229960471392,0.591932171634247,0.295921664038959,0.112146164326794,0,78,0.287694757163283,0.0310136375860415,0,1.24330626879013,1.70728335741572,1.80561036811488,5.20167086556261,457,FALSE
"Intermediate","LNP_0454",55.819179629907,-9.12066749297082,0.146597174741328,0.46276167792398,0.449145121518902,0.0880932005571174,0,78,0.287308772178429,0.0340645194388234,0.0168912704748036,1.24537855452393,1.71842382862066,1.81375445643496,5.23835585796101,458,FALSE
"Intermediate","LNP_0377",127.459154208191,-9.73917940631509,0.249592845514417,0.459504963623205,0.4405050964425,0.0999899399342949,0,78,0.287066574316971,0.0320763469556641,0,1.23172744330506,1.6325548512739,1.73939301208641,5.53206628204068,459,FALSE
"Intermediate","LNP_0453",74.0530701586977,9.1315952828154,0.385431124735624,0.468765485926017,0.322169506291227,0.209065007782756,0,78,0.286419243617322,0.0352962347697833,0.924744669830165,2.06086937907769,2.28592312205203,4.07953601716459,5.23109886363467,460,FALSE
"Intermediate","LNP_0330",141.506376164034,4.67904297634959,0.356589280255139,0.537120563365222,0.357269476112475,0.105609960522303,0,78,0.285614015447904,0.0311805076787309,0.015544161161221,1.24248671555757,1.95696953934502,2.94992720094423,3.02894654659554,461,FALSE
"Intermediate","LNP_0185",109.434319403954,9.05289147980511,0.419878846220672,0.470242062932102,0.429299686561293,0.100458250506605,0,78,0.28456585760483,0.0372958529965597,0.878169131138678,2.0237783258824,2.2670543442804,4.03721425519498,5.18612814227729,462,FALSE
"Intermediate","LNP_0373",136.648331466131,5.23970646318048,0.262216608878225,0.545164577942171,0.385605002982355,0.0692304190754742,0,78,0.28306269377786,0.0361317613701537,0.153209503773989,1.3686423071117,2.07004514886446,3.12981595764848,3.26422924479582,463,FALSE
"Intermediate","LNP_0290",117.028203955851,8.30545251257718,0.305986253917217,0.507374677996981,0.324397207414035,0.168228114588984,0,78,0.278240205846468,0.0329221558115485,0.72302178353235,1.86845356998036,2.24963949374831,3.91491545393917,4.8212980095797,464,FALSE
"Intermediate","LNP_0306",98.0910829966888,9.37282335944474,0.322045522741973,0.457991957416606,0.363921391021719,0.178086651561675,0,78,0.277793953121925,0.0344784520796647,0.950677882665094,2.05454063848282,2.34727379372522,4.18776498185189,5.33726307510394,465,FALSE
"Intermediate","LNP_0341",91.4735334459692,9.24842642154545,0.220894104614854,0.467141744651802,0.408198096619779,0.124660158728419,0,78,0.275353842884257,0.0330982904395291,0.939723082506183,2.08769437303593,2.38094489803647,4.21007198133811,5.31111487679064,466,FALSE
"Intermediate","LNP_0352",146.746949432418,4.5279777655378,0.101936695817858,0.527100177174924,0.388059562011658,0.0848402608134186,0,78,0.274030706989557,0.0317202947698556,0,1.22128356906604,2.08449647980628,3.01083856456696,2.92582363164683,467,FALSE
"Intermediate","LNP_0034",129.546741768718,6.32956277579069,0.152115254756063,0.519415185285425,0.337358332467505,0.143226482247071,0,78,0.273543557506037,0.037152609307966,0.356590990814152,1.54357520484705,2.20729036502779,3.46913482330169,3.82382622240833,468,FALSE
"Intermediate","LNP_0121",114.789347932674,8.06801769416779,0.180873827077448,0.360817133938341,0.447702518798985,0.191480347262674,0,78,0.269969836404043,0.0372907463354078,0.668458132974612,1.81341526702417,2.3079114480812,3.88798339000263,4.71521732813573,469,FALSE
"Intermediate","LNP_0496",149.294401612133,6.59247757401317,0.424804697744548,0.539486180355676,0.394128145777187,0.0663856738671364,1,78,0.264658222532687,0.0333387960585464,0,1.52555261768785,2.05895629995396,3.39568100277993,3.38412545551509,470,FALSE
"Intermediate","LNP_0435",73.4819675795734,9.15339484810829,0.254770278465003,0.458820126352804,0.334350291108119,0.206829582539077,0,78,0.257923663215096,0.0328916025932865,0.777794423216927,1.92926204474129,2.36262907574342,4.15877925541597,5.27924000298524,471,FALSE
"Intermediate","LNP_0093",84.3516472261399,9.38077727332711,0.146134963817894,0.553887788344413,0.290459128924618,0.155653082730969,0,78,0.251564689881031,0.0356328086272447,0.852815011715397,1.96704127765677,2.46815350967366,4.3127697470874,5.35040365595504,472,FALSE
"Intermediate","LNP_0106",139.035022212192,6.02859167382121,0.311762302555144,0.436096103141122,0.474986231997217,0.0889176648616612,0,78,0.249467587537117,0.0329417920520923,0.00137083425278177,1.22569933556289,2.05887041262659,3.27640588171801,3.66987138351788,473,FALSE
"Intermediate","LNP_0477",112.714618444443,8.96237675566226,0.288001058809459,0.392232738003467,0.406696385710438,0.201070876286095,0,78,0.245825402202075,0.0352137685462314,0.628177174336351,1.79966604784554,2.34060062230238,4.10763666878521,5.13824096034506,474,FALSE
"Intermediate","LNP_0400",149.123655585572,5.95805874560028,0.194879167340696,0.495705309257185,0.440676854315753,0.063617836427062,0,78,0.239950634698803,0.029114792579813,0,1.22184310682619,2.14383013016218,3.37499686460015,3.64827640779567,475,FALSE
"Intermediate","LNP_0139",147.98219173681,6.37910766527057,0.3126733308658,0.391294316594983,0.457604352498256,0.151101330906761,0,78,0.23876336513291,0.0339471738719459,0,1.24889456442276,2.10390654453288,3.38797281893423,3.85058265753416,476,FALSE
"Intermediate","LNP_0029",78.915973729454,9.78156541474164,0.207521379925311,0.524799096430819,0.342295895757037,0.132905007812144,0,78,0.234366663041037,0.0356069283560898,0.730314196128144,1.91269080064323,2.44086955215628,4.33292831452237,5.55708677344956,477,FALSE
"Intermediate","LNP_0020",145.450364914723,6.30162990186363,0.211689524259418,0.531837160644021,0.335134266593741,0.133028572762238,0,78,0.233549515505734,0.0331398298959296,0,1.23953732168705,2.16481672914467,3.43899815589298,3.78817271136814,478,FALSE
"Intermediate","LNP_0234",55.8478488586843,8.48957973532379,0.335482510644943,0.542047779237471,0.352215436388699,0.105736784373831,0,78,0.225007539354937,0.0298519631144128,0.351939071358085,1.54351463870059,2.28233337682436,3.944998991987,4.92073411048677,479,FALSE
"Intermediate","LNP_0357",116.877151746303,8.97650501225144,0.178662704490125,0.613773740034432,0.26414842671366,0.122077833251908,0,78,0.22023328746467,0.0335282965159293,0.47844495652263,1.66957890045172,2.39851114160327,4.14907741353495,5.16305879769087,480,FALSE
"Intermediate","LNP_0062",59.4840660924092,8.58701365068555,0.16921721547842,0.416283259180857,0.40865872470055,0.175058016118593,0,78,0.209620011952264,0.0327506049449495,0.332947884246773,1.52849422955259,2.3815777033744,4.07046684371955,4.97367246601155,481,FALSE
"Intermediate","LNP_0431",145.310121378861,7.73725143168122,0.44788828631863,0.480002041810428,0.407452038502435,0.112545919687137,0,78,0.208557486505999,0.0326135680016153,0,1.23502922190061,2.12867488211265,3.70940154326177,4.55642884876536,482,FALSE
"Intermediate","LNP_0403",140.530958166346,7.04729200340807,0.124690509587526,0.462535796356836,0.350311279599969,0.187152924043195,0,78,0.206795676048061,0.0320700519396924,0,1.22499287276618,2.27475797515754,3.67939447784156,4.19123434102611,483,FALSE
"Intermediate","LNP_0485",143.268107902259,8.04363556671888,0.496564877685159,0.500907043952625,0.419558046902986,0.0795349091443889,0,78,0.204992222192136,0.031808076408828,0,1.255432419287,2.1251832692082,3.7352845698169,4.71285581643459,484,FALSE
"Intermediate","LNP_0360",133.52553199511,7.78042985592037,0.295523055177182,0.540837285935115,0.309417898288207,0.149744815776677,0,78,0.201883479768602,0.0321061855500567,0.018173412909534,1.24755135994459,2.22110858166333,3.75183718473236,4.57061656303174,485,FALSE
"Intermediate","LNP_0143",51.0467111831531,7.76817300822586,0.129052770230919,0.591749095684397,0.349964988181249,0.0582859161343536,0,78,0.201353168804274,0.0313049626194449,0.0983583009683538,1.32687097630767,2.32640473614415,3.86454852296148,4.54336816988319,486,FALSE
"Intermediate","LNP_0241",104.682615655474,9.84341238625348,0.131397172063589,0.489163197714764,0.386907938962314,0.123928863322921,0,78,0.198472971098116,0.0311260627577821,0.53479072637412,1.68157298739393,2.50001495490206,4.44670263200205,5.57426971413639,487,FALSE
"Intermediate","LNP_0382",126.082362537272,8.42130407691002,0.241891848202795,0.487290647470649,0.317914116221124,0.194795236308227,0,78,0.19523880526195,0.0321568319545182,0.157162863044791,1.37523331273289,2.34111620071758,3.9941592561269,4.87575506142558,488,FALSE
"Intermediate","LNP_0031",146.302423253655,8.78276801202446,0.192492353729904,0.506856184194743,0.331184450570595,0.161959365234662,1,78,0.190508859430961,0.0334852621224282,0,1.53060511976914,2.38284818260116,4.1096433046161,4.46219988528005,489,FALSE
"Intermediate","LNP_0347",148.335018078797,7.96721662394702,0.216433182917535,0.492829298075717,0.350594731483377,0.156575970440906,0,78,0.186896593986452,0.0299974263641308,0,1.22793227994908,2.29440016845193,3.89012702349964,4.667264429856,490,FALSE
"Intermediate","LNP_0401",148.605429730378,8.47398426383734,0.193295895028859,0.437921098113555,0.376650676137598,0.185428225748847,0,78,0.174754552691456,0.0326700653839839,0,1.2387043483402,2.32711959658682,4.00561780151809,4.92482326685257,491,FALSE
"Intermediate","LNP_0219",132.095132395625,9.89872880280018,0.17916945470497,0.534297137482,0.330266421211471,0.13543644130653,1,78,0.170616147430559,0.0349089768760151,0.0589886955183142,1.58853093810779,2.46013935189996,4.37052924785386,4.99998973451754,492,FALSE
"Intermediate","LNP_0271",137.104341364466,8.31972666084766,0.110404284205288,0.595573059149974,0.34284213166229,0.0615848091877354,0,78,0.169909807396399,0.0337011557768529,0,1.21173539350531,2.39497633126336,4.0252918912731,4.83785653737489,493,FALSE
"Intermediate","LNP_0114",144.772694003768,9.86089560668916,0.256491513364017,0.565310805693616,0.330229547079278,0.104459647227105,1,78,0.166845185608648,0.0297761929288002,0,1.5318995825279,2.41382909488757,4.33230652211698,5.02846922923201,494,FALSE
"Intermediate","LNP_0456",139.007791317999,9.25230682827532,0.419252794887871,0.427528823397705,0.408425262036736,0.164045914565559,0,78,0.166026800784146,0.030842829221478,0,1.21571228164633,2.26905583966491,4.10303638641663,5.29665039268397,495,FALSE
"Intermediate","LNP_0137",132.18054601457,9.07902495469898,0.252569038700312,0.42728886379098,0.372856369485368,0.199854766723653,0,78,0.164343546382539,0.0297482085525051,0,1.22695903968319,2.33153818199409,4.08962233739235,5.20532702823538,496,FALSE
"Intermediate","LNP_0386",141.399544966407,8.85197723750025,0.17528873430565,0.539714446840633,0.274654921825898,0.185630631333468,0,78,0.161769008243336,0.0308423039336036,0,1.24161308789091,2.39164348976623,4.13602048107156,5.08424628354661,497,FALSE
"Intermediate","LNP_0089",138.646906078793,9.54767153598368,0.422742119152099,0.470403192818061,0.396133284243799,0.133463522938139,0,78,0.157468829931488,0.031820582330766,0,1.20504840760152,2.2824372851463,4.20320596921924,5.45317068329542,498,FALSE
"Intermediate","LNP_0238",133.192756283097,9.77926822379231,0.381501524802297,0.544046223168689,0.294603598431884,0.161350178399427,0,78,0.149780723129187,0.0341568075450678,0,1.23537529128904,2.32954156570469,4.27212170868718,5.57994807966932,499,FALSE
"Intermediate","LNP_0324",120.399206131697,9.82068637851626,0.242842567153275,0.498096395982315,0.342105438016573,0.159798166001112,0,78,0.14781608171721,0.0353946569504522,0.0769441450617163,1.29864696426145,2.42699088490716,4.37912364661751,5.60489409527051,500,FALSE
"Low","LNP_0462",93.6129996087402,-1.00800178479403,0.399105833750218,0.477647912702742,0.431320381918687,0.091031705378571,1,109,0.844890372056436,0.0310063257144341,3.06413884847726,4.24289133214583,1.37597035524266,1.45348233118283,0.422968136804756,1,TRUE
"Low","LNP_0428",88.8204663759097,1.09363658819348,0.493633543048054,0.376300626226774,0.427976831045156,0.19572254272807,1,109,0.839763144989901,0.0322935996278449,3.09580496509688,4.30010756737344,1.38399315208973,1.70367810408717,0.481116117142061,2,TRUE
"Low","LNP_0374",95.510805095546,0.547898812219501,0.345423847343773,0.515114624393842,0.400721801172917,0.0841635744332413,1,109,0.83921023502752,0.0338691361396056,3.0290924181303,4.24278475533355,1.41819279876132,1.59125755640834,0.209105437035235,3,TRUE
"Low","LNP_0007",102.8105488047,0.721074412576854,0.409476848971099,0.504653408404807,0.345283777949371,0.150062813645822,1,109,0.829740243820805,0.030340980777739,2.97933744930776,4.19476324518334,1.4098297612502,1.63382639938231,0.300192771872448,4,TRUE
"Low","LNP_0364",80.8119554305449,-0.627616751007736,0.274638611916453,0.517230525633537,0.391734283551729,0.0910351908147338,1,109,0.828177757456742,0.0310843918933245,2.94429083832129,4.15663267976325,1.42636477508166,1.52580499976614,0.2609509944567,5,TRUE
"Low","LNP_0449",85.8056963421404,-1.6948509356007,0.30026867967099,0.598698499676246,0.342006278828472,0.0592952214952825,1,109,0.826718183041229,0.0364035818454564,3.01783715773285,4.24224461182189,1.42373055036411,1.49036841815819,0.795386000417858,6,FALSE
"Low","LNP_0419",97.8456383803859,-2.32126656919718,0.40911775957793,0.516176699840256,0.345445278826466,0.138378021333278,1,109,0.824112682267768,0.0326573625064219,2.99492157606634,4.21637057401771,1.35266960457734,1.41669649943339,1.09368956242772,7,TRUE
"Low","LNP_0442",108.387233596295,-0.195516035892069,0.345106361154467,0.468929058018287,0.331895852477489,0.199175089504224,1,109,0.819636021624264,0.0325359867641781,2.78748541652202,4.01949186920106,1.37825662950977,1.42698809279667,0.0763737649156688,8,TRUE
"Low","LNP_0467",73.0096920393407,0.965611478313804,0.46767194615677,0.492253285244461,0.29697368353357,0.210773031221969,1,109,0.818067316503747,0.0344947392198815,2.90984736046501,4.13276967483212,1.410447706333,1.66004657979581,0.376529449456944,9,FALSE
"Low","LNP_0466",77.077801944688,1.38886549510062,0.445512916892767,0.526246112429754,0.380303940182633,0.0934499473876125,1,109,0.815986966135723,0.0310242888972734,3.00497621130023,4.22540237445516,1.45189977248096,1.83052065139286,0.614438847448686,10,FALSE
"Low","LNP_0109",91.0689776530489,-3.3800434274599,0.480289639346302,0.466218533053709,0.394831297601722,0.138950169344569,1,109,0.814242081917294,0.0367211214923272,2.9931510803245,4.19253588051679,1.31006900978373,1.40476703217537,1.60137975388265,11,TRUE
"Low","LNP_0017",74.608773435466,-0.90476737357676,0.323866031691432,0.406530058160932,0.458583185003285,0.134886756835784,1,109,0.810597376160564,0.0351319106014277,2.78805890225405,4.02095514620832,1.39004406819983,1.45841277148996,0.371762168502745,12,TRUE
"Low","LNP_0140",93.9431536244228,-1.64445796515793,0.203858428541571,0.537716976281056,0.345643035436697,0.116639988282247,1,109,0.806160304202184,0.0328020784545154,2.9010053830168,4.12387179610666,1.48134677173277,1.54798132333825,0.741828485392325,13,FALSE
"Low","LNP_0180",108.175009978004,-1.03713772259653,0.353958562016487,0.445144173552853,0.43156519854507,0.123290627902077,1,109,0.805262571099748,0.0355088053557892,2.76626015402436,3.99912691501669,1.38915688710021,1.4730100351968,0.452231626823273,14,FALSE
"Low","LNP_0141",81.170220207423,1.87676986213773,0.432716127112508,0.438773974181599,0.454307172924857,0.106918852893543,1,109,0.804643431978657,0.0340639069112871,2.99300964484829,4.21817634797045,1.47264576356479,1.889514244846,0.878318867863401,15,FALSE
"Low","LNP_0221",78.2528330106288,-1.62661683280021,0.238268989697099,0.52649488791667,0.287770801388292,0.185734310695038,1,109,0.800211831920625,0.0308303353304978,2.81214518467496,4.03190116759837,1.43078828962089,1.49077049850349,0.733847824646328,16,FALSE
"Low","LNP_0025",115.570579911582,0.376098467968404,0.424494939856231,0.58258254117628,0.297731865694883,0.119685593128837,1,109,0.798058802986328,0.0324562149646638,2.65274096869216,3.88936332660845,1.3702821227078,1.51925337330196,0.138193630371632,17,TRUE
"Low","LNP_0079",85.1797909243032,1.33468165528029,0.267945685982704,0.430720612426444,0.460881131679279,0.108398255894277,1,109,0.796242221035052,0.0339649720969343,2.91873804098944,4.12249728431482,1.54971173897309,1.86145336667886,0.577992217035557,18,FALSE
"Low","LNP_0199",65.2346616843715,-1.42773817293346,0.487420371174812,0.499189116605839,0.349672881561079,0.151138001833082,1,109,0.796232536155044,0.0301782618083051,2.65456124429579,3.88058197469231,1.28962353131196,1.37869708810331,0.64706336487645,19,TRUE
"Low","LNP_0370",98.3167669270188,0.960645750164986,0.171623823884875,0.523827971201285,0.368251794149631,0.107920234649084,1,109,0.792328031155731,0.0363565570601766,2.85425658727528,4.0977968116544,1.58216477717168,1.82482249111509,0.401393544816962,20,FALSE
"Low","LNP_0186",98.1289800489321,1.01233443710953,0.153998559340835,0.463687385701895,0.33033774675965,0.205974867538455,1,109,0.788289572110768,0.0342991393768548,2.82936502425374,4.07823338846885,1.58600035555592,1.82593786918535,0.426958198008342,21,FALSE
"Low","LNP_0091",63.0695691565052,0.531801590695977,0.422499176114798,0.570619913598039,0.292134981431764,0.137245104970197,1,109,0.786834008682856,0.0343729319821666,2.59430496802627,3.85182325788667,1.37980836801555,1.58492382142287,0.197769240106471,22,FALSE
"Low","LNP_0245",81.1869746772572,-3.57343113049865,0.420538120251149,0.382788465056154,0.432405959562547,0.184805575381299,1,109,0.785994274361432,0.0319835333209074,2.81074289842832,4.04413762437377,1.34054531623403,1.4311407404143,1.69500660496925,23,FALSE
"Low","LNP_0010",95.6614735303447,-3.17357432097197,0.2762132499367,0.54104059729743,0.319030594163241,0.139928808539329,1,109,0.784654368540875,0.0340830157227719,2.84162557566496,4.04817965968365,1.43424464433987,1.50891283418599,1.4732982928853,24,FALSE
"Low","LNP_0479",71.7243514023721,-2.96764655970037,0.438374316692352,0.497445002433955,0.354382636381239,0.148172361184806,1,109,0.78377507433141,0.0341147822219452,2.73645965323809,3.97304860685166,1.33342185304734,1.42140378249898,1.42367487443219,25,TRUE
"Low","LNP_0255",103.107039886527,1.14875166211277,0.157511241268367,0.591165452459411,0.31536321707833,0.093471330462259,1,109,0.7806510092269,0.0329432248791117,2.79183093918656,4.02654858751997,1.57666748399991,1.86302269314401,0.492263482677294,26,FALSE
"Low","LNP_0427",80.2904915297404,-3.0396989453584,0.286179745290428,0.525902389689867,0.298062491132276,0.176035119177857,1,109,0.779803386097456,0.0362268219765744,2.79097379018115,4.01991013211154,1.43427395517641,1.50613744706622,1.43804676514373,27,FALSE
"Low","LNP_0133",117.299909261055,-0.841568778268993,0.38119180155918,0.555363743915647,0.338281021338369,0.106355234745984,1,109,0.778298001266855,0.03368152474055,2.50990882084381,3.77720425591597,1.36644899771366,1.43954251288239,0.341828979653773,28,TRUE
"Low","LNP_0346",87.0214798487723,-4.74487444385886,0.482129480689764,0.457434400196745,0.342177131301389,0.200388468501867,1,109,0.778031148142573,0.0352895504228122,2.81334257678956,4.06211140199257,1.29323129044422,1.37847213184504,2.28015876914912,29,TRUE
"Low","LNP_0210",67.2171746380627,-1.42118817660958,0.316875315923244,0.545897734669014,0.332143630574536,0.121958634756449,1,109,0.777285334924353,0.03569719285175,2.60254990890531,3.84929414206919,1.40825022389037,1.48696000696025,0.656389267833217,30,FALSE
"Low","LNP_0414",99.7948936186731,1.52490337844938,0.164386600535363,0.59286966262149,0.295087133582735,0.112043203795774,1,109,0.773171282848721,0.0327043014462436,2.81843996005632,4.0491152341953,1.60986490582859,1.97431953570452,0.682714898052688,31,FALSE
"Low","LNP_0476",94.4527396932244,2.86443118937314,0.390119745302945,0.52316596548,0.356541447406992,0.120292587113008,1,109,0.768336121861283,0.0351712021394773,2.97928055799996,4.18212779996419,1.61068591021441,2.23701722019435,1.35332719861461,32,FALSE
"Low","LNP_0196",96.6532702324912,1.66061190422624,0.178068572748452,0.480746501655603,0.348273867491275,0.170979630853122,1,109,0.767863534782374,0.0335276302154755,2.80970445496129,4.053678563631,1.63579456035199,2.00625950337139,0.750357016434776,33,FALSE
"Low","LNP_0361",64.3817043630406,-1.51095809880644,0.35955299185589,0.483462005381116,0.35247579199346,0.164062202625424,1,109,0.767184683855488,0.032184059073126,2.50295367884674,3.74750758405602,1.37326508596135,1.46622598987424,0.663838766022456,34,FALSE
"Low","LNP_0208",78.8239280693233,-2.47111013624817,0.163065111171454,0.466697291564008,0.366337065837646,0.166965642598346,1,109,0.766039580623829,0.0320408096336664,2.6875815492491,3.93336989827386,1.50411154611269,1.57231659468783,1.1600780794053,35,FALSE
"Low","LNP_0124",71.9767631264403,-2.46367166284472,0.225407158210874,0.546867023095595,0.296752285272456,0.156380691631949,1,109,0.764463615731922,0.0312196017571006,2.62811073540745,3.86826503252493,1.45637542783527,1.49879369151056,1.1412362779776,36,FALSE
"Low","LNP_0497",75.3098994027823,2.8422763897106,0.49648768696934,0.409418798928009,0.417925204391451,0.172655996680539,1,109,0.762844774556191,0.0334369288534038,2.86249091038504,4.0944989801277,1.52672317671492,2.15180828600512,1.37171153046626,37,FALSE
"Low","LNP_0307",65.663685137406,-0.230090352706611,0.12936575897038,0.558826159402888,0.346078600106481,0.095095240490631,1,109,0.760687955217059,0.0318269432804997,2.43159117550625,3.69868791581023,1.49577657716468,1.56013566246585,0.0686065697054027,38,TRUE
"Low","LNP_0437",60.817852942273,0.519485482946038,0.358206245675683,0.532797285146388,0.313021145123866,0.154181569729747,1,109,0.759744790291025,0.032831490115683,2.39825343007208,3.67476767693516,1.40461571931088,1.57822258211479,0.205374414770336,39,FALSE
"Low","LNP_0387",68.5296441894025,-1.58433248754591,0.186026698723435,0.435040565857467,0.394398361108528,0.170561073034005,1,109,0.75860577780308,0.0336062145984327,2.5076350071137,3.76112486279755,1.45442804125228,1.54048793738829,0.700200044353244,40,FALSE
"Low","LNP_0423",109.626354463398,-2.72514610551298,0.266289060562849,0.553421391008186,0.29363391324062,0.152944695751194,1,109,0.7576612933279,0.0330130409892557,2.6017640401529,3.81108893694434,1.43437339485824,1.50436167625538,1.28717940364748,41,FALSE
"Low","LNP_0192",82.1482756407931,2.69601019565016,0.322031241096556,0.492451268021807,0.377697105756558,0.129851626221634,1,109,0.756200811825503,0.0353797741514778,2.87371805508227,4.0847885171276,1.63046801697669,2.19903398395253,1.27941227223601,42,FALSE
"Low","LNP_0066",94.8516341391951,3.07533364742994,0.385260075516999,0.478430011157797,0.307832555612139,0.213737433230064,1,109,0.755673299553707,0.0342329565495418,2.9196687046561,4.13500991523835,1.6311885870452,2.27310734840094,1.45622957722102,43,FALSE
"Low","LNP_0480",120.48722456675,-1.61908550187945,0.431282921507955,0.518653265821846,0.410247313247181,0.0710994209309734,1,109,0.755347479760775,0.0329763151482444,2.37657881166227,3.65334606941067,1.33343445226179,1.41348311107,0.712540804694497,44,FALSE
"Low","LNP_0080",61.1135424347594,-0.198730938136578,0.24217386841774,0.528099444345447,0.289141429274323,0.18275912638023,1,109,0.750332347138833,0.0342237612525769,2.29959906197227,3.58769804222202,1.43649311795446,1.51438249645974,0.0594913793087345,45,TRUE
"Low","LNP_0343",102.602966013364,2.25446937140077,0.253737013787031,0.426824862763834,0.406169896784864,0.167005240451302,1,109,0.747986108253284,0.0323999031091659,2.72127832865741,3.96277206742477,1.60837043974991,2.10080038291161,1.04030319563411,46,FALSE
"Low","LNP_0406",94.9802484130487,0.226291930302978,0.403274215571582,0.516308419445917,0.33083055585591,0.152861024698173,0,109,0.742839930541114,0.0315313496858896,2.40686110295228,3.37985109777112,1.38556137040776,1.48124483436488,0.626732723620643,47,FALSE
"Low","LNP_0056",70.653138961643,1.73917313572019,0.210575953498483,0.511674870439076,0.328180664879609,0.160144464681315,1,109,0.742338319625348,0.0305004966260138,2.61629913766864,3.85111342141068,1.61094174619038,1.99991928938452,0.817402169276572,48,FALSE
"Low","LNP_0153",88.7909029843286,-0.484989886172116,0.399842838384211,0.433950636910407,0.384746412908648,0.181302950180945,0,109,0.742156013792412,0.0320502170575178,2.37891497773664,3.34780356431116,1.32825085059434,1.41674650082617,0.76308640225791,49,FALSE
"Low","LNP_0160",71.799066872336,-2.98910453915596,0.183999223448336,0.532688068240611,0.322373801907196,0.144938129852193,1,109,0.740304481247333,0.0340607819765045,2.53713565942104,3.78044748312012,1.50434711093951,1.5613543822568,1.40696687590081,50,FALSE
"Low","LNP_0494",120.158511842601,-1.99661643244326,0.406275866832584,0.425405822751866,0.473497626593823,0.101096550654311,1,109,0.73970571107472,0.0342313453872009,2.29213340492201,3.58757425782442,1.34108226668593,1.41703363785505,0.896936278866249,51,FALSE
"Low","LNP_0228",106.025326368399,2.25559297949076,0.19042548192665,0.56802303015318,0.348993888188273,0.0829830816585472,1,109,0.735990553205992,0.0328988297077806,2.67202163388685,3.91354699575897,1.66707043648175,2.14163639242624,1.02449165529015,52,FALSE
"Low","LNP_0415",77.6049672625959,-3.72314855922014,0.173176276870072,0.452985436361898,0.379267989058194,0.167746574579908,1,109,0.73469545295049,0.0326502593143612,2.54658077590636,3.803155507451,1.49000966373051,1.53785360486971,1.78647200891351,53,FALSE
"Low","LNP_0284",72.4985329201445,3.08801533188671,0.402439205534756,0.479081828882705,0.333758349446487,0.187159821670808,1,109,0.731774533004917,0.0334596506931716,2.7071730083736,3.92167777982889,1.58894841760742,2.24158131586374,1.45549718416934,54,FALSE
"Low","LNP_0102",83.2823540316895,3.72980702202767,0.391105084121227,0.451161832335164,0.379532254264412,0.169305913400424,1,109,0.730457710252818,0.032836257656399,2.8291724713838,4.06244774784404,1.64685490326718,2.42924503664677,1.76939877841687,55,FALSE
"Low","LNP_0022",119.28034061566,-2.70657944027334,0.417095336690545,0.422581976338178,0.403725893769031,0.173692129892791,1,109,0.72882194568052,0.0338838800675022,2.28119703669915,3.57625795021816,1.34493343723129,1.41365741056198,1.27476346539774,56,FALSE
"Low","LNP_0268",84.732463140972,-1.75433774013072,0.474930946156383,0.455685445128992,0.448088917876037,0.0962256369949717,0,109,0.727837031004095,0.0340263183926323,2.38377837663482,3.35569402717346,1.32417556644301,1.38202973185247,1.4397236413839,57,FALSE
"Low","LNP_0159",94.476800202392,0.0581660820171237,0.30416452055797,0.5109793424211,0.410971489572261,0.078049168006639,0,109,0.727784136310908,0.0347389282494121,2.30939283086405,3.28677182985204,1.429681228368,1.52331773781186,0.526236161577138,58,FALSE
"Low","LNP_0333",123.779740300961,-0.740495775826275,0.332573263067752,0.522472967085931,0.339001607117719,0.13852542579635,1,109,0.726388599917862,0.0332444552916239,2.13729436591126,3.42674067133992,1.40585528706277,1.49392162183524,0.285149255772177,59,FALSE
"Low","LNP_0212",75.2964928513393,0.416847025044262,0.499553059600294,0.418021898426446,0.439291505741024,0.142686595832531,0,109,0.726085730432274,0.0349094356796355,2.27799484652736,3.25953406577045,1.33615003515525,1.52754867539462,0.721628781442813,60,FALSE
"Low","LNP_0339",114.39229149837,-4.21295709908009,0.437565883249044,0.4952267305992,0.368538979737981,0.136234289662819,1,109,0.723988533532436,0.0330883644539443,2.39751005590014,3.65654121837844,1.33188788423997,1.45200357923064,2.03297968438916,61,FALSE
"Low","LNP_0244",113.305535982363,1.94706965237856,0.276096739806235,0.414606047326271,0.523771811576271,0.0616221410974585,1,109,0.723234353273164,0.0339200552505328,2.47021037698998,3.74430213427663,1.58852278707349,2.03680400116304,0.893806094940499,62,FALSE
"Low","LNP_0493",95.978519320488,1.44297359045595,0.49857828291133,0.51263961187414,0.331063669156799,0.156296718969061,0,109,0.721455823734704,0.0365461924702399,2.44674945838068,3.41078702942588,1.40840780050972,1.77566378255488,1.23823591848645,63,FALSE
"Low","LNP_0040",73.1625785352662,-4.50909272767603,0.279092039354146,0.445354897198398,0.378783270643247,0.175861832158354,1,109,0.718968864903061,0.0340506431915131,2.44701641397279,3.69976142398585,1.42633529326464,1.48236544284759,2.15845298925295,64,FALSE
"Low","LNP_0127",65.4202300822362,-4.52497460413724,0.47243985645473,0.495705326794892,0.420238884936402,0.084055788268706,1,109,0.71830739315327,0.0365361050551443,2.37278546111421,3.64269534174983,1.31632234353847,1.45323748128426,2.19727443695334,65,FALSE
"Low","LNP_0335",81.4270780421793,3.33011434413493,0.275309815071523,0.405334906251748,0.460545084632759,0.134120009115492,1,109,0.715604741119281,0.0339128041571976,2.70057264111854,3.92604521380547,1.690316850092,2.38155764512864,1.593278422859,66,FALSE
"Low","LNP_0398",60.105849406682,-2.38192599732429,0.286401465628296,0.522928186416402,0.337576614000767,0.139495199582831,1,109,0.714917205041975,0.0315436039986651,2.21173764736574,3.48700631662574,1.40542353380626,1.4999510934691,1.1280749715185,67,FALSE
"Low","LNP_0071",125.447515863925,1.06627975124866,0.415363752655685,0.514057068585655,0.337953981772417,0.147988949641928,1,109,0.710717613504718,0.0341172598347731,2.11408796458645,3.40582410781978,1.42386297100221,1.69984689657554,0.472748767157668,68,FALSE
"Low","LNP_0345",98.6411764053628,1.00518092978746,0.361850697919726,0.525208821621478,0.316277506624429,0.158513671754094,0,109,0.709593443667303,0.0331944747705816,2.3175380304419,3.30094478069279,1.44645486536668,1.7048637248426,1.0296962956108,69,FALSE
"Low","LNP_0312",96.4665941894054,3.90210488811135,0.246392055321485,0.581723531571741,0.292406554403864,0.125869914024395,1,109,0.706959985397045,0.0335625206001112,2.77326991687608,4.02807877689852,1.78488578316758,2.55218927814822,1.86442019305743,70,FALSE
"Low","LNP_0489",92.894859588705,-6.1737562622875,0.332857558876276,0.576193392417098,0.343405560486484,0.0804010470964186,1,109,0.706492445787602,0.0342699501683897,2.49661115312833,3.75650511781385,1.40828025946574,1.48299291029652,3.00610107904335,71,FALSE
"Low","LNP_0305",113.013185281307,-4.74407391622663,0.39146581524983,0.474369533672643,0.371032883360739,0.154597582966617,1,109,0.705911974430247,0.0363323792852771,2.32157644313527,3.58781086281037,1.36554105172951,1.44220912282353,2.28017993432523,72,FALSE
"Low","LNP_0349",72.9244840331376,-5.27530128136277,0.314543972350657,0.553232114665062,0.352531975504902,0.0942359098300359,1,109,0.704699951471682,0.0324625647005325,2.41062404499852,3.67716099479201,1.42285017686744,1.48816496328578,2.57127470787437,73,FALSE
"Low","LNP_0481",71.5166488196701,-0.842464058659971,0.404657737724483,0.536960837837878,0.296424013667027,0.166615148495095,0,109,0.704356581529008,0.0355778239995861,2.1503178274152,3.15877584489703,1.36256459505515,1.4616581265791,0.967939063705882,74,FALSE
"Low","LNP_0378",70.8876348566264,3.8639780273661,0.481136401835829,0.470111819571979,0.419809074009277,0.110079106418744,1,109,0.703978134653027,0.0320385443728945,2.63834920654421,3.90212775172125,1.63602440002668,2.47287816242904,1.84479693641516,75,FALSE
"Low","LNP_0154",74.6448994148523,1.34238932281733,0.467581898067147,0.571680562570489,0.362003970861303,0.0663154665682077,0,109,0.703830769944547,0.0363181594309677,2.31082938311497,3.28690856692791,1.41313138925593,1.79166805283701,1.20610034424393,76,FALSE
"Low","LNP_0278",96.6472376836464,-1.85461420100182,0.349251664802432,0.508141135583716,0.418396550040074,0.0734623143762104,0,109,0.703367967583475,0.0360013601433056,2.25862088308916,3.24390682335349,1.39829258853073,1.46278646966419,1.44304004302054,77,FALSE
"Low","LNP_0286",89.5892688306049,-0.772621463984251,0.210359605122358,0.465696543947062,0.359951889671996,0.174351566380942,0,109,0.70329056521245,0.0329789337668832,2.22159283460374,3.22693835919117,1.47583502391338,1.5593937343877,0.905381066127521,78,FALSE
"Low","LNP_0369",90.6607866287231,0.153657263144851,0.159511190839112,0.515086743104905,0.429994328288429,0.0549189286066664,0,109,0.70263813456603,0.0283302340245438,2.20112495276967,3.20005621145996,1.52104242302679,1.62230306116402,0.583826708639359,79,FALSE
"Low","LNP_0030",64.7113647311926,-3.94224750809371,0.322070881910622,0.407703176833876,0.398528991880257,0.193767831285867,1,109,0.701097530892099,0.0327245347616171,2.23516656890317,3.50625513735678,1.39275749187201,1.47440108602432,1.88780291640239,80,FALSE
"Low","LNP_0246",122.45543464087,0.558580006472766,0.211713522020727,0.37211402159619,0.4485234604696,0.17936251793421,1,109,0.700289707398574,0.0321680915682547,2.03182631127517,3.34336234427549,1.5100375217755,1.68266673756165,0.237571194534474,81,FALSE
"Low","LNP_0338",114.146235398948,3.1444212095812,0.399114619474858,0.430893833849089,0.441555073272245,0.127551092878666,1,109,0.698459145243224,0.0321415484851158,2.46123472505845,3.72442360181837,1.59596020723361,2.26877445540623,1.50772633613173,82,FALSE
"Low","LNP_0039",81.8181007634848,0.710827833972871,0.270754230581224,0.483593431453983,0.366676960862261,0.149729607683756,0,109,0.698265016786032,0.0339404484207817,2.23229319606917,3.22275395160205,1.49714890840185,1.71449551394572,0.869989729034526,83,FALSE
"Low","LNP_0187",76.503273146227,0.446715322323143,0.254999303072691,0.489719771258062,0.426336901896178,0.0839433268457607,0,109,0.693410234172086,0.0363248008700029,2.11742637112079,3.11469624555042,1.45226212332902,1.60415457351983,0.745782053506742,84,FALSE
"Low","LNP_0418",82.1725537767634,0.628186715766788,0.224992945045233,0.513433324492682,0.33151381176361,0.155052863743708,0,109,0.692387151093028,0.0328131751446487,2.20128822400047,3.1738230331529,1.52539389906903,1.71490396684574,0.822830763067284,85,FALSE
"Low","LNP_0130",119.000710151158,-3.91044418793172,0.325917792599648,0.537668875140451,0.409119766402697,0.0532113584568521,1,109,0.69143333329939,0.0328750925005503,2.15415951883611,3.44871078925147,1.40151641576743,1.47524892980417,1.85431568141078,86,FALSE
"Low","LNP_0069",129.434232111089,0.94046835321933,0.489665477629751,0.438603468472169,0.48749160459693,0.0739049269309014,1,109,0.690994416646436,0.0308217468322631,1.90916223111332,3.24613722800352,1.37700296003774,1.68742404603497,0.408176209462881,87,FALSE
"Low","LNP_0265",101.644489425234,1.38705377466977,0.38122918959707,0.459699345502742,0.388650835392563,0.151649819104695,0,109,0.690367012854678,0.0331744565858188,2.24119640045319,3.23306549976043,1.48164153452741,1.79044473635972,1.19136886521329,88,FALSE
"Low","LNP_0213",71.625478961505,3.19242674391717,0.202269246801734,0.474754294873261,0.364293619821478,0.160952085305261,1,109,0.68913280466184,0.0366844766955901,2.49143519675929,3.74825744114614,1.72280320627435,2.36743131275806,1.51096139641155,89,FALSE
"Low","LNP_0215",54.7663627425209,-0.263542532920837,0.131588471028954,0.513944643539551,0.41596487944741,0.0700904770130386,1,109,0.688875769244836,0.0304774597400022,1.88872505900427,3.21196396999887,1.51507000057242,1.56297377281223,0.0919015493122586,90,FALSE
"Low","LNP_0055",106.094798375852,0.594281828962266,0.322125436738133,0.423860856117254,0.411283064814853,0.164856079067893,0,109,0.686386704025073,0.0333504859574295,2.08780991246263,3.07569668922545,1.4501076593955,1.64754228230514,0.805777090102283,91,FALSE
"Low","LNP_0144",68.384952400811,-2.29616813361645,0.481503449846059,0.635146305455294,0.281821798563881,0.0830318959808256,0,109,0.685754931763022,0.0342001031694041,2.08876030920827,3.0878775881215,1.30095233565495,1.39833787413517,1.65850158940562,92,FALSE
"Low","LNP_0077",87.9816537722945,-1.73389183823019,0.20856360187754,0.467034795311028,0.463078981713432,0.0698862229755401,0,109,0.685480573975667,0.0341759053170574,2.17262373248068,3.18084914430415,1.48008317346371,1.54233239437816,1.38281918860318,93,FALSE
"Low","LNP_0225",55.2843942772597,2.15735922101885,0.481701989285648,0.370588188990779,0.448469995005498,0.180941816003723,1,109,0.68074566630086,0.03303936473176,2.07747612780663,3.38971718732947,1.47749270285912,1.97844125120262,0.99398337013214,94,FALSE
"Low","LNP_0319",85.3986102622002,1.79803247563541,0.319217330403626,0.556666241666808,0.322787323449165,0.120546434884026,0,109,0.680346849356775,0.0319458096843477,2.29903281068749,3.26531805315905,1.55697918043218,1.96163409049929,1.40639491728055,95,FALSE
"Low","LNP_0451",102.382260165177,1.20561074931175,0.33952085962519,0.450866618673013,0.482386089049124,0.0667472922778629,0,109,0.679814200820638,0.0328292098909547,2.17001080666011,3.15074312760491,1.50248342858752,1.82301532533947,1.10931694654322,96,FALSE
"Low","LNP_0058",125.330786430277,0.597849171608686,0.197374096978456,0.464432108740197,0.448612618764091,0.0869552724957116,1,109,0.679700625322999,0.0331528727716359,1.9088650034917,3.22105511764683,1.5485786303065,1.72638380258278,0.234400320676465,97,FALSE
"Low","LNP_0351",63.6540197068825,-3.47533706575632,0.109959307778627,0.491192481264539,0.345703254035239,0.163104264700221,1,109,0.679446632671903,0.0327794348945028,2.12463244858546,3.42624317130836,1.52901524446291,1.59051602376872,1.64061061520827,98,FALSE
"Low","LNP_0076",72.0118885161355,4.18075806926936,0.351571104303002,0.539378393324061,0.405667099530294,0.0549545071456451,1,109,0.677162928920834,0.0354551265668605,2.55374776101874,3.80830688333794,1.73762008148878,2.58442238286389,1.99867116973486,99,FALSE
"Low","LNP_0205",90.2573342202231,-3.30824077595025,0.294682229030877,0.604607632345913,0.306866802776469,0.088525564877618,0,109,0.676259377392647,0.0341051655335623,2.21013787343773,3.19404861879333,1.42537254824911,1.47372101477943,2.18719659661642,100,FALSE
"Low","LNP_0267",83.6331205908209,-7.08582474850118,0.348722824919969,0.565716352238983,0.279371332437034,0.154912315323983,1,109,0.672602081806067,0.0361383071329659,2.30928789643105,3.60585277612269,1.39764772256861,1.48760965001238,3.46553057590023,101,FALSE
"Low","LNP_0172",68.3828490786254,0.426276926882565,0.260725541692227,0.541512860629409,0.37572038321202,0.0827667561585712,0,109,0.67155302936854,0.0319141620436931,1.93847983230156,2.96136278467811,1.45723600836345,1.59023343996045,0.715270708346903,102,FALSE
"Low","LNP_0498",54.9538435647264,-2.17002496588975,0.180303837172687,0.593177248493121,0.340596745820796,0.0662260056860829,1,109,0.668901627834177,0.0343531004809184,1.89805319646194,3.19914514085628,1.49187780408117,1.54482745595533,1.02032495105918,103,FALSE
"Low","LNP_0174",124.656800413504,-4.33995307888836,0.466522295866162,0.568745577033124,0.355582012846813,0.0756724101200623,1,109,0.668249394014292,0.0348898237469976,1.96121392497262,3.26815896897491,1.31549820580248,1.42833371686919,2.11077933153274,104,FALSE
"Low","LNP_0459",65.4911725781858,-1.80108143016696,0.43520927913487,0.496450397717376,0.383622494640556,0.119927107642068,0,109,0.668227110591864,0.0371492677104174,1.92017736022817,2.93410399865833,1.32257509431748,1.41006995885408,1.40224986638836,105,FALSE
"Low","LNP_0207",86.4091864787042,0.928525174967945,0.12590045183897,0.465214974132271,0.324993057680086,0.209791968187643,0,109,0.667571194156889,0.0329431602466854,2.11944983733451,3.12707380905721,1.6077987822113,1.86101210920132,0.998209973454715,106,FALSE
"Low","LNP_0463",96.4016626821831,2.46522767003626,0.424355791509151,0.386679917522765,0.449676804165677,0.163643278311557,0,109,0.667038903270536,0.0341960939987054,2.25602417629907,3.25281040632431,1.51714654893315,2.07907540777003,1.73746011386783,107,FALSE
"Low","LNP_0053",129.892484564334,1.38765325304121,0.456758507806808,0.455160795748156,0.42215317523909,0.122686029012754,1,109,0.666604505329742,0.0337810795467799,1.83255509187684,3.16199005385263,1.44789450497892,1.78459189343701,0.624964983339124,108,FALSE
"Low","LNP_0182",81.2448164913803,4.29509621113539,0.184209295921028,0.499901064260541,0.394125487315333,0.105973448424126,1,109,0.666262875024632,0.0320151327816952,2.56843902058739,3.80324478335305,1.82948632190959,2.67734928103668,2.07776523681353,109,FALSE
"Low","LNP_0014",107.263340195641,-2.08678720053285,0.302799090743065,0.470070286730452,0.430707121725937,0.0992225915436106,0,109,0.665302801249397,0.0306068345642467,1.99957340297902,3.01577091017607,1.41735601080889,1.47840075144189,1.56633377907132,110,FALSE
"Low","LNP_0372",84.2808801680803,-6.6046189982444,0.173560775537044,0.582843659961437,0.348951080042408,0.0682052599961544,1,109,0.664669974495253,0.0324018807829882,2.26768826998943,3.56511525734483,1.47937446550436,1.55824228118578,3.21396241881993,111,FALSE
"Low","LNP_0390",71.0487079108134,-5.54237366188318,0.193959840293974,0.467530058470566,0.366288509898446,0.166181431630987,1,109,0.664000100981496,0.0304857979001605,2.16015810874025,3.45685859248712,1.47264983006518,1.55356806185193,2.68431716572352,112,FALSE
"Low","LNP_0358",91.8915896909311,-7.59637024719268,0.425869579426944,0.471025654375477,0.32303397186072,0.205940373763804,1,109,0.663843637065151,0.0321166435427467,2.25551504380751,3.54243165893929,1.35620035454068,1.43780577211744,3.71334782141865,113,FALSE
"Low","LNP_0388",78.2218417385593,-4.04553843662143,0.447812916617841,0.490429386505854,0.447633085021398,0.0619375284727476,0,109,0.663704790338704,0.0335234569019231,2.09026059278569,3.11099665563337,1.31439083966128,1.41809961850979,2.53638495375274,114,FALSE
"Low","LNP_0455",73.6619742121547,-2.55684514530003,0.330048247333616,0.482610253342971,0.425141410073868,0.0922483365831605,0,109,0.662340736047763,0.0343841798471631,2.02334820304364,3.02976396868998,1.40144744938065,1.50168719409138,1.81926517182348,115,FALSE
"Low","LNP_0308",50.8215519832447,-0.443559405393898,0.154600919689983,0.464779521750471,0.360379307962174,0.174841170287356,1,109,0.657592214731376,0.0334120473089271,1.64570109187921,2.97952904622115,1.49937288300796,1.54500608317448,0.145078585630796,116,FALSE
"Low","LNP_0002",128.830513544381,-2.67117110081017,0.337546773068607,0.581982767426778,0.271887125956868,0.146130106616354,1,109,0.657099635243475,0.0337838856182242,1.77906615521449,3.09539957472264,1.40099076583003,1.4676885455444,1.27287628852696,117,FALSE
"Low","LNP_0336",99.2566547822207,1.44147441256791,0.168147592246532,0.5367995105976,0.33118105993087,0.13201942947153,0,109,0.655783320969899,0.0320706627535256,2.10278094305952,3.10655197167841,1.62020887987455,1.94898364730906,1.22721238476196,118,FALSE
"Low","LNP_0270",100.281304563396,3.06855640839785,0.489121403731406,0.568568659413042,0.297226025512115,0.134205315074844,0,109,0.655532112697459,0.0322087741820164,2.2885547947793,3.2637813702902,1.55412057074502,2.21328315480443,2.05310492132457,119,FALSE
"Low","LNP_0001",78.7577520124614,-2.92787848040462,0.20944909369573,0.559619866838329,0.26993054893898,0.170449584222691,0,109,0.653461704938152,0.0316957052048468,2.03740582265163,3.05670368638198,1.47213984532585,1.53793950996129,2.00911301962738,120,FALSE
"Low","LNP_0444",66.5520911104977,-1.64890080224723,0.299343597050756,0.616898733092401,0.312095598830282,0.0710056680773177,0,109,0.652982889817028,0.0314268071287349,1.89588753863879,2.90088111845635,1.44662501225683,1.49244890669844,1.37834930353353,121,FALSE
"Low","LNP_0490",133.440097793937,-1.33629718795419,0.432293624896556,0.432980786137072,0.410577431693677,0.156441782169251,1,109,0.651651960821524,0.0344514811588084,1.56612169591545,2.90500226018498,1.34407860452491,1.45661886524854,0.572583707807013,122,TRUE
"Low","LNP_0396",73.95946290344,5.18333604093641,0.420740748662502,0.467512104139958,0.428876971356799,0.103610924503243,1,109,0.650433690469883,0.0329225905400268,2.50642680170108,3.76398752745739,1.75263578131556,2.8113483462179,2.49061137334221,123,FALSE
"Low","LNP_0404",107.630183757283,1.67125726584345,0.298847443703562,0.519297483502916,0.39611525807244,0.0845872584246436,0,109,0.648690842444366,0.0336270682669706,2.03482289147486,3.05125009831931,1.56506353215885,1.9357453845573,1.36151448087797,124,FALSE
"Low","LNP_0123",80.7720010867342,5.50815182738006,0.387444698065519,0.476860141809922,0.397488630440793,0.125651227749285,1,109,0.647356019613796,0.0330534106639157,2.5672787338905,3.79000590142447,1.7925517048933,2.89089480152819,2.65645464421931,125,FALSE
"Low","LNP_0355",112.190229515545,0.0887962197884917,0.136851780768484,0.487669471022092,0.344405090553548,0.16792543842436,0,109,0.647318701275203,0.0333940742085223,1.76072840055292,2.79078598354581,1.51022498826146,1.60284678471414,0.570930774990598,126,FALSE
"Low","LNP_0235",76.0856857057661,-6.55549807939678,0.199873880296946,0.538565951382326,0.298818077233221,0.162615971384453,1,109,0.646667889266562,0.030367000558913,2.13283832820902,3.43331029713793,1.48112450261307,1.57385249525968,3.1979443424449,127,FALSE
"Low","LNP_0257",66.8060810538009,-0.114152762107551,0.133024424221367,0.565081849911274,0.368137359295024,0.066780790793703,0,109,0.646163735647813,0.0344536211660171,1.75280035352714,2.78304132400283,1.52037183053036,1.57531595029901,0.580258592251806,128,FALSE
"Low","LNP_0371",92.1844950178638,-7.18707621097565,0.235688601993024,0.423625064672124,0.428774424142699,0.147600511185177,1,109,0.644710365523477,0.0307450983097427,2.14654704396299,3.44720944922864,1.46044594852773,1.52045013657839,3.48922595103015,129,FALSE
"Low","LNP_0253",109.304565167986,-6.81129039730877,0.327090466301888,0.570606646005887,0.361032783627409,0.0683605703667033,1,109,0.643180462322102,0.0301763350660213,2.08422648307892,3.38424660852379,1.41381611117292,1.53190614439647,3.34444252993315,130,FALSE
"Low","LNP_0279",57.4384513311088,2.70735153928399,0.224411362316459,0.558928414033196,0.367449797061879,0.0736217889049252,1,109,0.642718942404023,0.0324483005853943,2.03136453272177,3.34532156381998,1.69398549726997,2.23376257014215,1.27952511367532,131,FALSE
"Low","LNP_0251",75.7216746453196,-4.44461365230381,0.430676020123065,0.493130659970418,0.373706285799071,0.133163054230511,0,109,0.641454957496222,0.0341690703310965,1.97480350836111,2.99612003950329,1.33913813590289,1.42452679374047,2.73503641423591,132,FALSE
"Low","LNP_0176",111.801787326112,1.74556248355657,0.319199548754841,0.620558547381224,0.313916978688472,0.0655244739303036,0,109,0.639630231004922,0.0303045707540093,1.95522397368537,2.97393338469327,1.54152848468556,1.92198852620361,1.39692425606934,133,FALSE
"Low","LNP_0044",86.884545092471,-4.46289855055511,0.308505705185235,0.462926571159543,0.381640265519021,0.155433163321436,0,109,0.638802998174943,0.0333643882304537,2.00635687991535,3.01982990402258,1.40317098724916,1.46027739470468,2.75201201977727,134,FALSE
"Low","LNP_0383",87.2709394432604,3.50724762305617,0.452969211526215,0.409844140525844,0.415664576052503,0.174491283421652,0,109,0.638622039438954,0.0311785560932004,2.2369806305856,3.2092025864547,1.57865589999597,2.31415174533139,2.24836162939584,135,FALSE
"Low","LNP_0200",107.286705821753,-2.88476868532598,0.254079437162727,0.45601612637294,0.316697875346611,0.227285998280449,0,109,0.636529319106542,0.0342922982526035,1.8896356584081,2.89261692063883,1.44739957162981,1.51414702589794,1.98303492610271,136,FALSE
"Low","LNP_0050",135.782771534286,-2.29652790818363,0.497046269476414,0.5829056961992,0.339324719856376,0.0777695839444234,1,109,0.636067477425718,0.0338989209138193,1.48581696707251,2.85801080959269,1.28598516576585,1.41725281559645,1.06610964259025,137,TRUE
"Low","LNP_0329",83.8391283759847,-3.20888971909881,0.104901849664748,0.544062459195528,0.309194064410752,0.14674347639372,0,109,0.635890755856441,0.0352116663249928,1.98904852586418,3.00547240932179,1.54370679560995,1.61824559693902,2.1282432903807,138,FALSE
"Low","LNP_0239",65.2887222822756,-3.55228896252811,0.475608495529741,0.590972166269939,0.255762307438023,0.153265526292038,0,109,0.635858903609481,0.0302700997536545,1.84371183376462,2.85924279587039,1.31679741533857,1.41506208560644,2.32637545063615,139,FALSE
"Low","LNP_0365",86.3300543511286,2.35852246638387,0.193398210033774,0.487781626853553,0.355636015533893,0.156582357612553,0,109,0.635852153891064,0.0325985610545072,2.12080976228316,3.10680487864477,1.66556415655007,2.14805010163357,1.70226946365554,140,FALSE
"Low","LNP_0095",82.0373242488131,-8.2327339798212,0.395499416813254,0.52494982877831,0.379286939935796,0.0957632312858943,1,109,0.63369547950459,0.0345220990203224,2.07762443346614,3.38936981831262,1.35357005175506,1.43590976932449,4.03448707970421,141,FALSE
"Low","LNP_0337",119.737376621924,4.07625900115818,0.3860321986489,0.537508499452362,0.281523965854169,0.180967534693469,1,109,0.631668067685598,0.0335809556128592,2.173583059434,3.46058579375678,1.70739712130063,2.55718388462537,1.98419952784275,142,FALSE
"Low","LNP_0110",64.7094690939412,-2.51661224290729,0.364212920516729,0.461986430140889,0.412676152199454,0.125337417659658,0,109,0.631482529458258,0.033975163417063,1.73976568988085,2.78335428318396,1.37139891011253,1.4663314347454,1.74786964843105,143,FALSE
"Low","LNP_0063",88.3969637798145,5.38571077398956,0.222524503525347,0.530603964549899,0.357634712586137,0.111761322863964,1,109,0.630780938128972,0.0338079432599458,2.51550612345386,3.7795278187638,1.91801855404664,2.97389520036739,2.61649500866706,144,FALSE
"Low","LNP_0322",79.5895455405116,-3.77458381932229,0.235101122874767,0.493402656238745,0.388565883111519,0.118031460649735,0,109,0.630201766072074,0.0329855367202547,1.94514807498277,2.95320091908798,1.4767565157978,1.54333467873445,2.42005442007456,145,FALSE
"Low","LNP_0226",89.5220134640113,5.12406702619046,0.116152305249125,0.553237212885416,0.258270141956793,0.188492645157791,1,109,0.629491328656991,0.0321153906004565,2.4910123265093,3.73229389621189,1.93459404822652,2.95127181123235,2.47638368647066,146,FALSE
"Low","LNP_0247",89.8939824663103,5.90844040736556,0.328285277355462,0.582921515411359,0.352219026252407,0.0648594583362341,1,109,0.629473047180188,0.0356278690408543,2.55769855816287,3.79542750128088,1.8896180863266,3.04424343427089,2.85063169963398,147,FALSE
"Low","LNP_0211",98.204260552302,2.61547197122127,0.266618938092142,0.443404635241157,0.348146697846554,0.20844866691229,0,109,0.62918173300794,0.034256508449101,2.09565982703208,3.08562395571399,1.65420450048619,2.20513083346822,1.80507635691737,148,FALSE
"Low","LNP_0323",64.7048324579373,2.11173682939261,0.466514343209565,0.440661798127747,0.37611804923628,0.183220152635972,0,109,0.628926761023569,0.0334274735611829,1.86827302063006,2.8891615947213,1.46552623767119,1.95448360880292,1.56320048135332,149,FALSE
"Low","LNP_0236",89.7151953307912,-3.68374421726912,0.117246912326664,0.519105619516955,0.35612072567371,0.124773654809336,0,109,0.628880817485267,0.0338661743933109,1.96579324905279,2.97459165628486,1.53378611471818,1.57008314310085,2.37182486413154,150,FALSE
"Low","LNP_0194",111.999331018887,-7.19792900141329,0.406466611474752,0.497815466110091,0.381709763201996,0.120474770687914,1,109,0.628782986166374,0.0316347578028585,1.95209526233225,3.26929150551988,1.36547133545131,1.44434999451217,3.51491541416165,151,FALSE
"Low","LNP_0033",119.070527842268,-1.05926010292023,0.279028056468815,0.526103895980711,0.336834552725656,0.137061551293632,0,109,0.628475567586238,0.033777330402889,1.61643393443957,2.67300613291195,1.42739306983446,1.4703880567815,1.0416356603979,152,FALSE
"Low","LNP_0499",118.632494681515,4.19159709475935,0.358414888102561,0.476205595470471,0.401908567452223,0.121885837077307,1,109,0.627107228904813,0.0333405467726243,2.14946545142898,3.44439796237159,1.70547637710258,2.58088348174297,2.02768482885507,153,FALSE
"Low","LNP_0177",87.2238060226664,6.13388859201223,0.388020183146,0.529130848651279,0.346890109531985,0.123979041816737,1,109,0.625876508852968,0.0330464595044038,2.53566852137294,3.80415042337222,1.85389244188208,3.08206303573837,2.99181537583972,154,FALSE
"Low","LNP_0090",67.5052650272846,1.65479473304003,0.292050574626774,0.509572563725722,0.364921802242281,0.125505634031997,0,109,0.625460562160024,0.0377291176025671,1.86070691049953,2.88256138319618,1.56854728824744,1.95648816996027,1.33812445198792,155,FALSE
"Low","LNP_0276",123.518430581316,-4.98442932032049,0.321825271844864,0.427752623829865,0.406953778877659,0.165293597292476,1,109,0.62351124629263,0.0316366320656122,1.72689531266871,3.0575049691631,1.39742673742059,1.45576055274634,2.41548568459712,156,FALSE
"Low","LNP_0289",55.462910910137,-4.33734605554491,0.238450817577541,0.490026566122159,0.351761705118817,0.158211728759025,1,109,0.6228343239365,0.0343651805242844,1.70746732830886,3.05524446886457,1.45678876155658,1.50718562126831,2.1106437538117,157,FALSE
"Low","LNP_0216",120.085308747366,-2.31086768675596,0.425467345770448,0.562148730635013,0.2594447385601,0.178406530804887,0,109,0.622352287596993,0.0338580669176654,1.6442374041713,2.69830389356676,1.36524234836723,1.43881144142216,1.67698218474097,158,FALSE
"Low","LNP_0231",111.835122737102,-1.66170900687575,0.101855260320008,0.5333098097568,0.364413687650513,0.102276502592688,0,109,0.621294420083203,0.0314123443107578,1.72602210018149,2.75756384029626,1.54226042169264,1.59734585924114,1.35653206493648,159,FALSE
"Low","LNP_0325",60.3806688217446,4.86409830395132,0.490146005246788,0.540164965245126,0.38391429269259,0.0759207420622838,1,109,0.620986868804336,0.0362993007195315,2.16783096087881,3.43522519157541,1.67307789003194,2.64876670351254,2.34334261274237,160,FALSE
"Low","LNP_0003",90.89769218117,-4.25799738615751,0.164073925372213,0.513411001439341,0.309582303117868,0.17700669544279,0,109,0.619788651986367,0.0328723982330599,1.94057445313274,2.94021434912502,1.50757681720785,1.57981966023471,2.66147701563932,161,FALSE
"Low","LNP_0146",73.1161782052368,2.51487274188548,0.262250106688589,0.570819618744869,0.263329327633115,0.165851053622016,0,109,0.619074422888184,0.0358322843210444,2.00028887673198,3.01030302886631,1.64527999387962,2.19177364588998,1.78082951792248,162,FALSE
"Low","LNP_0052",94.2200074205175,-5.90122594032437,0.430686196126044,0.520627549686695,0.376806109422513,0.102566340890792,0,109,0.617855308806045,0.027392130889861,1.92514008132743,2.92741762191546,1.32438731534634,1.42503830093123,3.44550429477262,163,FALSE
"Low","LNP_0474",125.588725972921,-4.61183105129749,0.258372636139393,0.53075796171385,0.40186559458671,0.06737644369944,1,109,0.6155337403554,0.0343064691991741,1.6588495727858,3.01089895920853,1.42950730646562,1.51299210647609,2.23109747029345,164,FALSE
"Low","LNP_0149",74.5723678031936,-3.98964777588844,0.231295465677977,0.465961151375302,0.391401758424996,0.142637090199703,0,109,0.614897753166457,0.031606637018561,1.80883354067217,2.84305155886413,1.44379781344986,1.50366083964669,2.50750858104713,165,FALSE
"Low","LNP_0402",63.7067471398041,0.85196740925312,0.192261440306902,0.452679079694904,0.402329102649584,0.144991817655512,0,109,0.613771802932494,0.0321120979103093,1.63957655885033,2.69283014534675,1.55630016387673,1.77375378205079,0.951960244485874,166,FALSE
"Low","LNP_0473",92.7428280701861,6.39689335599542,0.393215997330844,0.527944754910154,0.368251442807204,0.103803802282642,1,109,0.613055352454333,0.032571675536317,2.48234030505579,3.75931425520291,1.86718462541159,3.13605091261753,3.12744379945806,167,FALSE
"Low","LNP_0292",60.0721582304686,0.850632274523377,0.310509027726948,0.394722221137719,0.473398704078913,0.131879074783368,0,109,0.612055803720634,0.0334130403265335,1.55642759762949,2.60064131351923,1.46247882376802,1.68498079951854,0.970388290756878,168,FALSE
"Low","LNP_0299",59.9041829351336,-2.77067558839917,0.435562399309129,0.516768650223493,0.387085985139683,0.0961453646368242,0,109,0.611560920850275,0.0305768783151249,1.59987354683849,2.65838950127324,1.35544141953868,1.43836629153963,1.91689738474396,169,FALSE
"Low","LNP_0214",117.437638808042,4.58721862640232,0.30315026845783,0.603630409775893,0.288552105875379,0.107817484348728,1,109,0.611420504859015,0.032130842705683,2.15941241008814,3.45079331918115,1.79499784710427,2.73312996521851,2.23219060159487,170,FALSE
"Low","LNP_0097",128.229430131614,0.167412594892085,0.496982123423368,0.468883084273227,0.416302698395389,0.114814217331384,0,109,0.611389377617898,0.0326656886712222,1.3202013940261,2.41212674479069,1.30990203067397,1.44390332630532,0.598824122972196,171,TRUE
"Low","LNP_0273",57.2057123994455,3.5178000247106,0.281482556648552,0.485600254073133,0.368836179184451,0.145563566742416,1,109,0.611381374816608,0.0321103858317607,1.93545632792405,3.23987039678036,1.71209500296062,2.45092195718849,1.67884525337951,172,FALSE
"Low","LNP_0169",91.274611861445,2.94114700052887,0.159764998219907,0.468484509790862,0.409996032057004,0.121519458152134,0,109,0.610907722022722,0.0331169520805725,2.05113542811326,3.05315491412238,1.72591017416494,2.31262834296528,1.96195730214873,173,FALSE
"Low","LNP_0313",121.327900071628,-2.73476866539568,0.43847830304876,0.532550370470338,0.314375241203624,0.153074388326038,0,109,0.610650825382563,0.0329911519172503,1.56875134293048,2.62670858993957,1.33381796657206,1.42480129601484,1.87067786903515,174,FALSE
"Low","LNP_0175",116.828464972787,-1.59130197949708,0.186664855573326,0.457978931265151,0.47227188358147,0.0697491851533791,0,109,0.60848879752,0.0317895208099527,1.57577466971758,2.6172585539133,1.4879084420974,1.55342169307663,1.3122050714732,175,FALSE
"Low","LNP_0287",56.4928299980238,-5.93165796715766,0.394223361462355,0.52156188037499,0.315388153447253,0.163049966177757,1,109,0.607836588807463,0.0347936447302398,1.68726048177489,3.03427836412188,1.3825737060301,1.47288602410567,2.89334034082074,176,FALSE
"Low","LNP_0026",120.853046816774,3.58026831410825,0.227425237558782,0.416826286382332,0.353930556983544,0.229243156634124,1,109,0.607692322834863,0.0335067978784851,1.95661279188423,3.25555215112569,1.77461512477122,2.49446271069915,1.68019142393434,177,FALSE
"Low","LNP_0256",128.529167128727,-0.203258967958391,0.446386833209544,0.534710248666578,0.334627889566723,0.130661861766699,0,109,0.605775968763733,0.0339841737456288,1.28184705530376,2.38019803160839,1.32821396024608,1.39959183587548,0.632647359163813,178,TRUE
"Low","LNP_0266",107.651902129874,-7.1169536979869,0.126224283408374,0.620402539709337,0.263498981637073,0.11609847865359,1,109,0.604979999622337,0.031450758332046,1.89515498950362,3.18647306598791,1.51684086894913,1.60250453878367,3.44858951033066,179,FALSE
"Low","LNP_0460",62.4742088606581,-1.48189731873572,0.147535428311676,0.491572409407605,0.43001771642779,0.0784098741646055,0,109,0.604882459527551,0.0344298897584749,1.54972071364839,2.59815683697494,1.50577611155464,1.56135253728758,1.26314944432939,180,FALSE
"Low","LNP_0367",69.3378679919988,-6.85409426689148,0.163768534734845,0.49517163582014,0.343134401933652,0.161693962246208,1,109,0.604788938562844,0.0342232652081802,1.83703546196054,3.15741860649429,1.49310139932212,1.54678808984935,3.33889504544557,181,FALSE
"Low","LNP_0012",95.3334156190977,-8.34937636740506,0.236373748071492,0.599301808940134,0.308697270639845,0.0920009204200208,1,109,0.604610216396772,0.0322571989177362,1.93731699143485,3.25648590894898,1.44743741395457,1.50139318299283,4.09273149012388,182,FALSE
"Low","LNP_0073",121.018240135163,1.74922734033316,0.451216709893197,0.532364673457277,0.361220738488052,0.106414588054672,0,109,0.604534634391953,0.0338005091869114,1.64190360271179,2.67359686636861,1.48358753740195,1.89496867653602,1.37406921526467,183,FALSE
"Low","LNP_0023",114.05068137683,-3.75774416141212,0.334226230531931,0.463912919142519,0.39141528807135,0.144671792786131,0,109,0.604445686769705,0.0330870947835617,1.66546757978884,2.71945321202392,1.4001411327659,1.48093444652387,2.35857210429229,184,FALSE
"Low","LNP_0448",64.7084108553827,-3.16371111664921,0.276992773357779,0.554915681635508,0.281882531881815,0.163201786482678,0,109,0.603731134735334,0.0329584283076478,1.65652353803358,2.6940425877675,1.45528036753914,1.51567552400652,2.0915772365414,185,FALSE
"Low","LNP_0487",62.7705687889829,-7.24283268675208,0.398715164978057,0.480046473152281,0.310200189014604,0.209753337833115,1,109,0.599889126829011,0.0332417370773926,1.71967305225524,3.05205109686739,1.35058790135829,1.42798756605749,3.5307608283534,186,FALSE
"Low","LNP_0381",108.490009349771,-7.85410690121353,0.285429505538195,0.556151705911051,0.320824343912402,0.123023950176547,1,109,0.599687646068043,0.0320380442114045,1.83715861126356,3.16549782958879,1.4226665921491,1.48641108648982,3.86429875078702,187,FALSE
"Low","LNP_0259",97.1576277632266,-9.26591280382127,0.492617262993008,0.522818880203981,0.296199675659519,0.180981444136501,1,109,0.599327217518532,0.0303580258839828,1.8773089965075,3.18978761659897,1.31229016082264,1.38742521955458,4.5505238443406,188,FALSE
"Low","LNP_0233",104.208036721684,2.94694031123072,0.230081257224083,0.403048346151259,0.387896714524762,0.209054939323979,0,109,0.599029402887163,0.0314059080974394,1.92968220046908,2.95471477882737,1.67823164329112,2.2990788784829,1.99610276455435,189,FALSE
"Low","LNP_0405",89.5448859082535,3.36647287011147,0.197650035470724,0.457822096259145,0.383191791946701,0.158986111794154,0,109,0.59812050415203,0.0347936854599165,2.02666298624127,3.04675805722502,1.7386848788935,2.42677026706224,2.19005014795006,190,FALSE
"Low","LNP_0317",133.570883702487,-4.09981457516551,0.411627547442913,0.604427990131998,0.32769997485627,0.0678720350117318,1,109,0.597334876476149,0.0319829240599212,1.39571410761296,2.76355602749961,1.34540552654712,1.4243597419496,1.95838853691128,191,FALSE
"Low","LNP_0342",61.9404779979959,4.72668058238924,0.282607272826135,0.545361790237602,0.326084564455401,0.128553645306998,1,109,0.59719753525716,0.0344846445622844,2.05961588285655,3.3545758856532,1.798261693964,2.72288184946838,2.28229459814075,192,FALSE
"Low","LNP_0101",109.998895926401,-5.25540605187416,0.420367139484733,0.525687293721337,0.387687653039205,0.0866250532394586,0,109,0.593378864750968,0.0285886478311602,1.69319847056324,2.74919906381368,1.34788836818011,1.46054857176287,3.15723994244069,193,FALSE
"Low","LNP_0197",90.6832593260333,-6.69948215596378,0.452493825927377,0.557192212896456,0.367679776221442,0.0751280108821017,0,109,0.592898518950685,0.0335955003532387,1.80446136346283,2.8387546504787,1.32051272722989,1.4070000830687,3.90199804937152,194,FALSE
"Low","LNP_0105",98.29023971688,-6.52032366488129,0.446661483310163,0.547673005718966,0.383906036644119,0.0684209576369152,0,109,0.591376247557092,0.0338343589441307,1.78342795248679,2.83497940700068,1.33191927090869,1.46007794062878,3.77219245060586,195,FALSE
"Low","LNP_0359",82.3344993172213,-8.49709646776319,0.197623691242188,0.562326628355759,0.319611970174203,0.118061401470038,1,109,0.589895364362441,0.0323060560221278,1.83858608531593,3.16513723247014,1.44542223336035,1.52381958964231,4.14812087763293,196,FALSE
"Low","LNP_0129",64.1906907781959,-2.75196575094014,0.147108144219965,0.536162306227207,0.359842365737148,0.103995328035645,0,109,0.589735018785964,0.0339668160023306,1.55710951491982,2.59305222906228,1.49978936510835,1.5630908035481,1.91884103834558,197,FALSE
"Low","LNP_0484",118.774268566631,2.54221401177347,0.425540209654719,0.513963447226088,0.385380176701522,0.100656376072389,0,109,0.589359448172663,0.0293664748648552,1.68752463172686,2.74084828916618,1.55042990026535,2.12049602717715,1.76687114242893,198,FALSE
"Low","LNP_0252",72.1787934657186,-5.01186829525977,0.304288430139422,0.519044247546957,0.417717672691086,0.0632380797619571,0,109,0.589067824895341,0.0317735047582732,1.71031781794565,2.73821974364344,1.4391238553387,1.51559226582339,3.01847761961055,199,FALSE
"Low","LNP_0019",82.7920719282702,-8.74700003303587,0.28737284746021,0.505925655899647,0.350349488378529,0.143724855721824,1,109,0.588567989328318,0.030119895582186,1.84241130630913,3.15964113320168,1.41603733394442,1.52863826614116,4.29385040966917,200,FALSE
"Low","LNP_0165",85.5445380788296,-5.29462283942848,0.14747612895444,0.534324871190036,0.360188127952171,0.105487000857793,0,109,0.587382445296222,0.0334315355790174,1.76416778150918,2.80442420512688,1.49394727822843,1.57593204484814,3.14677269245662,201,FALSE
"Low","LNP_0488",117.822385742329,-6.93490243982524,0.267725408636034,0.495232733624474,0.40150322913417,0.103264037241355,1,109,0.586044457562916,0.0339177444941924,1.64840132674693,3.00939182342996,1.43409572894624,1.51132779765737,3.38395842184311,202,FALSE
"Low","LNP_0170",76.5686686849222,-6.52964507695287,0.488972803670913,0.50917606551482,0.407420053077333,0.0834038814078471,0,109,0.584008354809618,0.036060318551537,1.714132459724,2.75982614371102,1.30580985785642,1.44561827582342,3.7896837109418,203,FALSE
"Low","LNP_0098",59.359498671256,-3.25010005384684,0.349821194913238,0.441204599166456,0.372523691057557,0.186271709775987,0,109,0.583167153362758,0.0335886334305917,1.44032127448449,2.5057610382037,1.37859974105844,1.46240222490971,2.11989226857871,204,FALSE
"Low","LNP_0310",99.2293328745291,3.35280462633818,0.13984877448529,0.486085338876006,0.319361811317032,0.194552849806963,0,109,0.582048854543449,0.0345260534849469,1.93689545563626,2.9370847908313,1.76781403795827,2.44703075460281,2.2087262165416,205,FALSE
"Low","LNP_0179",137.468234286644,-0.811506565660238,0.137600557040423,0.585137348344757,0.299348882033279,0.115513769621964,1,109,0.581192094454013,0.0335791346282947,1.10459610590539,2.50898074942456,1.52440081790416,1.58284683429579,0.324944740796196,206,FALSE
"Low","LNP_0300",129.883161117323,-4.81510317884386,0.327619536966085,0.441042232775233,0.389223669287049,0.169734097937717,1,109,0.580810120606136,0.0331836620657028,1.38302033818128,2.76483083870128,1.39567842985405,1.49536042540373,2.33583722266529,207,FALSE
"Low","LNP_0103",98.8613033667207,-5.48363153357059,0.186819189880043,0.484086029117746,0.391819113913739,0.124094856968515,0,109,0.57905441251789,0.0357883942124832,1.69644660217571,2.73874127566808,1.46697137020174,1.5412882307143,3.25495652746189,208,FALSE
"Low","LNP_0495",58.6940167937428,1.30930761341006,0.225865044258535,0.395562267233499,0.416400247233389,0.188037485533112,0,109,0.573072512311412,0.0321080665521281,1.39245761997269,2.45990789171419,1.56550508349005,1.85393334557139,1.16474931698743,209,FALSE
"Low","LNP_0163",114.998515881598,-7.653375454247,0.283696326892823,0.438602619451913,0.393852895946518,0.167544484601569,1,109,0.572129242055508,0.0335844735217127,1.6061629649189,2.96031197193481,1.42068057537804,1.51395958000668,3.75168622633367,210,FALSE
"Low","LNP_0475",116.238550655544,-4.34299170970917,0.284595137927681,0.552491199830619,0.320999510955145,0.126509289214236,0,109,0.571369345437306,0.0316276445112707,1.50521845039802,2.54861390162197,1.43848760496878,1.50270533096872,2.67531967552818,211,FALSE
"Low","LNP_0059",139.50453591533,0.196857987903059,0.215306481905282,0.460776373735029,0.414854539164513,0.124369087100457,1,109,0.57130933963244,0.0361983311175733,0.96787151797189,2.37296832778718,1.4997155827332,1.5765105128774,0.0752260929301576,212,FALSE
"Low","LNP_0452",84.9801792763174,-6.88251698855311,0.39433505050838,0.53983006800923,0.317440389182034,0.142729542808736,0,109,0.570406214210289,0.0317644883922376,1.69674073509097,2.72776688019141,1.37692620509631,1.472512290193,3.967395555355,213,FALSE
"Low","LNP_0263",117.418684251606,1.50871339719743,0.112702928297222,0.44312162979429,0.387595706348563,0.169282663857147,0,109,0.569835620493242,0.0357177194569425,1.48295040134859,2.53169069888136,1.66490465989455,1.97543917750534,1.28124419101675,214,FALSE
"Low","LNP_0074",50.0624773325399,-1.53072698041797,0.420190549548715,0.495180959303029,0.371732865951869,0.133086174745102,0,109,0.568126826712263,0.0332662732776827,1.12204995898088,2.22822941897101,1.32879511936956,1.41803235295425,1.29325838526658,215,FALSE
"Low","LNP_0060",87.4462775886059,-9.67679038178176,0.386312383413315,0.560056841829426,0.360392542751438,0.0795506154191367,1,109,0.566826901950038,0.0329094259568924,1.72518144250939,3.05806586864863,1.36665067825631,1.48885358877854,4.7826656251024,216,FALSE
"Low","LNP_0298",60.3599644964561,-4.38869650475681,0.393379421997815,0.507015918713555,0.365677718016265,0.12730636327018,0,109,0.56610453265922,0.0345137809213733,1.41321983443977,2.49315121601824,1.37789773175617,1.45582015092149,2.70636696098458,217,FALSE
"Low","LNP_0115",122.059627342969,1.67877691332251,0.219649110268801,0.551025709618178,0.327519366553389,0.121454923828434,0,109,0.56587546149915,0.0329784708615644,1.41887714509166,2.50727829140461,1.59988422730491,1.96945042681209,1.37496860080074,218,FALSE
"Low","LNP_0178",102.983568585478,-5.96009582281113,0.258898402098566,0.460076118534873,0.378735689552947,0.16118819191218,0,109,0.564982258741348,0.0315347338020582,1.59527619747794,2.65459435834437,1.43197527139824,1.48827129106379,3.49160858222009,219,FALSE
"Low","LNP_0409",83.9312580181286,6.40949024353176,0.134468876942992,0.508145797260696,0.395910904311589,0.0959432984277152,1,109,0.563649659406492,0.030793452094968,2.23710529586549,3.53218659940674,2.03752463748584,3.28143958903911,3.11818118184042,220,FALSE
"Low","LNP_0164",87.4713956611231,4.25373109988868,0.196600900031626,0.521985872583448,0.399551827082992,0.0784623003335604,0,109,0.563045557070712,0.0349143291642903,1.96298162180708,2.98246152992049,1.83268264226184,2.68554795953741,2.63720517712102,221,FALSE
"Low","LNP_0057",62.7531650243327,3.31470285076648,0.363679170329124,0.509604205644401,0.374436498754448,0.115959295601151,0,109,0.562318843697522,0.0330629402306502,1.64048376773098,2.6928469032409,1.61346990089049,2.31640906898568,2.15643926807452,222,FALSE
"Low","LNP_0064",77.438364457339,-5.97838767804205,0.247962910681963,0.432196958046118,0.44505412611856,0.122748915835322,0,109,0.561977244709367,0.0316810048214127,1.59456806772458,2.65224462516532,1.45483207304393,1.51387285428711,3.50176311557599,223,FALSE
"Low","LNP_0438",98.7032569944859,7.46302735060453,0.444666981697083,0.528193881168458,0.368890294205771,0.102915824625771,1,109,0.560925575616118,0.0322347732812353,2.27827545975566,3.55495484314747,1.91734054257601,3.40075109376166,3.64193374305156,224,FALSE
"Low","LNP_0309",95.2458394225687,4.97585762292147,0.373843478504568,0.496875980268848,0.381371272840623,0.121752746890528,0,109,0.55942895838933,0.0321203613492135,1.98490648568028,3.00113527598889,1.76422784350323,2.75979652289204,3.01543699312535,225,FALSE
"Low","LNP_0407",120.650190114975,5.25501178577542,0.318921071011573,0.508315737949552,0.301515003255996,0.190169258794452,1,109,0.558333783420687,0.0313818854631168,1.8730160921809,3.16460143816007,1.8296873897594,2.86665126588736,2.56395965856657,226,FALSE
"Low","LNP_0385",103.76771830488,4.90683684591204,0.453316476661712,0.402516539116349,0.497943132326687,0.0995403285569632,0,109,0.557546756902616,0.0330912559251602,1.90039040222522,2.93621443578218,1.69396687678868,2.68928208864385,2.98239463160583,227,FALSE
"Low","LNP_0136",115.983844967559,-5.60033644549549,0.400977685395628,0.572908308036145,0.362362631821846,0.0647290601420089,0,109,0.557284913682275,0.0330760252789594,1.44758017324585,2.50754347936532,1.35164993380211,1.43126055424833,3.3359076212932,228,FALSE
"Low","LNP_0450",117.333248141222,-3.91895061824471,0.208097240142524,0.460090295400765,0.406390611478725,0.133519093120511,0,109,0.557213213878753,0.0346609903895828,1.39246145305906,2.4768060082014,1.49229792247045,1.55978768570983,2.46551457665295,229,FALSE
"Low","LNP_0188",106.459043477662,-6.58603489398956,0.415388771612197,0.458184175459626,0.366475472889523,0.17534035165085,0,109,0.55715152571425,0.0339704537253845,1.53685956787508,2.56558888451219,1.33051544532032,1.42548145436114,3.84786579829548,230,FALSE
"Low","LNP_0036",97.7795971091837,4.78063371032476,0.319197713304311,0.472191519768515,0.454789225994785,0.0730192542366995,0,109,0.556769420437199,0.032730410023262,1.92799714551974,2.96401432744932,1.76298801958221,2.72942823071517,2.89306320807849,231,FALSE
"Low","LNP_0006",54.5556499389932,-6.43972370773554,0.291154725011438,0.498119430753619,0.380106809545963,0.121773759700418,1,109,0.55590964467228,0.0351020484008942,1.36410669256352,2.74335944504871,1.4367951870523,1.48700052020357,3.12954822958304,232,FALSE
"Low","LNP_0470",131.039806618355,-0.432611065916717,0.285184600111097,0.585288750464472,0.308553245349096,0.106158004186431,0,109,0.555261806047037,0.0353122694896137,0.98562253199263,2.09071512845708,1.40420587291955,1.49894217164195,0.732125132295246,233,FALSE
"Low","LNP_0348",88.8319115154445,-9.81640108395368,0.360075634624809,0.497776846864783,0.393489898061815,0.108733255073401,1,109,0.553584647856774,0.0344335304283509,1.63370501916629,2.96870378002929,1.38066035968085,1.46343516982151,4.8216902515372,234,FALSE
"Low","LNP_0051",54.5831166673452,-3.44805201981217,0.38354215528816,0.539014018914729,0.334879829793473,0.126106151291798,0,109,0.553301151659758,0.032732273389253,1.22399787514692,2.29616957274781,1.35740227139489,1.46143981834578,2.24809309905064,235,FALSE
"Low","LNP_0432",106.364468345419,-5.9180823341012,0.220141668710858,0.535225099038501,0.382391722134795,0.082383178826704,0,109,0.553080673705369,0.031156235184617,1.52327407918105,2.5695628406593,1.44854139570195,1.52068351134398,3.47085969058967,236,FALSE
"Low","LNP_0166",103.368794545531,-8.50086497608572,0.128987659886479,0.427782895564234,0.427105668749955,0.145111435685811,1,109,0.550545084601518,0.0360158898559133,1.5713840271648,2.92686918955223,1.50076723786042,1.52972575710617,4.1750369031276,237,FALSE
"Low","LNP_0116",64.2294295597821,5.63646130263805,0.197723299823701,0.496300128746222,0.32542639776826,0.178273473485518,1,109,0.549801999526179,0.0339897638886917,1.92612018701957,3.24093117602566,1.92197904516405,3.03869871380917,2.71928517974238,238,FALSE
"Low","LNP_0392",79.6302175382152,5.13300265651196,0.37127909110859,0.573319905555194,0.241740760134873,0.184939334309933,0,109,0.548930926868342,0.0339982772532519,1.93559267071009,2.95563670109718,1.7797813089984,2.80354787350527,3.076494815126,239,FALSE
"Low","LNP_0443",123.170765885152,-2.21659353934228,0.116786727588624,0.505878536781589,0.402702763450364,0.0914186997680462,0,109,0.548834681369483,0.0351040842539606,1.21157000807362,2.30352470739319,1.53724725363145,1.59976480379404,1.64478623310884,240,FALSE
"Low","LNP_0394",128.568783425726,0.930455885827541,0.250923976767808,0.559789602034662,0.360942677076077,0.0792677208892611,0,109,0.547425379212687,0.0314364453914493,1.11419344671928,2.19895226400085,1.52925825455222,1.74975205371086,0.987199195358591,241,FALSE
"Low","LNP_0209",67.0645235106349,-6.2825396982953,0.414139447361231,0.527463264583636,0.320235171620402,0.152301563795962,0,109,0.547087519545779,0.0318512702541751,1.4205934408932,2.48355381522471,1.34139381543216,1.43255040754584,3.64246974838614,242,FALSE
"Low","LNP_0433",82.9547413391992,5.41245922911912,0.419189052470028,0.489536002420157,0.345850923414687,0.164613074165156,0,109,0.545379996159264,0.0362258067836412,1.9500236624075,2.97360738710382,1.7751093949503,2.86968440173806,3.23244749745406,243,FALSE
"Low","LNP_0083",91.7646779678762,7.08199955057353,0.227856847736985,0.401150983881274,0.40159674687564,0.197252269243086,1,109,0.542338966562217,0.0329256806116409,2.15753215744649,3.43507392791165,2.01367919064329,3.38982074886998,3.45990670302868,244,FALSE
"Low","LNP_0243",67.1698493883014,-9.01271405629814,0.349962214753032,0.597858618297185,0.323903811553434,0.0782375701493813,1,109,0.540569273171187,0.0306114562019434,1.46638894099493,2.82831613592033,1.38656465654166,1.4836938999175,4.44604706255931,245,FALSE
"Low","LNP_0147",73.9099955651909,4.91272434592247,0.350267326179892,0.519157798473837,0.29082720393817,0.190014997587993,0,109,0.537348843243997,0.0337900296139945,1.80754948431739,2.84354209237797,1.7732428685663,2.75205385232235,2.97191605090411,246,FALSE
"Low","LNP_0301",128.457526653074,-0.586363328620791,0.110512335319072,0.482953347786628,0.429096373637517,0.0879502785758547,0,109,0.537256852772731,0.0316902567814667,0.930798021405743,2.05567751040651,1.50751712624038,1.54967378113515,0.81115752527211,247,FALSE
"Low","LNP_0461",147.472580848262,0.163161694072187,0.483580158650875,0.556838496287352,0.269763949532615,0.173397554180033,1,109,0.537184044393022,0.0328688955219702,0.562173895373636,2.00587367916948,1.31574955338597,1.46095680576389,0.069882996139645,248,TRUE
"Low","LNP_0237",69.7744736680761,6.08512558508664,0.144271515030414,0.418466082522329,0.431990460770353,0.149543456707319,1,109,0.536457643564124,0.0351827806142491,1.96088794794832,3.2752594216462,2.01493634117631,3.19488614552771,2.95166888642622,249,FALSE
"Low","LNP_0447",126.039953622967,-1.89167009666562,0.12523749647662,0.478247856173742,0.376750714244505,0.145001429581752,0,109,0.536310050310856,0.0334831479254579,1.06609663007395,2.16026067719605,1.52148615774381,1.5716775322501,1.45912804147537,250,FALSE
"Low","LNP_0315",85.4783097514883,5.50594459287822,0.381951140239835,0.45683983315216,0.361386051832971,0.181774115014869,0,109,0.535084392601604,0.0344668658042713,1.90944400308351,2.94246644439997,1.81289243991509,2.89575478941551,3.29550011982744,251,FALSE
"Low","LNP_0217",85.1888638455421,-9.86332982312888,0.252871664054692,0.581841592757703,0.319317350202144,0.0988410570401534,1,109,0.534914189564798,0.0324724940719981,1.53965236606698,2.89656112488423,1.44314928759647,1.49600684652771,4.87166833751891,252,FALSE
"Low","LNP_0086",93.4892741497606,-6.97323657106608,0.208756082039326,0.496918669074808,0.37099141638391,0.132089914541282,0,109,0.532682855081036,0.033175247765696,1.49201080908646,2.57040069590401,1.48804492537315,1.5880219098577,3.97520107908506,253,FALSE
"Low","LNP_0275",127.033407427371,-7.43871160782874,0.449092418514192,0.426499883986067,0.439166252239331,0.134333863774602,1,109,0.532422970442782,0.0338587795314155,1.17677295431763,2.57502231917647,1.30724163446225,1.39577872060636,3.63654065257157,254,FALSE
"Low","LNP_0061",116.511519462802,-9.04580030124635,0.391013453248888,0.596791156971766,0.297450803968802,0.105758039059432,1,109,0.531639759738215,0.0317282289419272,1.37951803752664,2.76762181696961,1.37863614383513,1.4720862098718,4.42445843322971,255,FALSE
"Low","LNP_0223",122.839442826807,4.85078264493495,0.144675202574581,0.471760932099735,0.401349141120631,0.126889926779634,1,109,0.531585754085128,0.0357157418196696,1.64998153449764,2.97947889379477,1.89341559372235,2.84231782773513,2.34363361628345,256,FALSE
"Low","LNP_0321",135.376337380148,3.77442240249366,0.422443790454417,0.536199058637525,0.348374807913667,0.115426133448807,1,109,0.530237504307413,0.0345588658031325,1.29171293861146,2.68363005374992,1.66727093816115,2.44515727344609,1.80284130947278,257,FALSE
"Low","LNP_0067",131.00643530488,-2.09492477122694,0.320369091629982,0.509160024541382,0.421751345242357,0.0690886302162614,0,109,0.530149153494968,0.0338229231445741,0.924682080177195,2.04961024912501,1.38608366852727,1.45897141850588,1.57291170969383,258,FALSE
"Low","LNP_0469",78.2852399628609,5.24056664668024,0.291059448756278,0.583361491699116,0.333655336077519,0.0829831722233649,0,109,0.52783697400838,0.0313674672441195,1.83121700268092,2.84162468357415,1.82947177431386,2.85097962035617,3.1375104660017,259,FALSE
"Low","LNP_0426",112.625694740564,3.68972945958376,0.139738531969488,0.51841368706957,0.407146265126652,0.0744400478037776,0,109,0.527746125086256,0.0313312481779478,1.5751287036332,2.62349484475664,1.79809463653965,2.51116908072554,2.36802991895248,260,FALSE
"Low","LNP_0302",50.9429905097932,-2.68309053499252,0.294450891297311,0.499571771505366,0.381573757667517,0.118854470827117,0,109,0.527501221400383,0.0317886323590407,0.990704218595594,2.11027512223866,1.42237550329962,1.483051702599,1.88389341388327,261,FALSE
"Low","LNP_0363",139.673868264072,2.9488428728655,0.434791164379567,0.510948986733361,0.408823811683239,0.0802272015834003,1,109,0.526972942251866,0.0329068333867752,1.0616262614726,2.45443760880878,1.54500700808669,2.20398247826073,1.39730548398492,262,FALSE
"Low","LNP_0084",128.819583402947,-2.64208104461432,0.265422025695443,0.522911409115419,0.377709430978476,0.0993791599061049,0,109,0.526613761319778,0.0343686090229922,0.99206289576613,2.11015383978043,1.43508994008375,1.50739009811133,1.85253284160502,263,FALSE
"Low","LNP_0112",80.1228899974376,-8.06732513941824,0.430532631464303,0.567023421442821,0.326005156387714,0.106971422169465,0,109,0.525103893587791,0.0355018322715838,1.41573127766758,2.48530523599002,1.33802723394545,1.41739256784013,4.55767112489767,264,FALSE
"Low","LNP_0042",91.4546335814521,-8.16710610408336,0.387834913097322,0.602822754005459,0.316125916766126,0.0810513292284159,0,109,0.525058180182311,0.0354135977482435,1.45446575722884,2.51576317291473,1.36028984681688,1.47124383293206,4.61375401082276,265,FALSE
"Low","LNP_0028",109.414202044718,-9.48946603108197,0.282195583172142,0.515606145134976,0.414490143206799,0.0699037116582253,1,109,0.522007568183038,0.0350032051777066,1.3707774232018,2.74672659850237,1.40493157557303,1.46600562110162,4.67616194608893,266,FALSE
"Low","LNP_0294",138.044056878425,-0.211443919688463,0.439243072178215,0.551749202372762,0.329997195975107,0.118253601652131,0,109,0.521776922463401,0.0322687596559363,0.628587896009385,1.77611339670652,1.32861033011436,1.40173121589315,0.604756443843823,267,TRUE
"Low","LNP_0048",96.5962450252846,7.08729492966086,0.105243286397308,0.485606644526598,0.308478752080757,0.205914603392645,1,109,0.521338641019078,0.033664786041969,2.05185615886706,3.35579571385367,2.0928457455347,3.45626451210518,3.45187459847702,268,FALSE
"Low","LNP_0135",102.113572577946,-7.91842727921903,0.388523706514388,0.56411198777368,0.380019649692243,0.0558683625340766,0,109,0.519887502781668,0.0334774841146404,1.37467279961241,2.43227221171931,1.35006443065964,1.43424417638097,4.46799422640189,269,FALSE
"Low","LNP_0148",57.6691165333614,-8.29243085347116,0.351361921522766,0.577163088606467,0.332391644814403,0.0904452665791299,1,109,0.518868229579382,0.0346721876857912,1.22321056773071,2.6055610876918,1.38259138194145,1.47026008801423,4.07961968942392,270,FALSE
"Low","LNP_0037",125.845953752287,-3.02561012562364,0.159697685483843,0.471513046317991,0.396059978227667,0.132426975454342,0,109,0.517962071013504,0.0347447338306929,1.00518336624379,2.11193268231802,1.49408082323267,1.55221572223484,2.01300357569199,271,FALSE
"Low","LNP_0150",123.213520552963,2.29124314617366,0.155563796777278,0.453255698005134,0.473188359502969,0.0735559424918964,0,109,0.516160756937236,0.034691996557973,1.20475492643999,2.30189182596904,1.69503757752631,2.18959974228155,1.66873762795269,272,FALSE
"Low","LNP_0011",145.683334534988,-0.705724516883492,0.284839543141425,0.483861101137589,0.439104709760667,0.0770341891017439,1,109,0.515894068227309,0.0351762296853042,0.517367488589479,1.97424795978457,1.43256356287911,1.49392254836638,0.307812218805038,273,FALSE
"Low","LNP_0203",110.136572597548,-9.53711015637964,0.295636599417776,0.497997300716038,0.436312314073861,0.065690385210101,1,109,0.514137095033681,0.0334113923405516,1.32526429972345,2.70034409008708,1.4172368015543,1.48680788965879,4.68336015286142,274,FALSE
"Low","LNP_0429",66.0475092474371,-7.25512764882296,0.470109146367759,0.497859894252592,0.348438896341085,0.153701209406323,0,109,0.513514152897151,0.0328040570252002,1.22728702056441,2.32807152537021,1.31198735571442,1.40594605112543,4.15926917671614,275,FALSE
"Low","LNP_0296",131.66058876086,-1.8473868444562,0.221330068353564,0.515011077836462,0.35397528953416,0.131013632629378,0,109,0.510418551257989,0.0331624900147565,0.815930689720884,1.93751972908222,1.45935986806344,1.52693305535282,1.46313631586588,276,FALSE
"Low","LNP_0264",145.016697933897,-0.354841770604253,0.158569417707622,0.554062575711927,0.321718029415738,0.124219394872335,1,109,0.510207178805991,0.0339861584053823,0.486911776340596,1.96076141384622,1.49814591607904,1.55564729138682,0.114491771634639,277,FALSE
"Low","LNP_0049",76.5972640365362,6.0447643417865,0.446999787446111,0.570445301968376,0.295053377636169,0.134501320395455,0,109,0.509289899530437,0.036593662435437,1.7969009940444,2.81622655980337,1.82673000588628,3.0083052106892,3.52391800755393,278,FALSE
"Low","LNP_0168",72.1102937823161,-6.85664349701256,0.214783047698438,0.435874566019045,0.436249713910259,0.127875720070696,0,109,0.504924116598091,0.0295313775791812,1.25030968339906,2.34224424887356,1.47295286872308,1.54774787569388,3.92410438272205,279,FALSE
"Low","LNP_0393",122.598302690312,3.39207091834396,0.274194720201194,0.53627381818931,0.390926433489867,0.072799748320823,0,109,0.504341719824376,0.0323216582820113,1.29203308309093,2.36547383275259,1.72150188714998,2.40549563323864,2.21465536191931,280,FALSE
"Low","LNP_0389",59.4962413189933,-4.81146659702063,0.124335222505033,0.498313943113877,0.333967020552687,0.167719036333436,0,109,0.503615659941224,0.0339553003549481,1.08086860844621,2.19482042933327,1.51382114302781,1.56955353807731,2.93732050978634,281,FALSE
"Low","LNP_0334",133.405430917628,4.4168070005253,0.346937763318419,0.415508150146442,0.406594866829135,0.177896983024423,1,109,0.503136877756065,0.0335496200793778,1.23155326508046,2.63270439504015,1.74554123192126,2.62577293494049,2.11312297133771,282,FALSE
"Low","LNP_0332",78.6285348702222,5.43818964622915,0.228140847291797,0.526764353435499,0.323939363525703,0.149296283038798,0,109,0.502974201413308,0.0333481331649253,1.71933403399282,2.74546607090592,1.89478579433518,2.96418329120998,3.21731666268216,283,FALSE
"Low","LNP_0391",147.709899628535,1.3130868691951,0.497206205129623,0.529635774437,0.396302664257492,0.074061561305508,1,109,0.50287223417577,0.0323866329790104,0.530686429458427,1.98291385544714,1.4100634291075,1.77243217616519,0.604357136317965,284,FALSE
"Low","LNP_0081",74.3619472719729,7.5734804244712,0.256932501588017,0.537250366453128,0.293735003849609,0.169014629697263,1,109,0.501946182064103,0.0318865633251864,1.94485256362409,3.25323846948407,2.0557027095181,3.50679163771447,3.72216518307248,285,FALSE
"Low","LNP_0258",90.4399181017652,7.76743170339614,0.197828272823244,0.470691921299563,0.332523551220336,0.1967845274801,1,109,0.500865895030188,0.0312825471069379,2.00093940576385,3.31270764011402,2.09501651616568,3.60891805717474,3.81597052949028,286,FALSE
"Low","LNP_0436",111.267196526751,-6.82623204775155,0.252635878045112,0.458246752166746,0.418514591459732,0.123238656373521,0,109,0.500045208205661,0.0316760688916501,1.19807398741004,2.27188924547061,1.43880704414518,1.52805714267019,3.94412552692215,287,FALSE
"Low","LNP_0420",52.799257193692,-3.60893541015685,0.234519280865788,0.449504216998868,0.369678945333848,0.180816837667285,0,109,0.499943494564336,0.0341735070604844,0.930636304423941,2.03110913875991,1.48148262137814,1.57321923190278,2.34724794922195,288,FALSE
"Low","LNP_0092",115.310192503966,-8.78435550257564,0.131602272670716,0.543735165702823,0.295056819521303,0.161208014775875,1,109,0.499568849555387,0.0365098694617563,1.2261668499589,2.61583201381137,1.52538759604856,1.56676436005862,4.31863236992128,289,FALSE
"Low","LNP_0131",111.925648339093,5.18270678818226,0.316102473158389,0.558678043654491,0.288117622935703,0.153204333409806,0,109,0.499046048591366,0.0327629072651158,1.59323282054873,2.65918956036986,1.82589875881761,2.86604225178642,3.10874955081838,290,FALSE
"Low","LNP_0171",112.997305346653,-9.59851981606334,0.26420575613156,0.600008915190201,0.334760125573846,0.0652309592359534,1,109,0.498932979742094,0.0354238546334835,1.23387921208052,2.63242645567768,1.44084697112379,1.53875071014273,4.70527252277107,291,FALSE
"Low","LNP_0142",90.9474952612072,5.97647115588188,0.262145553901792,0.538326183405699,0.276448678559545,0.185225138034756,0,109,0.497708541866685,0.0341783870582566,1.76425536210755,2.79264391917817,1.91346094271909,3.04979668124965,3.50708136415456,292,FALSE
"Low","LNP_0421",104.745946801268,6.16772510576993,0.442270676419139,0.55096599712575,0.369403919982198,0.0796300828920521,0,109,0.497632442074967,0.0323890369404858,1.74148493581355,2.76000745227527,1.82858571391758,3.05076962768217,3.63652163810212,293,FALSE
"Low","LNP_0482",131.393372127786,4.23385158646852,0.144842596724629,0.539769281092417,0.362330211956587,0.0979005069509966,1,109,0.496206616941236,0.0360869700625511,1.25820159824744,2.62680785615891,1.85778751134153,2.69545935132459,2.04002507473529,294,FALSE
"Low","LNP_0096",68.7691119266674,7.61528229806572,0.402839413378388,0.3909207501613,0.422249134045494,0.186830115793206,1,109,0.496050884125961,0.034799027261506,1.82877045201085,3.15222142730524,1.96616066169597,3.44675502763776,3.72137508946327,295,FALSE
"Low","LNP_0190",140.187438949943,-4.92358407005668,0.337709188554436,0.496089293355716,0.336666365141021,0.167244341503263,1,109,0.492083772251652,0.0367467676132797,0.690082871476033,2.13939515056665,1.38919478194789,1.4637640800007,2.38294159792209,296,FALSE
"Low","LNP_0350",112.329754629172,-7.39910809323192,0.338980746641755,0.500611084991835,0.405007111478137,0.0943818035300283,0,109,0.491855626080056,0.0345595674495409,1.12794577990039,2.23172492575458,1.38415816012385,1.45632289006647,4.21697328679222,297,FALSE
"Low","LNP_0318",73.7749404972419,-7.47834429144859,0.202042273338884,0.443162274738057,0.366816182428891,0.190021542833052,0,109,0.487683764625176,0.032868255839273,1.16350681334201,2.23967049287755,1.44287388038719,1.51687841833531,4.26853419270598,298,FALSE
"Low","LNP_0151",134.745316510089,5.05864115897566,0.46586286816746,0.463358284922484,0.348373498063169,0.188268217014348,1,109,0.485648294853923,0.0336597963832821,1.17576418032029,2.56719970689718,1.71973030895879,2.73206526691822,2.44948974367064,299,FALSE
"Low","LNP_0285",55.7958560530096,6.23439168557525,0.325006723497063,0.417804253890621,0.387796046616205,0.194399699493174,1,109,0.484744654161102,0.0312557811726334,1.48446645681871,2.86133337958134,1.90088244542101,3.12834624960758,3.03649144651821,300,FALSE
"Low","LNP_0027",104.406602471136,8.06467120535672,0.332578935287893,0.423090835018333,0.452091295746258,0.124817869235409,1,109,0.484688992173435,0.0326418472192314,1.86926227067156,3.19862165961928,2.04411243140425,3.60840900620675,3.95428792786805,301,FALSE
"Low","LNP_0354",66.3070329232141,4.30267055518925,0.109926841501147,0.448945370079277,0.483312960355116,0.067741669565607,0,109,0.484194079371368,0.0341275249631953,1.39820488312416,2.4675184153862,1.88526247978701,2.70817183169342,2.68783520539299,302,FALSE
"Low","LNP_0417",145.062126405537,1.82387514039874,0.335810260195285,0.435404093621938,0.368263507756459,0.196332398621603,1,109,0.483572557208792,0.0321366374158409,0.548161952055183,2.01847655954684,1.5463794097133,1.97076144346947,0.82462424150278,303,FALSE
"Low","LNP_0446",120.857413718477,-6.76381579600275,0.401559911761433,0.479452027645906,0.357315232313289,0.163232740040804,0,109,0.483211964023159,0.0309945631235975,0.984542399820634,2.08932303277021,1.35441981894891,1.457138049163,3.88718434428187,304,FALSE
"Low","LNP_0152",99.7527267085388,8.3411426609382,0.339646386913955,0.45908633788119,0.383356829349429,0.15755683276938,1,109,0.482040561664597,0.0310567766613375,1.91588524736408,3.23221238040219,2.07177122486368,3.69504138819364,4.09096326863733,305,FALSE
"Low","LNP_0356",148.595416522585,-1.27904656343162,0.290223289653659,0.56954368325555,0.302962264147382,0.127494052597068,1,109,0.480754843221479,0.0352510050028355,0.291500754165113,1.76496183107089,1.42009540556271,1.5161443933664,0.558021722227666,306,FALSE
"Low","LNP_0344",72.5073350826278,-7.60142238344997,0.199618741869926,0.478294310456188,0.381884358148414,0.139821331395398,0,109,0.477606514563594,0.0336683243159986,1.12299204597152,2.21325654440891,1.47414810914118,1.55068555764525,4.34097969914921,307,FALSE
"Low","LNP_0104",145.44738274999,-3.63010823726654,0.397695402149111,0.470144669069242,0.374962968439821,0.154892362490938,1,109,0.477106830042808,0.0350846046155486,0.425404312346775,1.88924253525798,1.35162469167372,1.4337235902447,1.74262699972241,308,FALSE
"Low","LNP_0155",61.1096461303532,4.73240692168474,0.311506158392876,0.466126709027423,0.421622724180295,0.112250566792282,0,109,0.475361636675358,0.0336080355701602,1.31715100219601,2.40959659653897,1.79474811936249,2.73361778594634,2.89967363749491,309,FALSE
"Low","LNP_0281",125.859316950664,-4.82397597283125,0.180834982171655,0.482668517904294,0.398220856197617,0.11911062589809,0,109,0.47344405884193,0.0306915509462818,0.825145503812185,1.93468747998236,1.46980796176209,1.55682162769375,2.93335667383626,310,FALSE
"Low","LNP_0078",111.277100327425,-9.63271832559258,0.111975930165499,0.540010102225269,0.387400710200507,0.0725891875742238,1,109,0.472700635800017,0.0318561008354728,1.10256010150564,2.49889998378722,1.52498330659821,1.56561485380035,4.76167631267782,311,FALSE
"Low","LNP_0189",141.318822302856,-0.414568800479174,0.377165466640145,0.596367446892703,0.337210880830664,0.0664216722766336,0,109,0.472131314875471,0.0325263458515398,0.312889608307345,1.4963703033718,1.38036370334206,1.4872015274269,0.706777446791077,312,FALSE
"Low","LNP_0242",116.231764201075,-7.03295216429979,0.228697636537254,0.563774203622611,0.362529284647269,0.0736965117301199,0,109,0.471882292811246,0.0341302467883265,1.00085334835523,2.1177115416822,1.45788960265901,1.52183579789049,4.04688438842535,313,FALSE
"Low","LNP_0424",82.1937375701964,7.13193933945149,0.473029114119709,0.535480185369827,0.3681371406079,0.0963826740222731,0,109,0.469466754973179,0.0335724138263214,1.68245232890698,2.71488963185031,1.86812870159383,3.25100807232769,4.10023066851773,314,FALSE
"Low","LNP_0162",85.3904571849853,6.12870327662677,0.182946199923754,0.495493046197867,0.379085035443225,0.125421918358908,0,109,0.468790995132692,0.0357263845671335,1.63037341044625,2.65804622682888,1.97020202813442,3.19285334619786,3.59323072096075,315,FALSE
"Low","LNP_0293",57.1904097218066,-5.6115490803495,0.181216019950807,0.530836720142916,0.308306141202442,0.160857138654642,0,109,0.468294672871701,0.0342335379426202,0.875214754788388,1.9860164730585,1.49076186937106,1.55423898740393,3.35517668001302,316,FALSE
"Low","LNP_0008",139.241904439405,0.0789742404595017,0.218160032201558,0.516568556896887,0.294267034416921,0.189164408686192,0,109,0.467979633322593,0.0340808976923152,0.309396100459451,1.49406034858127,1.46043414968528,1.5272335976373,0.553807943041877,317,FALSE
"Low","LNP_0366",128.394647873938,-4.58369134925306,0.219542396813631,0.464557554166625,0.346367734976756,0.189074710856619,0,109,0.467539953911201,0.0324311807963941,0.734506664644828,1.87199572078644,1.45957434246332,1.52014628023917,2.8112016355706,318,FALSE
"Low","LNP_0045",65.2444747742265,5.06220199167728,0.19698283104226,0.471031991105593,0.393649153992332,0.135318854902075,0,109,0.464663830820588,0.0339477322333825,1.34123123819508,2.42240289681853,1.86480513849258,2.88858054844801,3.02152528396659,319,FALSE
"Low","LNP_0072",112.922113155946,8.1209622323513,0.439565633703023,0.388127761244242,0.470629005964328,0.14124323279143,1,109,0.463535852220195,0.0326604583316773,1.6630120042813,3.01963559371176,1.99104140304397,3.55279367646906,3.98828771840146,320,FALSE
"Low","LNP_0108",110.873498232104,6.45434783305973,0.475052932929248,0.508899608987062,0.387296699705537,0.103803691307401,0,109,0.462538667236785,0.03370875878881,1.51204770764627,2.57134573243448,1.84164252540365,3.13702377367506,3.73993366123795,321,FALSE
"Low","LNP_0464",66.529808123596,-7.20044137910008,0.175967089366168,0.499133876751273,0.358822093798675,0.142044029450052,0,109,0.462348252204896,0.0360823976319939,0.981211240837741,2.0790921470415,1.49583341617585,1.56648887555617,4.1195919137104,322,FALSE
"Low","LNP_0158",71.6892762808129,-8.87235549278557,0.441747969482094,0.500113012469091,0.362990673801519,0.136896313729391,0,109,0.462321590338634,0.0314822584467343,0.986415091490604,2.1125863532839,1.32481216486446,1.39891580055206,4.95907340208769,323,FALSE
"Low","LNP_0043",91.3724326295778,6.64215548429638,0.282754702214152,0.465704272689068,0.362700247305678,0.171595480005254,0,109,0.461846472398772,0.0332482774103518,1.62999978232865,2.66575369531134,1.96050265896964,3.24489077427288,3.85001515153222,324,FALSE
"Low","LNP_0120",90.4510281747207,-9.11705864127725,0.327427501603961,0.400902903483093,0.411626769702675,0.187470326814232,0,109,0.461202349425571,0.0319007202294501,1.06370728060691,2.1703271966517,1.38909665685683,1.47025986411818,5.0935745901116,325,FALSE
"Low","LNP_0134",123.707773792557,4.592633289285,0.327099349442869,0.562177264013797,0.306424662351579,0.131398073634624,0,109,0.461157010896542,0.0315532702692888,1.14913668529834,2.25444019325801,1.7496827276051,2.676223405417,2.80979515306432,326,FALSE
"Low","LNP_0492",57.0488977711648,-5.52439997904003,0.10460870526731,0.492014810865802,0.380247771702329,0.127737417431869,0,109,0.457787330493615,0.0363167218613304,0.826044115761343,1.9474540513537,1.55505227838669,1.59013511416516,3.2855512058272,327,FALSE
"Low","LNP_0328",53.4874804085121,-8.92926130909473,0.296310492511839,0.620942375695773,0.28941502642559,0.0896425978786366,1,109,0.455641138062024,0.0349253800785578,0.813573312213679,2.25318358874506,1.42641202492062,1.50468137336762,4.35662732607017,328,FALSE
"Low","LNP_0013",117.757063545287,7.20213692169636,0.174056127481163,0.560542182996925,0.369347503310371,0.0701103136927032,1,109,0.454295675937669,0.0343574981266377,1.53696648703279,2.88102527404694,2.0745289372043,3.45804147865449,3.52499714584037,329,FALSE
"Low","LNP_0047",73.3034099452198,-8.3706687996164,0.25651803649962,0.410511370866121,0.466896480137307,0.122592148996572,0,109,0.451810602574436,0.032809372225165,0.96142288071892,2.07770863516003,1.44473804817171,1.5082654845652,4.71306228807732,330,FALSE
"Low","LNP_0201",73.8726026844233,6.89867079723626,0.443436562921852,0.49903481023565,0.391128430437736,0.109836759326614,0,109,0.449391717693692,0.03238009228702,1.51597646891389,2.55773242744935,1.88991447934438,3.25677660815321,3.9579349466878,331,FALSE
"Low","LNP_0283",89.6584594622254,-9.69044662080705,0.342732060328126,0.571888182609165,0.351002795245736,0.0771090221450988,0,109,0.446997722774519,0.0364744523106102,0.987686186497379,2.11432221469076,1.367339268351,1.46064703849771,5.37738025714635,332,FALSE
"Low","LNP_0041",64.2800022382289,6.01896423846483,0.433317908644676,0.415713935346021,0.38705494368007,0.197231120973909,0,109,0.446924960246142,0.0327994391090333,1.30012133076329,2.38231766766213,1.82090473514503,3.00720339663805,3.5062667494055,333,FALSE
"Low","LNP_0274",66.4211224997416,6.14998218603432,0.326472961995751,0.577091665974753,0.295430926846925,0.127477407178322,0,109,0.446465514894089,0.0318124151606979,1.373809289011,2.46087717147893,1.88840887309824,3.10060017942837,3.5953956803411,334,FALSE
"Low","LNP_0457",131.182741606608,2.90855031460524,0.192729518655688,0.504317872832151,0.433341786247026,0.0623403409208234,0,109,0.44452402788516,0.0345166256698729,0.739781837729981,1.87943583856795,1.71384093643623,2.28904575840738,1.95720874273345,335,FALSE
"Low","LNP_0204",101.502972724847,7.24799079354852,0.387236723583192,0.594565176461162,0.258262483243571,0.147172340295266,0,109,0.442739784498274,0.0332815168856901,1.54005264904413,2.59807103482238,1.92496148691784,3.35286346532525,4.1491396909251,336,FALSE
"Low","LNP_0206",138.024654123001,2.63577743433416,0.495483544375747,0.486862208307079,0.340248735874438,0.172889055818483,0,109,0.442549314128295,0.0318649580122258,0.544333547557305,1.6980821772581,1.5208030918388,2.11012544292327,1.84885911467562,337,FALSE
"Low","LNP_0434",149.661721871234,1.92725921515375,0.420204284787178,0.437171543378177,0.484909796585608,0.0779186600362149,1,109,0.442074869364476,0.0346227918871518,0.190668605718019,1.68027621160495,1.48425207193932,1.93255311963684,0.862831543333747,338,FALSE
"Low","LNP_0218",90.8943997928873,-9.9263154482469,0.420873083174229,0.502908432862023,0.397544244979819,0.0995473221581584,0,109,0.441206656498088,0.0330057219467501,0.946524506724458,2.0482634416459,1.33664052844538,1.42752902065207,5.49054318175023,339,FALSE
"Low","LNP_0113",56.0720571549609,-9.56012569367886,0.291817631199956,0.565832969038642,0.353443172509204,0.0807238584521542,1,109,0.440763766177895,0.033649773292653,0.765496797471474,2.17121118429916,1.42369054070688,1.47748722558267,4.6929971468881,340,FALSE
"Low","LNP_0227",97.7845379849896,6.94482596125454,0.2974464754574,0.467996361512642,0.336000407567183,0.196003230920175,0,109,0.4402165679705,0.0332427851632616,1.52238245454997,2.58332675110885,1.97649005468077,3.34555800630023,4.00871952890979,341,FALSE
"Low","LNP_0229",119.826159486547,5.86448335554451,0.443520135711879,0.483965737541829,0.444083173025355,0.0719510894328167,0,109,0.440049790616779,0.0314196397623271,1.21723435854948,2.30369043857827,1.79596660143225,2.98613685547194,3.45188439898026,342,FALSE
"Low","LNP_0094",115.67581279669,-7.59525742847472,0.151766515802592,0.608185135107537,0.311743095104664,0.0800717697877989,0,109,0.438963325400379,0.0363905986668252,0.844371944002759,1.9593567370375,1.5064180926875,1.56235882118542,4.33504379748778,343,FALSE
"Low","LNP_0320",135.688542015851,1.23351217713207,0.113560608308762,0.401233318106758,0.419766219534223,0.179000462359019,0,109,0.438111057837124,0.0356810492195659,0.385854187023182,1.56751771356781,1.62775900911364,1.92343050208234,1.12943533025076,344,FALSE
"Low","LNP_0311",88.9587111538276,-9.01168806478381,0.181514362059534,0.433331317564462,0.373843634269833,0.192825048165705,0,109,0.438001792392461,0.0311262681758466,0.961219429244295,2.06788764741303,1.49635250271986,1.56357315416594,5.02445768699195,345,FALSE
"Low","LNP_0035",52.461368450895,-9.21001604292542,0.348690393101424,0.496404784370808,0.296798810710729,0.206796404918463,1,109,0.436603521484955,0.0303913048507051,0.668603986375616,2.11458577235758,1.3952608107086,1.4536051210965,4.52552072668977,346,FALSE
"Low","LNP_0161",100.229956326075,6.91112245898694,0.250337374676019,0.515839082788464,0.406717816615212,0.077443100596324,0,109,0.436331275307077,0.0327956701412841,1.49235537904603,2.55201360634296,1.99729977512739,3.31327606186708,3.98018130872567,347,FALSE
"Low","LNP_0471",59.3916607089341,5.63937829341739,0.380071444436908,0.490802522427584,0.309241228023927,0.199956249548489,0,109,0.435090445617139,0.0341824251944456,1.15546934418511,2.26357030148833,1.82509197458042,2.93591128872972,3.33115787143946,348,FALSE
"Low","LNP_0038",71.6407935833558,6.58501646947116,0.323818347696215,0.401726627618957,0.433501835292434,0.164771537088609,0,109,0.434447610193816,0.0326318310302489,1.37421434308675,2.44965422341879,1.91910377163396,3.22650043247314,3.80516342273979,349,FALSE
"Low","LNP_0410",118.078755121678,-8.57136300764978,0.479153033997864,0.500417119394206,0.340842396143601,0.158740484462193,0,109,0.433385093146256,0.0317457956619964,0.736053289738991,1.85373347989503,1.31562123046727,1.40276048867155,4.79490763383816,350,FALSE
"Low","LNP_0282",63.7106081005186,6.38934279792011,0.441112155839801,0.415032095029114,0.42625999003216,0.158707914938726,0,109,0.43166605012985,0.0338469046638549,1.25746418380675,2.34094479342097,1.83706416087569,3.09923442781561,3.72768595163459,351,FALSE
"Low","LNP_0269",52.0024300552905,3.660205649212,0.135157845914364,0.543921874274384,0.289939100907595,0.166139024818021,0,109,0.431011391418843,0.0327274051635029,0.835270216658573,1.95389649273984,1.80788099304353,2.52581840666842,2.38049173744829,352,FALSE
"Low","LNP_0376",146.384333190508,3.4710997575894,0.429410240054131,0.550177979766153,0.282196235886179,0.167625784347668,1,109,0.430747490158591,0.0347111953461768,0.438569521843313,1.91857890763254,1.62481489473889,2.34883253178573,1.65619320681446,353,FALSE
"Low","LNP_0156",88.9994435245171,7.14894848875701,0.248791498411447,0.515467101344457,0.333131396217351,0.151401502438192,0,109,0.430572427226349,0.0310168215513971,1.50200785508578,2.57924498089583,2.02150074973985,3.41415567592702,4.0865931314603,354,FALSE
"Low","LNP_0254",76.7521432135254,-8.56739887967706,0.100462327897549,0.485788642647102,0.386603871199089,0.127607486153809,0,109,0.430405700929898,0.0328240975395247,0.890797107938609,2.02281009091392,1.53611504762294,1.59865372078824,4.82343693935585,355,FALSE
"Low","LNP_0015",60.2924682665616,4.71798700746149,0.107676412258297,0.42850411637435,0.422278810372709,0.149217073252941,0,109,0.430128235478886,0.0323849310360071,1.0663962109998,2.1735770678101,1.90799521393758,2.85622786965466,2.89451056508804,356,FALSE
"Low","LNP_0380",147.134245024063,2.6370035065338,0.344949988927692,0.408712134975305,0.410334787201244,0.180953077823451,1,109,0.42968201315882,0.0334706288577272,0.293362332651401,1.76760392422954,1.60597242967705,2.1460823674174,1.23257689437638,357,FALSE
"Low","LNP_0397",77.0544872386381,-9.59863067604601,0.365186790097505,0.499882333505047,0.325683510873948,0.174434155621005,0,109,0.428941188756055,0.0338453876606382,0.860636931679535,1.98346176048522,1.38824749198295,1.49045382956231,5.31510126998347,358,FALSE
"Low","LNP_0125",86.9488865835592,-9.1578390263021,0.155356050934643,0.442772611194473,0.401365352092468,0.155862036713058,0,109,0.42888061431495,0.0318024184828702,0.894777679596429,2.00464644232398,1.49694713804459,1.5451968697364,5.06533519140327,359,FALSE
"Low","LNP_0195",143.731408915482,-4.32576446328312,0.110439088661224,0.497379910609199,0.371209661643347,0.131410427747454,1,109,0.428878263813944,0.0325192777085599,0.255729384806264,1.74261450148566,1.52998973596653,1.60070811326073,2.05006752052535,360,FALSE
"Low","LNP_0465",108.493655733764,8.15892801620066,0.110387510992587,0.477196208333508,0.36132974171278,0.161474049953712,1,109,0.428818267124832,0.0309628805367124,1.56327382249662,2.9216322879051,2.18780342503328,3.74125363626122,3.99900855464729,361,FALSE
"Low","LNP_0411",81.6949248081073,-9.92207313887775,0.388959547225386,0.386249616932109,0.449666635835189,0.164083747232702,0,109,0.426238258308923,0.0302210616378752,0.83852878834692,1.94620170762145,1.33786996513299,1.44320506864313,5.50241613010877,362,FALSE
"Low","LNP_0375",103.37648736313,7.21978715155274,0.374268533755094,0.456055883849929,0.36348024176544,0.180463874384631,0,109,0.426083061767369,0.0340058340726732,1.4219917763736,2.48223743364934,1.9481377266311,3.34805369715267,4.12747137023893,363,FALSE
"Low","LNP_0065",131.464003887959,3.00523000769317,0.131088621728122,0.539990463458177,0.322658780309605,0.137350756232218,0,109,0.42605323346467,0.0342492500789684,0.680985498314333,1.81784326595984,1.79716870327521,2.39344005598801,1.98743062183341,364,FALSE
"Low","LNP_0261",142.57079558447,0.275622783228755,0.199490545783192,0.491682085008523,0.365913648938807,0.14240426605267,0,109,0.425298823099097,0.0320411095796913,0.036774777291632,1.25382362077224,1.49512288037908,1.59966220242831,0.669715179984809,365,FALSE
"Low","LNP_0486",61.5779664833099,5.14658318366855,0.119325809925795,0.450082839604722,0.32736673629646,0.222550424098818,0,109,0.425203087858955,0.0330203338455195,1.09311420363933,2.18669192869321,1.91958203723341,2.92231704057909,3.09353421535378,366,FALSE
"Low","LNP_0126",148.421920347027,-2.71177836693823,0.123212279099971,0.596024090400807,0.27000696282257,0.133968946776624,1,109,0.425006174114816,0.0324540531200066,0.0830559872101052,1.60431510004673,1.55200465043772,1.57616491365502,1.29261459851473,367,FALSE
"Low","LNP_0280",114.88181243185,6.17224089801311,0.25687859384343,0.567614835245071,0.315383029842317,0.117002134912612,0,109,0.422834774770546,0.0344055185221369,1.24438765176804,2.31815281120018,1.94590854298504,3.13493498489911,3.61111058793173,368,FALSE
"Low","LNP_0327",149.940452794544,-0.976621871814132,0.295469414070249,0.413703540129839,0.392340601744321,0.193955858125841,0,109,0.420855438357682,0.0286652020868381,0,1.19613664864273,1.41287050868162,1.49876097540394,1.01120951265578,369,FALSE
"Low","LNP_0100",101.150545990095,-9.36056743841618,0.179964709747583,0.54185791397923,0.337171506839879,0.120970579180891,0,109,0.416381866069271,0.0312713549295723,0.827584748599481,1.93609330439447,1.49895619412191,1.55658453080037,5.1885586409215,370,FALSE
"Low","LNP_0070",93.9831687603146,7.7026530308649,0.324785263556987,0.481334164235505,0.371229606957688,0.147436228806806,0,109,0.415166158244205,0.032362248140004,1.4498367537769,2.51791572263245,2.00189357545602,3.50836394449469,4.35486814247837,371,FALSE
"Low","LNP_0468",119.120783149265,-7.66344754956663,0.155051195155829,0.524648837229869,0.392055163525517,0.083295999244614,0,109,0.414328224762284,0.030766737535383,0.653840977168186,1.80046990654239,1.50541752683763,1.59275897886285,4.32511819393611,372,FALSE
"Low","LNP_0005",144.046728429385,-2.69091460853815,0.43909566309303,0.51229673199313,0.340863490677454,0.146839777329416,0,109,0.41396417899855,0.0309971757213819,0.040565857155598,1.24094860769138,1.33552588615059,1.43581260424342,1.84827252395772,373,FALSE
"Low","LNP_0191",77.4166621500626,-9.2043872596696,0.149543060548604,0.503494549245838,0.409608563184552,0.0868968875696104,0,109,0.412875787364763,0.0329654748737612,0.77787335914138,1.90122986682529,1.49036504353954,1.56100080739557,5.10836957309178,374,FALSE
"Low","LNP_0193",148.564088437706,0.791218280792236,0.279764555115253,0.478535993522198,0.442743746958372,0.0787202595194299,0,109,0.411289110663286,0.030081880301334,0,1.21090098290527,1.4821778295332,1.71196006900937,0.924222910521433,375,FALSE
"Low","LNP_0184",76.5017806086689,7.73132241796702,0.446475652139634,0.447954504289931,0.355642621270804,0.196402874439265,0,109,0.410761909719501,0.0326779639839613,1.39052026509451,2.45040483004934,1.9483602837077,3.48131782679247,4.4045711538693,376,FALSE
"Low","LNP_0198",115.923032420687,-8.0739777861163,0.143920637387782,0.486916485794607,0.34943284409745,0.163650670107943,0,109,0.410492448610135,0.0341299015093065,0.663547652745929,1.80849720139395,1.50201629600867,1.57376921883236,4.56802250546583,377,FALSE
"Low","LNP_0288",72.5886432919651,-9.62463565636426,0.319711917545646,0.577437411380961,0.355420694633188,0.0671418939858505,0,109,0.410258474215908,0.0331492193241748,0.736623913729391,1.86462503568011,1.40312165673391,1.51026300132952,5.34229443493552,378,FALSE
"Low","LNP_0068",131.238950951956,6.24609657097608,0.154346158541739,0.589306974018127,0.311823030162425,0.0988699958194477,1,109,0.409436419424837,0.0347748728024915,0.990229861498729,2.37587408280103,1.99783530219273,3.22296804565672,3.02019068271143,379,FALSE
"Low","LNP_0430",136.255189753138,5.69863112643361,0.274159505404532,0.517570974522356,0.350803814426975,0.131625211050669,1,109,0.409432560490251,0.028916331206339,0.808761823225984,2.22959924258712,1.86457248308738,3.03511745462392,2.76569131711925,380,FALSE
"Low","LNP_0018",54.2059533530846,5.40409518871456,0.356585055682808,0.500837413895562,0.335845102919535,0.163317483184903,0,109,0.408537469384535,0.0316401746255214,0.908689231298232,2.0371035613057,1.816908117612,2.87986137785257,3.21374284252921,381,FALSE
"Low","LNP_0422",114.4240220543,-9.16161003056914,0.332211397401989,0.459097873291055,0.404897766287596,0.136004360421349,0,109,0.4074456650777,0.0349992316503703,0.622536591621153,1.77584900403418,1.36435654469056,1.44466274937195,5.09060599946317,382,FALSE
"Low","LNP_0416",69.2023318726569,9.18931567575783,0.392073424812406,0.471949613880638,0.344049794220139,0.184000591899223,1,109,0.406522331268989,0.0322210072204764,1.47426084784383,2.82333559940057,2.10069145667863,3.87045164937577,4.51532189453814,383,FALSE
"Low","LNP_0107",141.443818691187,-7.074358840473,0.339455418754369,0.569578806304054,0.284473505049464,0.145947688646482,1,109,0.404738402661611,0.033230381555896,0.214154828444421,1.72818794612382,1.39453968140802,1.46785077955973,3.4622338307841,384,FALSE
"Low","LNP_0413",71.5172082651407,7.33120359480381,0.345536377467215,0.522843182436784,0.297070798296147,0.18008601926707,0,109,0.403338364032323,0.034030485316997,1.28256030918867,2.38275254593889,1.97971253979485,3.39390409936777,4.20789075378976,385,FALSE
"Low","LNP_0009",105.143501446582,8.9007020695135,0.126251244731247,0.511316695190678,0.281201998100755,0.207481306708568,1,109,0.402888173174334,0.0322284779222123,1.50785951014107,2.87716731236791,2.2225047166738,3.93224077311682,4.41351803991982,386,FALSE
"Low","LNP_0232",92.8421508753672,7.49764774926007,0.211024032067508,0.439673804053428,0.401661566937856,0.158664629008716,0,109,0.400679804001659,0.0322117735687253,1.36805132079202,2.43948964381342,2.07468996903185,3.50555195991153,4.28392103515908,387,FALSE
"Low","LNP_0021",138.953931606375,-3.97714951075613,0.284486628137529,0.461117507378365,0.393791746727699,0.145090745893937,0,109,0.400434533012899,0.0328885354389445,0.13717409499831,1.32496978716654,1.42644470036472,1.49948874435167,2.53275353763731,388,FALSE
"Low","LNP_0122",81.9820617092773,7.31001628097147,0.177122250758111,0.438751254257551,0.471351204836693,0.089897540905756,0,109,0.397688912864135,0.036694787068665,1.32597922908689,2.39676765852788,2.0781644154468,3.50356993557118,4.16871287781151,389,FALSE
"Low","LNP_0087",148.495697998442,-4.36376660596579,0.146232982818037,0.494339868313401,0.320789377279891,0.184870754406708,1,109,0.397107419749405,0.0302023692234996,0.000475735475621039,1.52499236484989,1.51327494337587,1.57405041280532,2.1168026668156,390,FALSE
"Low","LNP_0395",60.5417746119201,6.22927315533161,0.284473609738052,0.548722230853197,0.401914159771514,0.0493636093752883,0,109,0.396741083951487,0.0335174802679857,1.05548282508957,2.14054576317971,1.94829135941091,3.15334200322106,3.64107500684043,391,FALSE
"Low","LNP_0277",147.187563567422,-3.36906016804278,0.395060882903636,0.401952054046287,0.434664616682733,0.16338332927098,0,109,0.395704357460816,0.0314985861487616,0,1.18088312748685,1.36939672767653,1.45563009885438,2.20970989023556,392,FALSE
"Low","LNP_0362",69.2815946880728,-9.15278642438352,0.163486588001251,0.524609851077692,0.394010793456243,0.0813793554660646,0,109,0.39306605460026,0.0311562456299075,0.600109800827974,1.76003564142663,1.48212494427923,1.51322851032029,5.10562622424021,393,FALSE
"Low","LNP_0183",120.829032221809,6.62443957757205,0.371609123796225,0.576043190533146,0.242057778997691,0.181899030469164,0,109,0.390460660550365,0.0337274818384572,1.00028020262737,2.11221446864275,1.87440886470034,3.18215981332314,3.83800057415846,394,FALSE
"Low","LNP_0004",138.301740400493,-8.40054175350815,0.441372095514089,0.475258474260364,0.411409125259302,0.113332400480335,1,109,0.388626555021753,0.0361849848435472,0.198342793021681,1.67389796353737,1.35290834502256,1.4506212494584,4.12587240848194,395,FALSE
"Low","LNP_0303",127.906588278711,-7.57455891463906,0.317072413116694,0.520533980350668,0.366046965849737,0.113419053799595,0,109,0.385908213982323,0.0336305759028421,0.337539417211045,1.501118654727,1.39949823395825,1.46819981855997,4.30100068812713,396,FALSE
"Low","LNP_0314",55.5301926331595,7.6826721476391,0.194749038200825,0.486356491291801,0.351529437886456,0.162114070821743,1,109,0.384557270655501,0.0342829558432587,1.077683179834,2.46353727045848,2.09309214707404,3.55561307842121,3.7686972190185,397,FALSE
"Low","LNP_0202",146.235893643461,-4.79735052678734,0.454953901842237,0.402135680643065,0.426047791083068,0.171816528273867,0,109,0.383606403937376,0.0319096938562237,0,1.20502951049387,1.3265725388687,1.41459985980551,2.93493042318637,398,FALSE
"Low","LNP_0082",116.805558744818,6.25705375801772,0.16877473294735,0.449627949436665,0.471997678371341,0.0783743721919944,0,109,0.383560989219776,0.0343831601370036,1.00169091732999,2.10719572743654,2.01175323159653,3.21034958923487,3.64661068051832,399,FALSE
"Low","LNP_0440",66.116576269269,-9.52622713521123,0.306530429422855,0.499445715557349,0.37975760733045,0.120796677112201,0,109,0.382147005651829,0.0327407959780293,0.499059407509138,1.66928272348135,1.41342843710688,1.49148483205142,5.26716810050582,400,FALSE
"Low","LNP_0262",138.197755930014,-5.27320221997797,0.345981581509113,0.407400421609905,0.485418868404938,0.107180709985157,0,109,0.381549110389573,0.0323094230691432,0.0637955001617246,1.25991246737028,1.37631877380087,1.46096638967477,3.13155358994897,401,FALSE
"Low","LNP_0368",51.7765811877325,-7.71491459570825,0.334226841665804,0.499408293956389,0.334519759355514,0.166071946688097,0,109,0.381274886429643,0.0299920293415703,0.296707442673782,1.49236704240072,1.38751844068372,1.44816012702328,4.38721055706937,402,FALSE
"Low","LNP_0441",78.2992870779708,9.5177938695997,0.159512633364648,0.494879960790569,0.394004435806761,0.111115603402669,1,109,0.38053227463919,0.0375944981652458,1.43566921214412,2.80757812478831,2.24699812575871,4.07437872423817,4.67509388976289,403,FALSE
"Low","LNP_0483",80.7763874297962,8.39696115348488,0.435590807721019,0.446305591772276,0.472528282092147,0.081166126135577,0,109,0.378895750668468,0.0310382582552429,1.28226244214648,2.35149911820477,2.01245270868604,3.64338660630021,4.71863767762391,404,FALSE
"Low","LNP_0331",111.723526963033,-9.91786119062454,0.305029988661408,0.588952574780506,0.264714008250371,0.146333416969123,0,109,0.378479559297545,0.0340358455952174,0.515776792094554,1.66402209727747,1.41509705097944,1.49930229485088,5.45555385964821,405,FALSE
"Low","LNP_0118",145.409123855643,5.09730907157063,0.475108070764691,0.52622508876136,0.307391793346845,0.166383117891795,1,109,0.378308315445232,0.0348019479085405,0.35470714000235,1.82265160699353,1.72330182265836,2.76446760477327,2.46184555926731,406,FALSE
"Low","LNP_0384",126.919391122647,-7.02812574803829,0.130321143381298,0.468419159474284,0.37064410680533,0.160936733720386,0,109,0.378291872299155,0.0352651094388987,0.320395737471735,1.50073426503936,1.52931344818297,1.55704945340366,4.01976627739183,407,FALSE
"Low","LNP_0099",96.677904156968,7.88669250905514,0.215476043429226,0.50384164287392,0.333593647893113,0.162564709232966,0,109,0.376851744726658,0.036684676875998,1.26394613665845,2.33750694070817,2.10614458544958,3.6021031762045,4.46985336198165,408,FALSE
"Low","LNP_0304",122.939065191895,-9.06012638937682,0.434664046764374,0.543146504936414,0.392783551680492,0.0640699433830948,0,109,0.376746416725979,0.0328521937178743,0.361934938977891,1.53727318916218,1.34373252986725,1.42752210670396,5.05609580772061,409,FALSE
"Low","LNP_0117",104.928465606645,7.83792245201766,0.268724052701145,0.512085490615871,0.410537054443224,0.077377454940905,0,109,0.373314347460759,0.0318358919627136,1.19780849387999,2.26879613922328,2.04973288563114,3.57815425939821,4.46140460061639,410,FALSE
"Low","LNP_0260",136.810680688359,-5.92512372881174,0.331032511778176,0.507970867442129,0.388311879008933,0.103717253548938,0,109,0.373203348498915,0.0313802106076003,0.0906487326235069,1.26961076747185,1.40238798655914,1.47981043182199,3.48277822630178,411,FALSE
"Low","LNP_0138",128.628155170009,5.04075082484633,0.215204112511128,0.427690504451281,0.425465668186726,0.146843827361993,0,109,0.372858568382173,0.0334611655972186,0.626470520611018,1.77431265732642,1.86792950666878,2.8545980887013,3.04832259854265,412,FALSE
"Low","LNP_0458",124.751632218249,-8.77474771346897,0.389942330215126,0.537390808135651,0.297239699188411,0.165369492675938,0,109,0.371043193129773,0.0346645949781525,0.289638902409422,1.44730784132001,1.33509869287198,1.422921325088,4.90315236042553,413,FALSE
"Low","LNP_0167",124.033436039463,8.71292294468731,0.376395939942449,0.611225949440988,0.271225880562546,0.117548169996466,1,109,0.370542613624518,0.0351990491531458,1.08689252101374,2.48694058132418,2.05310679475031,3.75029632879263,4.28208083133041,414,FALSE
"Low","LNP_0379",80.8786832727492,7.8342746431008,0.107532863598317,0.63033429306866,0.275395067863976,0.0942706390673639,0,109,0.370050833673531,0.0342755138124513,1.24505782468609,2.3220209224855,2.15661565070179,3.64768290313068,4.43142119187369,415,FALSE
"Low","LNP_0297",148.214037367143,-7.92576866224408,0.408238818775862,0.53554440484699,0.323019307214847,0.141436287938163,1,109,0.368697487204956,0.0302667572159432,0,1.52242130218973,1.3711441078903,1.46678809541388,3.86473718293367,416,FALSE
"Low","LNP_0224",118.637508200482,7.43997647427022,0.454389940481633,0.48909350987472,0.297097980480186,0.213808509645094,0,109,0.366083580228005,0.0372848469170601,0.971293011676794,2.06005946770965,1.91392184831484,3.37044989766866,4.26377810627439,417,FALSE
"Low","LNP_0291",79.7741782618687,8.67393041029572,0.426307179033756,0.531240640333026,0.382530370563344,0.0862289891036297,0,109,0.365562552526873,0.0320485025894739,1.22990773213875,2.32472426590055,2.03491375405654,3.72545278211255,4.84263605390385,418,FALSE
"Low","LNP_0500",128.69273526594,-7.82351853791624,0.275020291563123,0.517795843999975,0.311875833075271,0.170328322924755,0,109,0.361811899020661,0.0320346820902748,0.19450937335837,1.38451023336178,1.4272912370384,1.50196227322415,4.4226972926356,419,FALSE
"Low","LNP_0016",139.982497040182,-6.56513188034296,0.40947441579774,0.512785338618472,0.324847477473759,0.162367183907769,0,109,0.358324516621896,0.0304871145288891,0,1.20842126022437,1.3605132338792,1.44502211804997,3.82763219618656,420,FALSE
"Low","LNP_0250",122.670253901742,8.97263014689088,0.390834588278085,0.502831708876423,0.350128390088762,0.147039901034815,1,109,0.357660944935362,0.0317268965524556,1.05350663484121,2.47656039795767,2.10144888926285,3.83970283330726,4.39479590336273,421,FALSE
"Low","LNP_0353",101.507180789486,9.83490470796824,0.152551301755011,0.51910212340221,0.34176766325397,0.13913021334382,1,109,0.357631734146361,0.0327392660480095,1.34748650746938,2.73694865878402,2.29720844633121,4.20009699820549,4.83624362551082,422,FALSE
"Low","LNP_0119",108.548335311934,9.58407460246235,0.205794046632946,0.470305722903848,0.401716512932248,0.127977764163904,1,109,0.356439686335191,0.0349674201822262,1.26247713843255,2.64570122717834,2.25578787067916,4.07864032129225,4.70622626501434,423,FALSE
"Low","LNP_0295",125.424740207382,6.02297472301871,0.248197686020285,0.420108178324283,0.407053834085556,0.172837987590161,0,109,0.35561138141771,0.0320575342252253,0.695591919830947,1.81780535590046,1.93121688514634,3.11676025338879,3.53680543170524,424,FALSE
"Low","LNP_0085",60.2864644257352,7.47899825684726,0.403734278678894,0.542939193299709,0.336615228777489,0.120445577922802,0,109,0.352646527216561,0.0340884390225329,0.871986043490132,1.99322932793037,1.93792803250724,3.38795508079099,4.23016602389435,425,FALSE
"Low","LNP_0111",143.529980327003,2.59490847587585,0.128914632368833,0.46838988595311,0.377264999556786,0.154345114490104,0,109,0.352530954692688,0.0315565281914691,0.000606846601037346,1.20604209011174,1.73337570338153,2.26128231266992,1.79773005588926,426,FALSE
"Low","LNP_0128",59.1043999884278,7.00934961438179,0.327335204835981,0.480067614963722,0.429322135179755,0.0906102498565223,0,109,0.351659463505633,0.0349362752912282,0.816412323172013,1.93404392665189,1.94127509376252,3.34307022880538,4.01244290365216,427,FALSE
"Low","LNP_0272",50.6300783948973,6.26226264983416,0.390091180801392,0.550184906830993,0.337134768959826,0.112680324209181,0,109,0.34998893949549,0.0346411525034029,0.607177154160917,1.75416821671555,1.84403687795448,3.08861833665422,3.64111684724257,428,FALSE
"Low","LNP_0240",130.341854202561,-9.97616743203253,0.224467607215047,0.475693001665663,0.374643083133884,0.149663915200454,1,109,0.349159045571945,0.0333867112811762,0.140759650984302,1.62015072418023,1.48169267221146,1.55975839439397,4.88338629513988,429,FALSE
"Low","LNP_0220",141.88573481515,-7.84226239658892,0.478559908084571,0.458320785625462,0.377763394492135,0.163915819882403,0,109,0.349106930055504,0.0305408794726294,0,1.22734478080595,1.31365443277421,1.40955953485998,4.43154244020358,430,FALSE
"Low","LNP_0326",53.3727772999555,-8.48285739310086,0.253751409053803,0.587060896724015,0.304812507609256,0.108126595666729,0,109,0.348723803940749,0.0334742354580332,0.179428349811954,1.36708998117176,1.45296319030371,1.52641475308489,4.7590326956675,431,FALSE
"Low","LNP_0439",59.9445823347196,7.39412140566856,0.362653068359941,0.551493517734522,0.342859771959049,0.105646710306429,0,109,0.348634772927675,0.0356122009663214,0.861457125563634,1.9652314003361,1.96511771029169,3.40453408018756,4.20021011052222,432,FALSE
"Low","LNP_0032",140.229904511943,3.75215163454413,0.317293159198016,0.512602052182472,0.357786574943764,0.129611372873764,0,109,0.348604427758888,0.0308027647704388,0.119496262514894,1.32066796672511,1.71302472200332,2.47628111822414,2.37336548831649,433,FALSE
"Low","LNP_0316",130.281227291562,-7.21592717338353,0.143043532315642,0.491171784152412,0.435552067930225,0.0732761479173632,0,109,0.347796336618071,0.0331923227490291,0.102450756737681,1.29043667849991,1.51844448766712,1.56138195227837,4.12682875275498,434,FALSE
"Low","LNP_0399",61.791384126991,-8.98239772766829,0.121303774602711,0.429607762618918,0.43072407169598,0.139668165685102,0,109,0.347030840409544,0.0328865032082107,0.282402498147714,1.45100851289803,1.5328583792549,1.59423900212703,5.01262942915964,435,FALSE
"Low","LNP_0425",139.111431245692,3.95893156994134,0.285079536587,0.483107628328623,0.365495996982368,0.151396374689009,0,109,0.344836842576167,0.0324541765521072,0.130946663103565,1.36074946652771,1.72830104267926,2.55319477727102,2.48662093597137,436,FALSE
"Low","LNP_0248",146.935641113669,-8.62134806346148,0.116851204819977,0.536417109383967,0.399412879102153,0.0641700115138794,1,109,0.344758518228154,0.0312445716074172,0,1.49693334136841,1.51357402222598,1.57167803147865,4.2127891525974,437,FALSE
"Low","LNP_0132",139.139411714859,6.89669248647988,0.427873007394373,0.49394221554223,0.338020219466188,0.168037564991583,1,109,0.343066458612627,0.0348330757594853,0.481624345636274,1.9341571319483,1.88827465454732,3.28440671850263,3.35259357286664,438,FALSE
"Low","LNP_0445",136.646776320413,-8.14148359000683,0.395803288649768,0.52784045790512,0.364193918354164,0.107965623740716,0,109,0.340178345565295,0.0302253583316307,0,1.2034413850062,1.34979843777372,1.44536905508227,4.59527564422532,439,FALSE
"Low","LNP_0088",139.305111439899,3.33410315681249,0.111734645999968,0.418897211472726,0.419237391765336,0.161865396761938,0,109,0.338240815254939,0.0289541335426544,0.043313141536901,1.24825678438752,1.78738998933178,2.47094158819099,2.16319984563391,440,FALSE
"Low","LNP_0173",136.364411143586,-8.27444213442504,0.359422539453954,0.440578513879859,0.351571250155847,0.207850235964294,0,109,0.336704863497675,0.0295292589045134,0,1.22924970884014,1.37383310562127,1.46685961411076,4.67604314355112,441,FALSE
"Low","LNP_0340",147.785340482369,-8.05521088652313,0.313903618790209,0.471053924822808,0.375542756084962,0.153403319092229,0,109,0.336493791806336,0.0319762145331685,0,1.20554507500975,1.40284876807125,1.48414443346213,4.53054734666023,442,FALSE
"Low","LNP_0412",133.156859804876,-8.95602768287063,0.468801841884851,0.495458933389386,0.388267551279432,0.116273515331182,0,109,0.335025771289269,0.0320195020959155,0,1.20377601797186,1.31361537012225,1.39681269248882,4.98561075980643,443,FALSE
"Low","LNP_0075",97.5316574098542,8.99170645978302,0.356059394590557,0.441662347790386,0.474988641195986,0.0833490110136278,0,109,0.334234897646937,0.0316056470057036,1.08363176301264,2.20583104860783,2.10535079863531,3.83853474669132,5.00392893795432,444,FALSE
"Low","LNP_0054",62.189925997518,7.76110380887985,0.315764293074608,0.532278847052711,0.335012637484101,0.132708515463188,0,109,0.329120984471006,0.0320328314945935,0.82390845583977,1.94533396504953,2.04413382477829,3.5393882029449,4.395440598705,445,FALSE
"Low","LNP_0046",63.880606344901,9.28305140230805,0.130344333872199,0.404419268399769,0.415998180820422,0.17958255077981,1,109,0.327327455047308,0.0332673934403095,0.997367260084071,2.40659410162481,2.26451678095144,4.01461890045857,4.5609344181374,446,FALSE
"Low","LNP_0145",134.2729318887,-8.19355831481516,0.186873513180763,0.494970350068393,0.297477564400422,0.207552085531185,0,109,0.327114503587604,0.0316097299858664,0,1.19350047502786,1.47205150468157,1.5337352052246,4.60989127781643,447,FALSE
"Low","LNP_0181",133.976776478812,4.67495516408235,0.100991524104029,0.422734369150507,0.460611993543816,0.116653637305677,0,109,0.324961796864436,0.0337969960845484,0.230154629422234,1.41751897701835,1.90006524600306,2.81596161424814,2.87495452743205,448,FALSE
"Low","LNP_0478",50.0465349061415,-9.86003091093153,0.499809591006488,0.547913910838948,0.361295070298924,0.0907910188621282,0,109,0.323158909118528,0.0281876731133727,0.000317135327133078,1.22526622195535,1.31222788400293,1.42223533659881,5.47876835470287,449,FALSE
"Low","LNP_0491",147.143806680106,-8.25561396311969,0.105412250943482,0.464989156910488,0.397583928883304,0.137426914206207,0,109,0.320520729693904,0.031711693181674,0,1.20658451380923,1.52936858632422,1.58788587167345,4.64857579359924,450,FALSE
"Low","LNP_0249",146.739837061614,3.90041394624859,0.176286982186139,0.601514848688931,0.319953632961117,0.0785315183499519,0,109,0.31974235780349,0.0265141166591753,0,1.21179347070889,1.80667827242166,2.59242006324522,2.47375463667953,451,FALSE
"Low","LNP_0157",107.193531398661,8.18293008953333,0.126323328446597,0.46022383499512,0.413415539191818,0.126360625813062,0,109,0.318957664926871,0.0330663234863048,0.905207701599229,2.02820214869195,2.16413737018918,3.73021899708124,4.62187493942633,452,FALSE
"Low","LNP_0230",141.568353842013,-9.5429063308984,0.312374293524772,0.529626413328697,0.380515745713803,0.0898578409574997,0,109,0.318337164531914,0.0319101423672936,0,1.19308578722811,1.40156235861107,1.47367123971305,5.27084917735599,453,FALSE
"Low","LNP_0408",58.2502745790407,8.0672457581386,0.479226758517325,0.520048761372662,0.37298111705139,0.106970121575947,0,109,0.316872213280493,0.0338940397843571,0.709861684180279,1.83769641135614,1.96029658504768,3.54044408328349,4.55171485311295,454,FALSE
"Low","LNP_0454",55.819179629907,-9.12066749297082,0.146597174741328,0.46276167792398,0.449145121518902,0.0880932005571174,0,109,0.316544061597193,0.0319494194214267,0.0254744385053179,1.23540778180769,1.50152077025399,1.57003823840271,5.06672691000396,455,FALSE
"Low","LNP_0222",146.110479370691,4.35769093222916,0.308820098917931,0.501181813474814,0.424667893029858,0.074150293495328,0,109,0.316475606670581,0.028018008818564,0,1.20992074984713,1.76171330378461,2.64213769146097,2.67972442564591,456,FALSE
"Low","LNP_0024",149.42697766237,-9.25260070245713,0.257903594337404,0.555807343269417,0.350995390413906,0.0931972663166776,0,109,0.316306023505128,0.0299016335088269,0,1.19141608198259,1.44658130683205,1.50915283802553,5.16187524316115,457,FALSE
"Low","LNP_0330",141.506376164034,4.67904297634959,0.356589280255139,0.537120563365222,0.357269476112475,0.105609960522303,0,109,0.313679429116301,0.0308666699259048,0.0144136542051796,1.22407565814134,1.74878050854302,2.68476255887277,2.8557871606303,458,FALSE
"Low","LNP_0472",132.203007116914,-9.07946902792901,0.126229960471392,0.591932171634247,0.295921664038959,0.112146164326794,0,109,0.312317099228109,0.0306862519275732,0,1.20511809349481,1.52162620469422,1.55588764240418,5.04899136241046,459,FALSE
"Low","LNP_0377",127.459154208191,-9.73917940631509,0.249592845514417,0.459504963623205,0.4405050964425,0.0999899399342949,0,109,0.311707364285922,0.0306430220186028,0.000429041370569022,1.21649260344535,1.44569164207952,1.51308421808118,5.39110756401385,460,FALSE
"Low","LNP_0373",136.648331466131,5.23970646318048,0.262216608878225,0.545164577942171,0.385605002982355,0.0692304190754742,0,109,0.310673344755955,0.0290563337339856,0.169501680183108,1.38134118390497,1.87076794212817,2.90587785011377,3.1439041718187,461,FALSE
"Low","LNP_0185",109.434319403954,9.05289147980511,0.419878846220672,0.470242062932102,0.429299686561293,0.100458250506605,0,109,0.30756205389639,0.0330100634568767,0.877824573524991,1.99741470663653,2.07027871888903,3.85971463014675,5.05708689767945,462,FALSE
"Low","LNP_0453",74.0530701586977,9.1315952828154,0.385431124735624,0.468765485926017,0.322169506291227,0.209065007782756,0,109,0.306410702689678,0.0321474952986944,0.908563755293588,2.01918218300108,2.10525249401046,3.88795584290507,5.10799790647076,463,FALSE
"Low","LNP_0341",91.4735334459692,9.24842642154545,0.220894104614854,0.467141744651802,0.408198096619779,0.124660158728419,0,109,0.302452283014705,0.0321401433697501,0.951430638117289,2.06588722163801,2.18923223797311,3.96449195445347,5.14197195754231,464,FALSE
"Low","LNP_0306",98.0910829966888,9.37282335944474,0.322045522741973,0.457991957416606,0.363921391021719,0.178086651561675,0,109,0.301175142079261,0.0340302240369638,0.937605910802067,2.05194462974106,2.16400255871967,3.95382454660551,5.21284104231337,465,FALSE
"Low","LNP_0352",146.746949432418,4.5279777655378,0.101936695817858,0.527100177174924,0.388059562011658,0.0848402608134186,0,109,0.299946620069624,0.031160342401293,0,1.20225369814836,1.88902022239657,2.76869549235571,2.77302876333676,466,FALSE
"Low","LNP_0034",129.546741768718,6.32956277579069,0.152115254756063,0.519415185285425,0.337358332467505,0.143226482247071,0,109,0.298991677735422,0.0339757161698325,0.36341287131948,1.52961438618381,2.00670283640221,3.24799963953018,3.71232564086535,467,FALSE
"Low","LNP_0290",117.028203955851,8.30545251257718,0.305986253917217,0.507374677996981,0.324397207414035,0.168228114588984,0,109,0.29871384443919,0.034837447617507,0.700561397686363,1.82796654508945,2.08874733111824,3.69076555498188,4.63800558573121,468,FALSE
"Low","LNP_0121",114.789347932674,8.06801769416779,0.180873827077448,0.360817133938341,0.447702518798985,0.191480347262674,0,109,0.292195434252181,0.0335949760204411,0.664336205204874,1.79916420328208,2.13910844645657,3.68276848208169,4.57255089945639,469,FALSE
"Low","LNP_0496",149.294401612133,6.59247757401317,0.424804697744548,0.539486180355676,0.394128145777187,0.0663856738671364,1,109,0.28745188269895,0.0306304315175755,0,1.49366265788983,1.87853403804854,3.21280876965657,3.21105111744336,470,FALSE
"Low","LNP_0435",73.4819675795734,9.15339484810829,0.254770278465003,0.458820126352804,0.334350291108119,0.206829582539077,0,109,0.285887365274883,0.0309768155769176,0.78532692853278,1.92481430710296,2.16313968238455,3.91945318158122,5.10305889004544,471,FALSE
"Low","LNP_0093",84.3516472261399,9.38077727332711,0.146134963817894,0.553887788344413,0.290459128924618,0.155653082730969,0,109,0.282206089056559,0.033421434166099,0.861114263460565,2.0136644182569,2.24847354915899,4.05611892947918,5.23512494526772,472,FALSE
"Low","LNP_0106",139.035022212192,6.02859167382121,0.311762302555144,0.436096103141122,0.474986231997217,0.0889176648616612,0,109,0.272403065244522,0.0310862307880143,0.00329393556213863,1.20832973194808,1.88861908811676,3.06912670617901,3.52296825391039,473,FALSE
"Low","LNP_0477",112.714618444443,8.96237675566226,0.288001058809459,0.392232738003467,0.406696385710438,0.201070876286095,0,109,0.266939075706389,0.0315761163847054,0.624637557383983,1.74442856739527,2.16138883155064,3.8991533805813,5.00661224026884,474,FALSE
"Low","LNP_0400",149.123655585572,5.95805874560028,0.194879167340696,0.495705309257185,0.440676854315753,0.063617836427062,0,109,0.265588658943442,0.0291934965006672,0,1.20334671430164,1.96147749349455,3.11812993181273,3.48602176740657,475,FALSE
"Low","LNP_0139",147.98219173681,6.37910766527057,0.3126733308658,0.391294316594983,0.457604352498256,0.151101330906761,0,109,0.261562507748305,0.0321961070272887,0,1.2050748166131,1.91531340695516,3.18205877423912,3.713890865519,476,FALSE
"Low","LNP_0020",145.450364914723,6.30162990186363,0.211689524259418,0.531837160644021,0.335134266593741,0.133028572762238,0,109,0.259231729936072,0.0297469353193674,0,1.21119061884057,1.96059960991197,3.19217578307962,3.6631949795673,477,FALSE
"Low","LNP_0029",78.915973729454,9.78156541474164,0.207521379925311,0.524799096430819,0.342295895757037,0.132905007812144,0,109,0.256021853409896,0.0303413904588168,0.717106505444981,1.8561674484914,2.24866674441835,4.11311275594897,5.42634810932891,478,FALSE
"Low","LNP_0234",55.8478488586843,8.48957973532379,0.335482510644943,0.542047779237471,0.352215436388699,0.105736784373831,0,109,0.250485156554253,0.0321135349404914,0.360623071895185,1.5145020970349,2.08047812939549,3.74492527896494,4.76577191476478,479,FALSE
"Low","LNP_0357",116.877151746303,8.97650501225144,0.178662704490125,0.613773740034432,0.26414842671366,0.122077833251908,0,109,0.242813468708405,0.0333968908262769,0.480701299577914,1.63071187026656,2.22553901969092,3.93276048572885,5.0165053535994,480,FALSE
"Low","LNP_0431",145.310121378861,7.73725143168122,0.44788828631863,0.480002041810428,0.407452038502435,0.112545919687137,0,109,0.232966946782837,0.031443808280076,0,1.21648284581822,1.95483296488041,3.49384686446876,4.36238546560732,481,FALSE
"Low","LNP_0403",140.530958166346,7.04729200340807,0.124690509587526,0.462535796356836,0.350311279599969,0.187152924043195,0,109,0.231620865360619,0.0321158062264006,0,1.2074787258606,2.08969785313897,3.43262492074985,4.05894204592011,482,FALSE
"Low","LNP_0062",59.4840660924092,8.58701365068555,0.16921721547842,0.416283259180857,0.40865872470055,0.175058016118593,0,109,0.23129685413944,0.0324507602785399,0.293930576809128,1.45858168215626,2.17965315239823,3.82825484958921,4.78333115376434,483,FALSE
"Low","LNP_0485",143.268107902259,8.04363556671888,0.496564877685159,0.500907043952625,0.419558046902986,0.0795349091443889,0,109,0.228979588606019,0.0297734165129358,0,1.20712925436051,1.93522721728641,3.52384473222521,4.53172498277644,484,FALSE
"Low","LNP_0241",104.682615655474,9.84341238625348,0.131397172063589,0.489163197714764,0.386907938962314,0.123928863322921,0,109,0.225685613880344,0.0328090331608454,0.525606685664727,1.69007603009758,2.30643146683812,4.15767133074288,5.42988937293312,485,FALSE
"Low","LNP_0360",133.52553199511,7.78042985592037,0.295523055177182,0.540837285935115,0.309417898288207,0.149744815776677,0,109,0.225679615065576,0.0311284449476723,0.0175196956029472,1.22798758550115,2.03424966800921,3.55292976629478,4.41633965467161,486,FALSE
"Low","LNP_0143",51.0467111831531,7.76817300822586,0.129052770230919,0.591749095684397,0.349964988181249,0.0582859161343536,0,109,0.225570125658481,0.0312316750239161,0.105938599833025,1.32463264765314,2.15855482724992,3.64190108254178,4.40346783104743,487,FALSE
"Low","LNP_0382",126.082362537272,8.42130407691002,0.241891848202795,0.487290647470649,0.317914116221124,0.194795236308227,0,109,0.221420070653779,0.0296361829627406,0.150732308912798,1.33373644400659,2.12483886627731,3.76089629658648,4.70416134774354,488,FALSE
"Low","LNP_0031",146.302423253655,8.78276801202446,0.192492353729904,0.506856184194743,0.331184450570595,0.161959365234662,1,109,0.21502262578012,0.0298284927181206,0,1.49466175008768,2.1876536319122,3.85966848334168,4.33871591622691,489,FALSE
"Low","LNP_0347",148.335018078797,7.96721662394702,0.216433182917535,0.492829298075717,0.350594731483377,0.156575970440906,0,109,0.21195494904269,0.0298722181891033,0,1.23016104667034,2.12018662044138,3.65793110670391,4.50473441666375,490,FALSE
"Low","LNP_0271",137.104341364466,8.31972666084766,0.110404284205288,0.595573059149974,0.34284213166229,0.0615848091877354,0,109,0.197222178329453,0.030117605401791,0,1.21361765299383,2.19582827166954,3.79202731053495,4.66254714311599,491,FALSE
"Low","LNP_0401",148.605429730378,8.47398426383734,0.193295895028859,0.437921098113555,0.376650676137598,0.185428225748847,0,109,0.196480941004233,0.030943359722026,0,1.19892999953362,2.16554249577987,3.79996401257487,4.75325858195791,492,FALSE
"Low","LNP_0219",132.095132395625,9.89872880280018,0.17916945470497,0.534297137482,0.330266421211471,0.13543644130653,1,109,0.193284514462067,0.029939164308866,0.0680422081209669,1.56222034415145,2.28064140972072,4.16538150824515,4.89533038845684,493,FALSE
"Low","LNP_0114",144.772694003768,9.86089560668916,0.256491513364017,0.565310805693616,0.330229547079278,0.104459647227105,1,109,0.190566163637871,0.031061578005034,0,1.50298431991173,2.2344170449265,4.13374267510298,4.84017269173904,494,FALSE
"Low","LNP_0456",139.007791317999,9.25230682827532,0.419252794887871,0.427528823397705,0.408425262036736,0.164045914565559,0,109,0.190413662274788,0.0310041896651869,0,1.19850078517794,2.08420567371995,3.88281289792709,5.14670206010843,495,FALSE
"Low","LNP_0386",141.399544966407,8.85197723750025,0.17528873430565,0.539714446840633,0.274654921825898,0.185630631333468,0,109,0.185350532093081,0.0320577781742663,0,1.20575440493809,2.21306135932477,3.88104499750656,4.96209889527121,496,FALSE
"Low","LNP_0137",132.18054601457,9.07902495469898,0.252569038700312,0.42728886379098,0.372856369485368,0.199854766723653,0,109,0.183815130919414,0.0333668783810427,0,1.20368814453028,2.17695971163292,3.92656947579125,5.07454129773721,497,FALSE
"Low","LNP_0089",138.646906078793,9.54767153598368,0.422742119152099,0.470403192818061,0.396133284243799,0.133463522938139,0,109,0.182643202302089,0.0304116847635789,0,1.21189420422525,2.11663622084735,3.95379055620891,5.29006315341384,498,FALSE
"Low","LNP_0324",120.399206131697,9.82068637851626,0.242842567153275,0.498096395982315,0.342105438016573,0.159798166001112,0,109,0.177320638012151,0.0290824354289547,0.106668080523082,1.31569701314703,2.24980718013094,4.13165329813148,5.42439232343457,499,FALSE
"Low","LNP_0238",133.192756283097,9.77926822379231,0.381501524802297,0.544046223168689,0.294603598431884,0.161350178399427,0,109,0.174595195977296,0.0315935097297652,0,1.20176874129285,2.14827846548063,4.03327381790922,5.39665093652273,500,FALSE
